OrderID;LineNumber;OpportunityID;DateKey;OrderDate;CustomerID;ProductID;SellerID;Quantity;UnitPrice;DiscountPct;Revenue
SO00001;1;O00001;20250208;2025-02-08;C0671;P034;S003;1;27522.92;0.08;27853.19
SO00001;2;O00001;20250208;2025-02-08;C0671;P041;S003;1;14828.96;0.08;15006.91
SO00002;1;O00004;20250206;2025-02-06;C0111;P016;S030;1;26253.31;0.03;25465.71
SO00003;1;O00005;20250222;2025-02-22;C0061;P019;S008;2;31586.36;0.12;55592.0
SO00004;1;O00009;20250206;2025-02-06;C0060;P026;S029;1;77009.07;0.03;74698.79
SO00005;1;O00016;20250124;2025-01-24;C0118;P019;S009;1;15783.2;0.05;14994.04
SO00006;1;O00022;20250120;2025-01-20;C0500;P047;S036;1;17826.38;0.08;16400.27
SO00007;1;O00023;20250213;2025-02-13;C0507;P001;S032;1;14317.03;0;14317.03
SO00007;2;O00023;20250213;2025-02-13;C0507;P025;S032;1;18552.44;0;18552.44
SO00008;1;O00024;20250212;2025-02-12;C0269;P022;S021;1;23532.03;0;23532.03
SO00009;1;O00043;20250216;2025-02-16;C0011;P046;S022;1;69624.47;0.05;72757.57
SO00010;1;O00045;20250128;2025-01-28;C0209;P003;S017;1;23090.19;0.05;21935.68
SO00010;2;O00045;20250128;2025-01-28;C0209;P045;S017;1;41066.68;0.03;39834.68
SO00010;3;O00045;20250128;2025-01-28;C0209;P049;S017;1;37476.71;0;37476.71
SO00011;1;O00052;20250211;2025-02-11;C0123;P030;S011;1;24773.95;0;24773.95
SO00012;1;O00054;20250203;2025-02-03;C0041;P010;S005;1;113169.72;0.12;99589.35
SO00013;1;O00064;20250130;2025-01-30;C0008;P005;S013;1;232122.84;0.05;220516.7
SO00014;1;O00067;20250130;2025-01-30;C0328;P030;S032;1;15711.14;0.05;14925.59
SO00015;1;O00068;20250220;2025-02-20;C0107;P031;S013;2;15415.75;0.08;28364.98
SO00016;1;O00069;20250212;2025-02-12;C0010;P045;S038;1;157663.52;0.08;145050.44
SO00017;1;O00070;20250124;2025-01-24;C0411;P019;S030;3;8122.79;0;24368.36
SO00018;1;O00071;20250226;2025-02-26;C0522;P028;S025;1;31670.04;0.03;30719.94
SO00018;2;O00071;20250226;2025-02-26;C0522;P042;S025;1;17483.43;0.12;15385.42
SO00019;1;O00074;20250210;2025-02-10;C0292;P038;S014;3;7069.74;0.03;22630.25
SO00020;1;O00080;20250127;2025-01-27;C0226;P045;S009;1;65337.66;0.08;60110.65
SO00021;1;O00087;20250212;2025-02-12;C0415;P001;S014;1;16998.86;0.05;17763.8
SO00022;1;O00091;20250120;2025-01-20;C0009;P043;S035;3;52713.18;0.12;139162.79
SO00022;2;O00091;20250120;2025-01-20;C0009;P042;S035;1;115247.42;0.03;111790.0
SO00023;1;O00092;20250219;2025-02-19;C0292;P004;S013;1;35839.7;0.03;34764.51
SO00023;2;O00092;20250219;2025-02-19;C0292;P017;S013;1;55972.09;0.08;51494.32
SO00024;1;O00095;20250211;2025-02-11;C0039;P021;S029;1;79857.78;0.05;75864.89
SO00025;1;O00099;20250201;2025-02-01;C0202;P014;S013;1;34974.61;0.03;33925.37
SO00026;1;O00100;20250222;2025-02-22;C0528;P006;S011;1;42077.47;0.05;39973.59
SO00027;1;O00104;20250215;2025-02-15;C0648;P048;S022;1;17206.31;0;18926.94
SO00028;1;O00106;20250124;2025-01-24;C0066;P010;S033;1;81551.73;0.08;75027.59
SO00028;2;O00106;20250124;2025-01-24;C0066;P036;S033;1;59073.5;0.05;56119.83
SO00028;3;O00106;20250124;2025-01-24;C0066;P044;S033;2;20896.26;0.05;39702.89
SO00029;1;O00107;20250203;2025-02-03;C0089;P049;S019;1;85394.87;0.12;75147.49
SO00029;2;O00107;20250203;2025-02-03;C0089;P041;S019;1;62056.98;0.08;57092.42
SO00029;3;O00107;20250203;2025-02-03;C0089;P041;S019;1;72940.36;0.05;69293.34
SO00030;1;O00110;20250128;2025-01-28;C0220;P011;S036;1;21247.73;0.05;20185.34
SO00031;1;O00112;20250121;2025-01-21;C0537;P044;S035;3;6866.29;0.05;19568.92
SO00031;2;O00112;20250121;2025-01-21;C0537;P032;S035;3;5773.92;0;17321.75
SO00031;3;O00112;20250121;2025-01-21;C0537;P042;S035;1;22251.49;0;22251.49
SO00032;1;O00113;20250220;2025-02-20;C0062;P044;S030;2;18564.86;0.12;32674.15
SO00032;2;O00113;20250220;2025-02-20;C0062;P049;S030;1;42173.52;0.05;40064.85
SO00033;1;O00114;20250211;2025-02-11;C0485;P014;S012;1;18581.79;0.08;17095.25
SO00034;1;O00116;20250122;2025-01-22;C0204;P016;S014;1;21333.64;0.05;22293.66
SO00034;2;O00116;20250122;2025-01-22;C0204;P030;S014;1;20177.03;0.12;19531.37
SO00034;3;O00116;20250122;2025-01-22;C0204;P044;S014;1;16133.26;0.03;17214.19
SO00035;1;O00118;20250202;2025-02-02;C0232;P043;S034;2;19498.72;0;38997.45
SO00036;1;O00122;20250212;2025-02-12;C0016;P006;S007;1;225265.01;0.05;235401.94
SO00037;1;O00125;20250215;2025-02-15;C0088;P008;S009;1;150622.85;0.05;143091.71
SO00038;1;O00127;20250301;2025-03-01;C0206;P016;S020;1;24552.39;0.05;23324.77
SO00039;1;O00132;20250205;2025-02-05;C0290;P029;S025;1;43972.19;0;43972.19
SO00039;2;O00132;20250205;2025-02-05;C0290;P045;S025;1;44804.31;0;44804.31
SO00039;3;O00132;20250205;2025-02-05;C0290;P045;S025;1;52763.21;0.12;46431.63
SO00040;1;O00135;20250214;2025-02-14;C0265;P021;S003;1;26201.04;0.08;26515.45
SO00041;1;O00136;20250217;2025-02-17;C0687;P033;S036;1;10246.18;0;10246.18
SO00042;1;O00138;20250125;2025-01-25;C0378;P048;S014;1;20740.0;0;22814.0
SO00043;1;O00142;20250122;2025-01-22;C0523;P038;S022;3;3529.8;0.08;10716.48
SO00044;1;O00147;20250204;2025-02-04;C0373;P050;S011;1;9340.45;0.03;9060.23
SO00045;1;O00150;20250219;2025-02-19;C0215;P019;S009;2;19709.41;0.08;36265.31
SO00045;2;O00150;20250219;2025-02-19;C0215;P045;S009;1;50694.98;0.08;46639.38
SO00045;3;O00150;20250219;2025-02-19;C0215;P006;S009;1;87429.0;0.08;80434.68
SO00046;1;O00153;20250212;2025-02-12;C0016;P038;S002;2;23712.68;0;47425.35
SO00047;1;O00157;20250210;2025-02-10;C0290;P009;S029;1;83298.69;0.05;79133.76
SO00047;2;O00157;20250210;2025-02-10;C0290;P010;S029;1;69708.46;0;69708.46
SO00048;1;O00158;20250202;2025-02-02;C0081;P024;S022;1;38425.67;0.12;37196.05
SO00048;2;O00158;20250202;2025-02-02;C0081;P011;S022;1;31242.49;0.05;32648.4
SO00048;3;O00158;20250202;2025-02-02;C0081;P045;S022;1;86084.6;0.05;89958.41
SO00049;1;O00164;20250203;2025-02-03;C0473;P009;S026;1;29975.86;0.03;29076.58
SO00049;2;O00164;20250203;2025-02-03;C0473;P043;S026;3;7548.36;0.03;21965.72
SO00050;1;O00165;20250211;2025-02-11;C0249;P019;S014;3;14113.67;0.05;44246.36
SO00051;1;O00167;20250204;2025-02-04;C0024;P012;S033;1;48484.51;0.08;44605.75
SO00052;1;O00171;20250209;2025-02-09;C0152;P013;S010;1;31954.89;0.05;30357.15
SO00053;1;O00182;20250124;2025-01-24;C0173;P006;S022;1;55744.88;0;61319.37
SO00053;2;O00182;20250124;2025-01-24;C0173;P041;S022;1;24277.92;0.05;25370.43
SO00053;3;O00182;20250124;2025-01-24;C0173;P045;S022;1;50172.54;0.03;53534.1
SO00054;1;O00186;20250224;2025-02-24;C0089;P022;S040;1;74089.51;0.03;71866.83
SO00054;2;O00186;20250224;2025-02-24;C0089;P045;S040;1;136430.43;0.05;129608.91
SO00055;1;O00188;20250212;2025-02-12;C0580;P035;S008;1;25571.82;0.08;23526.07
SO00056;1;O00195;20250211;2025-02-11;C0006;P024;S011;1;85965.35;0;85965.35
SO00057;1;O00196;20250201;2025-02-01;C0267;P019;S023;1;21248.66;0.03;20611.2
SO00057;2;O00196;20250201;2025-02-01;C0267;P050;S023;3;18344.85;0.05;52282.82
SO00058;1;O00197;20250211;2025-02-11;C0209;P029;S033;1;30884.37;0.03;29957.84
SO00058;2;O00197;20250211;2025-02-11;C0209;P045;S033;1;42356.57;0.05;40238.74
SO00059;1;O00198;20250213;2025-02-13;C0137;P009;S008;1;80730.63;0;80730.63
SO00059;2;O00198;20250213;2025-02-13;C0137;P047;S008;1;28321.71;0;28321.71
SO00060;1;O00203;20250213;2025-02-13;C0259;P039;S023;2;13853.1;0;27706.21
SO00060;2;O00203;20250213;2025-02-13;C0259;P018;S023;1;36702.54;0.12;32298.23
SO00060;3;O00203;20250213;2025-02-13;C0259;P033;S023;1;19952.92;0.05;18955.27
SO00061;1;O00204;20250208;2025-02-08;C0028;P027;S025;1;94032.27;0.05;89330.66
SO00062;1;O00205;20250201;2025-02-01;C0217;P014;S015;1;40282.09;0;40282.09
SO00062;2;O00205;20250201;2025-02-01;C0217;P047;S015;1;26170.28;0.08;24076.66
SO00063;1;O00207;20250219;2025-02-19;C0023;P020;S038;1;82798.91;0.03;80314.95
SO00064;1;O00208;20250203;2025-02-03;C0416;P047;S012;1;20316.61;0.08;18691.29
SO00065;1;O00209;20250223;2025-02-23;C0524;P050;S027;3;7599.0;0.08;20973.23
SO00065;2;O00209;20250223;2025-02-23;C0524;P027;S027;1;32453.25;0;32453.25
SO00066;1;O00211;20250127;2025-01-27;C0273;P010;S029;1;55344.71;0.03;53684.37
SO00066;2;O00211;20250127;2025-01-27;C0273;P025;S029;1;22739.35;0;22739.35
SO00066;3;O00211;20250127;2025-01-27;C0273;P014;S029;1;47216.29;0.03;45799.8
SO00067;1;O00212;20250208;2025-02-08;C0296;P020;S020;1;41832.89;0.12;36812.95
SO00067;2;O00212;20250208;2025-02-08;C0296;P021;S020;1;38531.2;0.03;37375.27
SO00068;1;O00217;20250209;2025-02-09;C0056;P036;S022;1;82342.2;0.05;86047.6
SO00068;2;O00217;20250209;2025-02-09;C0056;P041;S022;1;54032.36;0.08;54680.75
SO00069;1;O00219;20250203;2025-02-03;C0006;P012;S027;1;118372.61;0;118372.61
SO00069;2;O00219;20250203;2025-02-03;C0006;P043;S027;2;57925.65;0.03;112375.76
SO00070;1;O00225;20250213;2025-02-13;C0206;P038;S013;2;6450.91;0.03;12514.76
SO00070;2;O00225;20250213;2025-02-13;C0206;P013;S013;1;33457.41;0.08;30780.82
SO00070;3;O00225;20250213;2025-02-13;C0206;P049;S013;1;39676.16;0.05;37692.35
SO00071;1;O00230;20250211;2025-02-11;C0017;P042;S017;1;195003.27;0.03;189153.18
SO00072;1;O00233;20250224;2025-02-24;C0216;P003;S012;1;22307.38;0;22307.38
SO00072;2;O00233;20250224;2025-02-24;C0216;P045;S012;1;68296.34;0.03;66247.45
SO00072;3;O00233;20250224;2025-02-24;C0216;P003;S012;1;20367.29;0.08;18737.91
SO00073;1;O00240;20250212;2025-02-12;C0684;P006;S007;1;46331.61;0.03;49435.83
SO00073;2;O00240;20250212;2025-02-12;C0684;P045;S007;1;27553.2;0.05;28793.1
SO00074;1;O00241;20250208;2025-02-08;C0336;P029;S014;1;15862.17;0;17448.39
SO00075;1;O00242;20250201;2025-02-01;C0631;P038;S036;3;3681.15;0.03;10712.15
SO00076;1;O00245;20250211;2025-02-11;C0034;P041;S008;1;40075.22;0.05;38071.46
SO00076;2;O00245;20250211;2025-02-11;C0034;P043;S008;2;25751.2;0.03;49957.32
SO00076;3;O00245;20250211;2025-02-11;C0034;P045;S008;1;80024.47;0.12;70421.54
SO00077;1;O00246;20250121;2025-01-21;C0018;P023;S034;1;131501.3;0.03;127556.26
SO00078;1;O00249;20250201;2025-02-01;C0073;P017;S022;1;168222.63;0;185044.9
SO00079;1;O00252;20250126;2025-01-26;C0349;P032;S024;1;5445.96;0.05;5173.67
SO00079;2;O00252;20250126;2025-01-26;C0349;P021;S024;1;10401.26;0.05;9881.2
SO00079;3;O00252;20250126;2025-01-26;C0349;P001;S024;1;11732.2;0;11732.2
SO00080;1;O00255;20250130;2025-01-30;C0060;P048;S029;1;48343.75;0;48343.75
SO00081;1;O00258;20250202;2025-02-02;C0408;P030;S010;1;15381.52;0.12;13535.74
SO00082;1;O00261;20250219;2025-02-19;C0064;P015;S022;1;102879.2;0;113167.13
SO00082;2;O00261;20250219;2025-02-19;C0064;P043;S022;3;23430.09;0.12;68040.99
SO00083;1;O00263;20250128;2025-01-28;C0131;P027;S038;1;31255.49;0.12;27504.83
SO00084;1;O00264;20250122;2025-01-22;C0107;P020;S009;1;42294.0;0.05;40179.3
SO00085;1;O00265;20250214;2025-02-14;C0193;P045;S022;1;55832.31;0.08;56502.3
SO00086;1;O00266;20250213;2025-02-13;C0152;P050;S010;2;11862.03;0.05;22537.85
SO00086;2;O00266;20250213;2025-02-13;C0152;P047;S010;1;22261.87;0;22261.87
SO00086;3;O00266;20250213;2025-02-13;C0152;P047;S010;1;20984.54;0.05;19935.31
SO00087;1;O00267;20250126;2025-01-26;C0031;P018;S014;1;52352.43;0.08;52980.66
SO00088;1;O00269;20250209;2025-02-09;C0230;P032;S038;1;11465.18;0;11465.18
SO00089;1;O00271;20250125;2025-01-25;C0299;P014;S022;1;25830.7;0.03;27561.35
SO00089;2;O00271;20250125;2025-01-25;C0299;P048;S022;1;25503.26;0.08;25809.3
SO00090;1;O00274;20250202;2025-02-02;C0198;P012;S007;1;26656.31;0;29321.94
SO00091;1;O00276;20250203;2025-02-03;C0030;P026;S007;1;43107.7;0.05;45047.55
SO00092;1;O00278;20250214;2025-02-14;C0405;P041;S032;1;15550.5;0.03;15083.99
SO00093;1;O00280;20250128;2025-01-28;C0518;P003;S007;1;10611.67;0;11672.83
SO00094;1;O00283;20250211;2025-02-11;C0529;P017;S017;1;52113.97;0.12;45860.3
SO00094;2;O00283;20250211;2025-02-11;C0529;P048;S017;1;16448.44;0;16448.44
SO00095;1;O00290;20250202;2025-02-02;C0410;P018;S005;1;20055.68;0;20055.68
SO00095;2;O00290;20250202;2025-02-02;C0410;P027;S005;1;29600.74;0.05;28120.7
SO00095;3;O00290;20250202;2025-02-02;C0410;P049;S005;1;26246.12;0.12;23096.59
SO00096;1;O00291;20250212;2025-02-12;C0317;P001;S039;1;18954.5;0.08;17438.14
SO00097;1;O00293;20250212;2025-02-12;C0010;P005;S040;1;169433.53;0.08;155878.85
SO00098;1;O00295;20250128;2025-01-28;C0086;P023;S010;1;84211.57;0;84211.57
SO00098;2;O00295;20250128;2025-01-28;C0086;P048;S010;1;56549.69;0.08;52025.71
SO00099;1;O00297;20250206;2025-02-06;C0083;P005;S034;1;107745.5;0.03;104513.14
SO00100;1;O00305;20250214;2025-02-14;C0072;P004;S036;1;62966.18;0.08;57928.89
SO00101;1;O00314;20250202;2025-02-02;C0067;P044;S023;2;25926.5;0.05;49260.35
SO00101;2;O00314;20250202;2025-02-02;C0067;P045;S023;1;125130.04;0;125130.04
SO00102;1;O00318;20250124;2025-01-24;C0132;P030;S026;1;13944.65;0.03;13526.31
SO00103;1;O00320;20250126;2025-01-26;C0567;P031;S015;3;8440.47;0.12;22282.85
SO00104;1;O00323;20250208;2025-02-08;C0022;P045;S013;1;91114.69;0.03;88381.25
SO00105;1;O00324;20250204;2025-02-04;C0270;P002;S022;1;60905.49;0;66996.04
SO00106;1;O00326;20250217;2025-02-17;C0201;P001;S013;1;25819.47;0.05;24528.49
SO00106;2;O00326;20250217;2025-02-17;C0201;P012;S013;1;36290.68;0.03;35201.96
SO00107;1;O00329;20250218;2025-02-18;C0280;P024;S008;1;18989.71;0.03;18420.02
SO00108;1;O00331;20250210;2025-02-10;C0080;P037;S030;2;14284.92;0.03;27712.74
SO00109;1;O00341;20250317;2025-03-17;C0153;P011;S034;1;20961.53;0;20961.53
SO00109;2;O00341;20250317;2025-03-17;C0153;P007;S034;1;29646.07;0;29646.07
SO00109;3;O00341;20250317;2025-03-17;C0153;P043;S034;3;16627.17;0.05;47387.45
SO00110;1;O00344;20250316;2025-03-16;C0072;P025;S039;1;35756.69;0.12;31465.89
SO00111;1;O00345;20250227;2025-02-27;C0597;P009;S023;1;58311.21;0;58311.21
SO00111;2;O00345;20250227;2025-02-27;C0597;P019;S023;2;10109.79;0.03;19613.0
SO00112;1;O00360;20250317;2025-03-17;C0012;P025;S029;1;56233.16;0.05;53421.5
SO00113;1;O00367;20250317;2025-03-17;C0475;P046;S017;1;15126.9;0.05;14370.55
SO00113;2;O00367;20250317;2025-03-17;C0475;P041;S017;1;13722.24;0.08;12624.46
SO00114;1;O00376;20250304;2025-03-04;C0193;P026;S040;1;43815.47;0;43815.47
SO00114;2;O00376;20250304;2025-03-04;C0193;P012;S040;1;46081.48;0.05;43777.41
SO00115;1;O00378;20250310;2025-03-10;C0640;P016;S015;1;8905.26;0.08;8192.84
SO00116;1;O00380;20250320;2025-03-20;C0004;P033;S003;1;65192.84;0.03;69560.76
SO00117;1;O00381;20250321;2025-03-21;C0072;P035;S038;1;73205.0;0.08;67348.6
SO00118;1;O00383;20250225;2025-02-25;C0008;P029;S009;1;188172.08;0.03;182526.92
SO00118;2;O00383;20250225;2025-02-25;C0008;P006;S009;1;268892.71;0;268892.71
SO00119;1;O00387;20250228;2025-02-28;C0089;P032;S038;3;18316.76;0.05;52202.75
SO00119;2;O00387;20250228;2025-02-28;C0089;P032;S038;2;25725.49;0;51450.99
SO00120;1;O00390;20250315;2025-03-15;C0607;P019;S011;2;10045.71;0.05;19086.85
SO00120;2;O00390;20250315;2025-03-15;C0607;P042;S011;1;13531.99;0.12;11908.15
SO00120;3;O00390;20250315;2025-03-15;C0607;P038;S011;1;3665.83;0.08;3372.56
SO00121;1;O00391;20250316;2025-03-16;C0059;P035;S017;1;123276.35;0.12;108483.19
SO00122;1;O00393;20250309;2025-03-09;C0385;P044;S033;3;6567.27;0;19701.82
SO00123;1;O00395;20250314;2025-03-14;C0016;P048;S004;1;115062.74;0.05;109309.61
SO00124;1;O00397;20250228;2025-02-28;C0011;P016;S010;1;55986.52;0.12;49268.13
SO00125;1;O00402;20250317;2025-03-17;C0004;P003;S025;1;87803.75;0.08;80779.45
SO00125;2;O00402;20250317;2025-03-17;C0004;P046;S025;1;77383.78;0;77383.78
SO00125;3;O00402;20250317;2025-03-17;C0004;P005;S025;1;193573.35;0;193573.35
SO00126;1;O00403;20250223;2025-02-23;C0002;P022;S010;1;80472.87;0.05;76449.22
SO00126;2;O00403;20250223;2025-02-23;C0002;P049;S010;1;136088.57;0.08;125201.48
SO00127;1;O00404;20250225;2025-02-25;C0129;P011;S025;1;20246.49;0.05;19234.16
SO00128;1;O00405;20250311;2025-03-11;C0008;P016;S014;1;82608.53;0.03;88143.3
SO00128;2;O00405;20250311;2025-03-11;C0008;P050;S014;2;50635.77;0;111398.7
SO00129;1;O00406;20250301;2025-03-01;C0037;P005;S002;1;106774.92;0.05;101436.18
SO00130;1;O00413;20250311;2025-03-11;C0050;P026;S029;1;84003.52;0.12;73923.1
SO00131;1;O00414;20250226;2025-02-26;C0242;P033;S015;1;14458.99;0.12;12723.91
SO00132;1;O00432;20250309;2025-03-09;C0071;P044;S010;2;26222.45;0.08;48249.31
SO00133;1;O00435;20250319;2025-03-19;C0149;P017;S033;1;63041.18;0.05;59889.12
SO00134;1;O00437;20250308;2025-03-08;C0552;P021;S022;1;13125.17;0.05;13715.8
SO00134;2;O00437;20250308;2025-03-08;C0552;P044;S022;1;4621.25;0.05;4829.2
SO00135;1;O00438;20250314;2025-03-14;C0220;P006;S025;1;51338.01;0.08;47230.97
SO00135;2;O00438;20250314;2025-03-14;C0220;P046;S025;1;21365.88;0.08;19656.61
SO00136;1;O00445;20250225;2025-02-25;C0212;P018;S038;1;20953.03;0.05;19905.38
SO00136;2;O00445;20250225;2025-02-25;C0212;P030;S038;1;14938.28;0;14938.28
SO00137;1;O00448;20250320;2025-03-20;C0019;P013;S024;1;165366.76;0;165366.76
SO00137;2;O00448;20250320;2025-03-20;C0019;P026;S024;1;114994.17;0.08;105794.64
SO00138;1;O00450;20250317;2025-03-17;C0065;P028;S015;1;181067.33;0;181067.33
SO00138;2;O00450;20250317;2025-03-17;C0065;P042;S015;1;73072.68;0.03;70880.5
SO00139;1;O00452;20250308;2025-03-08;C0580;P016;S014;1;7309.29;0.08;7397.0
SO00140;1;O00453;20250307;2025-03-07;C0362;P013;S009;1;22877.05;0.12;20131.8
SO00141;1;O00456;20250226;2025-02-26;C0634;P029;S022;1;25165.34;0.03;26851.42
SO00141;2;O00456;20250226;2025-02-26;C0634;P026;S022;1;19600.21;0;21560.23
SO00141;3;O00456;20250226;2025-02-26;C0634;P009;S022;1;44012.73;0.08;44540.88
SO00142;1;O00458;20250313;2025-03-13;C0069;P026;S002;1;73850.62;0;73850.62
SO00142;2;O00458;20250313;2025-03-13;C0069;P043;S002;3;27159.3;0.03;79033.56
SO00143;1;O00462;20250319;2025-03-19;C0051;P019;S022;2;32062.45;0.08;64894.4
SO00144;1;O00466;20250318;2025-03-18;C0033;P046;S010;1;50782.33;0;50782.33
SO00145;1;O00467;20250311;2025-03-11;C0354;P024;S007;1;9785.08;0.08;9902.5
SO00145;2;O00467;20250311;2025-03-11;C0354;P048;S007;1;14905.33;0.05;15576.07
SO00146;1;O00470;20250311;2025-03-11;C0162;P041;S018;1;21406.24;0.08;19693.74
SO00147;1;O00476;20250227;2025-02-27;C0056;P018;S014;1;54316.98;0.05;56761.25
SO00147;2;O00476;20250227;2025-02-27;C0056;P044;S014;2;19563.66;0.05;40888.05
SO00148;1;O00478;20250317;2025-03-17;C0156;P022;S021;1;36601.75;0.12;32209.54
SO00148;2;O00478;20250317;2025-03-17;C0156;P043;S021;2;18895.6;0.12;33256.26
SO00149;1;O00479;20250301;2025-03-01;C0087;P008;S002;1;174185.35;0.05;165476.08
SO00149;2;O00479;20250301;2025-03-01;C0087;P045;S002;1;110406.43;0.05;104886.11
SO00150;1;O00483;20250306;2025-03-06;C0632;P010;S014;1;29962.78;0.05;31311.11
SO00150;2;O00483;20250306;2025-03-06;C0632;P050;S014;1;5884.99;0.05;6149.81
SO00151;1;O00485;20250221;2025-02-21;C0346;P009;S009;1;50009.72;0;50009.72
SO00152;1;O00489;20250316;2025-03-16;C0684;P020;S017;1;32628.48;0.05;30997.06
SO00153;1;O00492;20250313;2025-03-13;C0211;P008;S014;1;99379.39;0.05;103851.46
SO00153;2;O00492;20250313;2025-03-13;C0211;P032;S014;3;13378.29;0;44148.34
SO00153;3;O00492;20250313;2025-03-13;C0211;P009;S014;1;89895.16;0.08;90973.91
SO00154;1;O00493;20250226;2025-02-26;C0261;P005;S014;1;50526.92;0.08;51133.24
SO00155;1;O00495;20250306;2025-03-06;C0246;P033;S013;1;25190.59;0.05;23931.06
SO00155;2;O00495;20250306;2025-03-06;C0246;P048;S013;1;37798.72;0.08;34774.82
SO00156;1;O00499;20250310;2025-03-10;C0185;P022;S038;1;28087.62;0.03;27244.99
SO00156;2;O00499;20250310;2025-03-10;C0185;P045;S038;1;58162.69;0;58162.69
SO00157;1;O00502;20250313;2025-03-13;C0343;P048;S003;1;11733.77;0;12907.15
SO00157;2;O00502;20250313;2025-03-13;C0343;P012;S003;1;14602.75;0.05;15259.87
SO00157;3;O00502;20250313;2025-03-13;C0343;P046;S003;1;10668.22;0;11735.04
SO00158;1;O00503;20250317;2025-03-17;C0005;P034;S020;1;104564.98;0.08;96199.78
SO00159;1;O00508;20250213;2025-02-13;C0025;P022;S002;1;59799.03;0.03;58005.06
SO00160;1;O00511;20250316;2025-03-16;C0137;P012;S028;1;44276.92;0.03;42948.62
SO00161;1;O00513;20250310;2025-03-10;C0489;P006;S022;1;30335.29;0.05;31700.38
SO00162;1;O00514;20250318;2025-03-18;C0011;P036;S024;1;116726.26;0.08;107388.16
SO00163;1;O00517;20250320;2025-03-20;C0680;P006;S012;1;44513.75;0.05;42288.07
SO00163;2;O00517;20250320;2025-03-20;C0680;P047;S012;1;17401.25;0.05;16531.19
SO00164;1;O00518;20250305;2025-03-05;C0588;P001;S014;1;10792.96;0.03;11516.09
SO00164;2;O00518;20250305;2025-03-05;C0588;P044;S014;2;6975.94;0.03;14886.66
SO00165;1;O00519;20250312;2025-03-12;C0140;P003;S014;1;17366.77;0;19103.45
SO00166;1;O00525;20250303;2025-03-03;C0070;P021;S012;1;59019.27;0.03;57248.69
SO00166;2;O00525;20250303;2025-03-03;C0070;P013;S012;1;90847.41;0.05;86305.04
SO00167;1;O00527;20250307;2025-03-07;C0055;P020;S010;1;97712.08;0.12;85986.63
SO00167;2;O00527;20250307;2025-03-07;C0055;P048;S010;1;61619.74;0.05;58538.75
SO00168;1;O00532;20250224;2025-02-24;C0209;P007;S010;1;39307.85;0.03;38128.61
SO00169;1;O00535;20250226;2025-02-26;C0204;P032;S002;1;14677.14;0.03;14236.83
SO00170;1;O00539;20250307;2025-03-07;C0160;P043;S020;3;16843.02;0;50529.06
SO00171;1;O00540;20250306;2025-03-06;C0008;P023;S013;1;273918.31;0.03;265700.76
SO00172;1;O00545;20250305;2025-03-05;C0053;P039;S029;3;18496.32;0.08;51049.84
SO00173;1;O00551;20250223;2025-02-23;C0075;P005;S003;1;98508.43;0.05;102941.31
SO00173;2;O00551;20250223;2025-02-23;C0075;P012;S003;1;43948.3;0.03;46892.83
SO00174;1;O00556;20250312;2025-03-12;C0673;P017;S034;1;45624.47;0.05;43343.25
SO00175;1;O00561;20250324;2025-03-24;C0175;P013;S009;1;39387.87;0;39387.87
SO00175;2;O00561;20250324;2025-03-24;C0175;P020;S009;1;31265.31;0.08;28764.09
SO00175;3;O00561;20250324;2025-03-24;C0175;P048;S009;1;19937.8;0.03;19339.66
SO00176;1;O00563;20250319;2025-03-19;C0616;P017;S003;1;53376.3;0.05;55778.24
SO00177;1;O00564;20250318;2025-03-18;C0624;P015;S040;1;51196.17;0.03;49660.29
SO00177;2;O00564;20250318;2025-03-18;C0624;P008;S040;1;39798.97;0.03;38605.0
SO00178;1;O00571;20250324;2025-03-24;C0019;P030;S009;1;75296.1;0.05;71531.3
SO00178;2;O00571;20250324;2025-03-24;C0019;P028;S009;1;208319.09;0.03;202069.52
SO00178;3;O00571;20250324;2025-03-24;C0019;P007;S009;1;150287.83;0.05;142773.44
SO00179;1;O00572;20250327;2025-03-27;C0256;P007;S032;1;39578.78;0.03;38391.41
SO00179;2;O00572;20250327;2025-03-27;C0256;P042;S032;1;40287.53;0.03;39078.9
SO00180;1;O00573;20250304;2025-03-04;C0088;P022;S022;1;44863.11;0.05;46881.95
SO00181;1;O00575;20250307;2025-03-07;C0079;P012;S019;1;64229.64;0.08;59091.27
SO00182;1;O00576;20250321;2025-03-21;C0002;P035;S016;1;220643.76;0.05;209611.57
SO00182;2;O00576;20250321;2025-03-21;C0002;P044;S016;3;38142.29;0.05;108705.54
SO00183;1;O00577;20250228;2025-02-28;C0016;P033;S003;1;78958.97;0.05;82512.13
SO00184;1;O00579;20250314;2025-03-14;C0418;P033;S005;1;9061.36;0.03;8789.52
SO00185;1;O00582;20250310;2025-03-10;C0083;P020;S029;1;97074.53;0.03;94162.29
SO00186;1;O00588;20250224;2025-02-24;C0068;P021;S025;1;66266.89;0.05;62953.54
SO00187;1;O00590;20250307;2025-03-07;C0149;P024;S032;1;17437.97;0.05;16566.07
SO00188;1;O00592;20250225;2025-02-25;C0026;P046;S007;1;28279.28;0.05;29551.84
SO00189;1;O00593;20250308;2025-03-08;C0059;P032;S034;3;19586.3;0.05;55820.95
SO00189;2;O00593;20250308;2025-03-08;C0059;P050;S034;2;29617.71;0.08;54496.58
SO00189;3;O00593;20250308;2025-03-08;C0059;P044;S034;2;23407.54;0.08;43069.87
SO00190;1;O00594;20250314;2025-03-14;C0284;P013;S010;1;54219.25;0.12;47712.94
SO00191;1;O00605;20250321;2025-03-21;C0002;P031;S022;2;55021.88;0.08;111364.29
SO00191;2;O00605;20250321;2025-03-21;C0002;P012;S022;1;146106.13;0.08;147859.41
SO00192;1;O00606;20250321;2025-03-21;C0101;P004;S035;1;27565.59;0.05;26187.31
SO00193;1;O00607;20250319;2025-03-19;C0029;P010;S011;1;116924.98;0.12;102893.98
SO00194;1;O00608;20250226;2025-02-26;C0015;P009;S002;1;314498.65;0.05;298773.72
SO00195;1;O00614;20250317;2025-03-17;C0235;P041;S015;1;27664.06;0.03;26834.14
SO00196;1;O00615;20250307;2025-03-07;C0071;P050;S025;1;29384.64;0.12;25858.48
SO00197;1;O00624;20250310;2025-03-10;C0087;P025;S015;1;50277.93;0.03;48769.59
SO00198;1;O00632;20250314;2025-03-14;C0008;P009;S023;1;315916.62;0.08;290643.29
SO00199;1;O00633;20250218;2025-02-18;C0672;P022;S040;1;15718.79;0.05;14932.85
SO00200;1;O00641;20250227;2025-02-27;C0165;P045;S028;1;47198.46;0.05;44838.54
SO00200;2;O00641;20250227;2025-02-27;C0165;P023;S028;1;42895.57;0.03;41608.7
SO00201;1;O00642;20250220;2025-02-20;C0013;P028;S001;1;257547.8;0;257547.8
SO00201;2;O00642;20250220;2025-02-20;C0013;P027;S001;1;172162.55;0.05;163554.43
SO00201;3;O00642;20250220;2025-02-20;C0013;P044;S001;2;36768.36;0.03;71330.61
SO00202;1;O00644;20250315;2025-03-15;C0011;P011;S029;1;78685.3;0.03;76324.74
SO00203;1;O00646;20250321;2025-03-21;C0018;P012;S014;1;109959.1;0.05;114907.26
SO00203;2;O00646;20250321;2025-03-21;C0018;P042;S014;1;107914.09;0.03;115144.33
SO00204;1;O00647;20250304;2025-03-04;C0067;P004;S023;1;74563.57;0;74563.57
SO00204;2;O00647;20250304;2025-03-04;C0067;P043;S023;3;31430.5;0;94291.5
SO00204;3;O00647;20250304;2025-03-04;C0067;P049;S023;1;58258.82;0.08;53598.12
SO00205;1;O00660;20250308;2025-03-08;C0303;P027;S007;1;24792.31;0.03;26453.39
SO00206;1;O00665;20250301;2025-03-01;C0359;P008;S022;1;25038.95;0;27542.84
SO00206;2;O00665;20250301;2025-03-01;C0359;P049;S022;1;14923.4;0.03;15923.27
SO00207;1;O00676;20250410;2025-04-10;C0028;P013;S023;1;115475.35;0.05;109701.58
SO00207;2;O00676;20250410;2025-04-10;C0028;P044;S023;3;23150.17;0.08;63894.47
SO00208;1;O00677;20250414;2025-04-14;C0075;P020;S022;1;77792.84;0.03;83004.96
SO00208;2;O00677;20250414;2025-04-14;C0075;P016;S022;1;40916.94;0.03;43658.37
SO00208;3;O00677;20250414;2025-04-14;C0075;P042;S022;1;61977.94;0.05;64766.95
SO00209;1;O00681;20250413;2025-04-13;C0515;P027;S022;1;21025.72;0.05;21971.87
SO00209;2;O00681;20250413;2025-04-13;C0515;P041;S022;1;12581.32;0.08;12732.29
SO00210;1;O00685;20250327;2025-03-27;C0021;P046;S028;1;42851.37;0.05;40708.8
SO00210;2;O00685;20250327;2025-03-27;C0021;P036;S028;1;106284.68;0.03;103096.14
SO00210;3;O00685;20250327;2025-03-27;C0021;P030;S028;1;29066.61;0.03;28194.61
SO00211;1;O00686;20250331;2025-03-31;C0680;P032;S029;1;8678.4;0.03;8418.04
SO00212;1;O00688;20250410;2025-04-10;C0155;P043;S022;3;17327.3;0;57180.08
SO00213;1;O00690;20250407;2025-04-07;C0142;P014;S015;1;37725.24;0.05;35838.98
SO00214;1;O00691;20250408;2025-04-08;C0113;P039;S023;3;10429.72;0.05;29724.7
SO00215;1;O00693;20250329;2025-03-29;C0024;P046;S030;1;54368.19;0.03;52737.14
SO00216;1;O00697;20250329;2025-03-29;C0002;P049;S024;1;149833.94;0;149833.94
SO00217;1;O00699;20250409;2025-04-09;C0011;P049;S010;1;98501.1;0.05;93576.04
SO00217;2;O00699;20250409;2025-04-09;C0011;P028;S010;1;264872.36;0.08;243682.57
SO00218;1;O00700;20250417;2025-04-17;C0069;P042;S003;1;63062.34;0.12;61044.34
SO00219;1;O00701;20250415;2025-04-15;C0613;P050;S007;1;7370.1;0.03;7863.89
SO00219;2;O00701;20250415;2025-04-15;C0613;P050;S007;3;6839.05;0.05;21440.44
SO00220;1;O00706;20250417;2025-04-17;C0242;P033;S017;1;17863.21;0.12;15719.63
SO00221;1;O00707;20250327;2025-03-27;C0101;P042;S022;1;29269.28;0.05;30586.4
SO00222;1;O00711;20250325;2025-03-25;C0053;P030;S030;1;30754.05;0.03;29831.43
SO00222;2;O00711;20250325;2025-03-25;C0053;P048;S030;1;49470.41;0.12;43533.96
SO00223;1;O00713;20250321;2025-03-21;C0639;P013;S033;1;26221.52;0.05;24910.44
SO00224;1;O00716;20250421;2025-04-21;C0630;P013;S007;1;32003.86;0.08;32387.9
SO00225;1;O00717;20250410;2025-04-10;C0014;P047;S005;1;136865.74;0.08;125916.48
SO00226;1;O00718;20250406;2025-04-06;C0179;P025;S018;1;23260.17;0.08;21399.35
SO00227;1;O00719;20250419;2025-04-19;C0506;P001;S013;1;11504.77;0.03;11159.62
SO00228;1;O00720;20250322;2025-03-22;C0018;P044;S014;1;27190.32;0.03;29012.07
SO00228;2;O00720;20250322;2025-03-22;C0018;P002;S014;1;175393.86;0;192933.24
SO00228;3;O00720;20250322;2025-03-22;C0018;P030;S014;1;65072.72;0.03;69432.59
SO00229;1;O00722;20250325;2025-03-25;C0114;P048;S022;1;28353.61;0.03;30253.3
SO00230;1;O00723;20250405;2025-04-05;C0359;P040;S025;1;8756.19;0.03;8493.5
SO00230;2;O00723;20250405;2025-04-05;C0359;P044;S025;1;5606.83;0.08;5158.28
SO00231;1;O00726;20250407;2025-04-07;C0015;P031;S035;1;55185.61;0.05;52426.33
SO00231;2;O00726;20250407;2025-04-07;C0015;P042;S035;1;167397.01;0;167397.01
SO00232;1;O00728;20250428;2025-04-28;C0117;P033;S039;1;18740.85;0.03;18178.63
SO00233;1;O00730;20250405;2025-04-05;C0241;P018;S015;1;18172.22;0.03;17627.06
SO00234;1;O00732;20250401;2025-04-01;C0042;P042;S038;1;82337.78;0;82337.78
SO00234;2;O00732;20250401;2025-04-01;C0042;P050;S038;1;26563.99;0.05;25235.79
SO00235;1;O00736;20250419;2025-04-19;C0082;P014;S010;1;51088.62;0.05;48534.19
SO00235;2;O00736;20250419;2025-04-19;C0082;P050;S010;3;24910.15;0.03;72488.54
SO00236;1;O00741;20250410;2025-04-10;C0140;P014;S009;1;49879.85;0;49879.85
SO00237;1;O00747;20250328;2025-03-28;C0274;P047;S036;1;38679.66;0;38679.66
SO00238;1;O00750;20250420;2025-04-20;C0404;P045;S038;1;16214.91;0.08;14917.72
SO00238;2;O00750;20250420;2025-04-20;C0404;P044;S038;3;5154.02;0.03;14998.2
SO00238;3;O00750;20250420;2025-04-20;C0404;P049;S038;1;14987.43;0.05;14238.06
SO00239;1;O00755;20250406;2025-04-06;C0031;P003;S022;1;44465.48;0.03;47444.67
SO00239;2;O00755;20250406;2025-04-06;C0031;P041;S022;1;50683.09;0.05;52963.83
SO00239;3;O00755;20250406;2025-04-06;C0031;P045;S022;1;91397.38;0;100537.12
SO00240;1;O00759;20250403;2025-04-03;C0620;P038;S002;2;4559.61;0.05;8663.26
SO00240;2;O00759;20250403;2025-04-03;C0620;P013;S002;1;32058.41;0.08;29493.74
SO00241;1;O00760;20250327;2025-03-27;C0265;P008;S004;1;48478.12;0.08;44599.87
SO00242;1;O00766;20250419;2025-04-19;C0273;P022;S029;1;31182.88;0;31182.88
SO00242;2;O00766;20250419;2025-04-19;C0273;P041;S029;1;33083.0;0.05;31428.85
SO00243;1;O00771;20250406;2025-04-06;C0699;P035;S014;1;32172.29;0.08;32558.36
SO00244;1;O00776;20250401;2025-04-01;C0235;P049;S005;1;39068.06;0.05;37114.65
SO00245;1;O00779;20250410;2025-04-10;C0181;P037;S024;2;6727.42;0.08;12378.44
SO00246;1;O00780;20250404;2025-04-04;C0467;P002;S003;1;20623.33;0.05;21551.38
SO00246;2;O00780;20250404;2025-04-04;C0467;P025;S003;1;7171.05;0;7888.15
SO00246;3;O00780;20250404;2025-04-04;C0467;P033;S003;1;9181.01;0;10099.11
SO00247;1;O00786;20250330;2025-03-30;C0282;P044;S022;2;10831.82;0.03;23115.1
SO00248;1;O00791;20250415;2025-04-15;C0024;P028;S032;1;150415.15;0.05;142894.39
SO00249;1;O00794;20250403;2025-04-03;C0166;P020;S005;1;40010.85;0.05;38010.31
SO00250;1;O00796;20250403;2025-04-03;C0528;P015;S009;1;35902.98;0.08;33030.74
SO00251;1;O00803;20250414;2025-04-14;C0148;P038;S012;3;6308.57;0.05;17979.43
SO00251;2;O00803;20250414;2025-04-14;C0148;P013;S012;1;51979.62;0.03;50420.23
SO00252;1;O00804;20250404;2025-04-04;C0037;P003;S019;1;26353.81;0;26353.81
SO00252;2;O00804;20250404;2025-04-04;C0037;P047;S019;1;41824.85;0;41824.85
SO00253;1;O00808;20250415;2025-04-15;C0179;P016;S033;1;29523.72;0.08;27161.82
SO00253;2;O00808;20250415;2025-04-15;C0179;P030;S033;1;18152.81;0;18152.81
SO00254;1;O00809;20250417;2025-04-17;C0066;P038;S029;3;14513.49;0.05;41363.43
SO00255;1;O00811;20250325;2025-03-25;C0468;P020;S026;1;26835.65;0.05;25493.87
SO00256;1;O00813;20250407;2025-04-07;C0337;P022;S032;1;13110.86;0.05;12455.31
SO00257;1;O00814;20250409;2025-04-09;C0061;P042;S013;1;58736.02;0.05;55799.22
SO00257;2;O00814;20250409;2025-04-09;C0061;P047;S013;1;51467.66;0;51467.66
SO00258;1;O00815;20250326;2025-03-26;C0621;P017;S002;1;44324.66;0.12;39005.7
SO00259;1;O00816;20250417;2025-04-17;C0041;P022;S008;1;37500.99;0.05;35625.94
SO00260;1;O00817;20250418;2025-04-18;C0013;P014;S007;1;147680.22;0;162448.24
SO00261;1;O00819;20250405;2025-04-05;C0215;P007;S028;1;58407.75;0.08;53735.13
SO00262;1;O00821;20250401;2025-04-01;C0365;P042;S017;1;15650.2;0.03;15180.7
SO00262;2;O00821;20250401;2025-04-01;C0365;P045;S017;1;19821.62;0;19821.62
SO00262;3;O00821;20250401;2025-04-01;C0365;P045;S017;1;24560.59;0.05;23332.56
SO00263;1;O00822;20250415;2025-04-15;C0673;P005;S023;1;30761.95;0;30761.95
SO00264;1;O00824;20250411;2025-04-11;C0555;P004;S033;1;24321.25;0.08;22375.55
SO00265;1;O00825;20250417;2025-04-17;C0157;P043;S005;2;13598.23;0.12;23932.88
SO00266;1;O00832;20250411;2025-04-11;C0382;P012;S025;1;20489.15;0.03;19874.47
SO00267;1;O00836;20250414;2025-04-14;C0541;P008;S010;1;37033.03;0;37033.03
SO00268;1;O00840;20250401;2025-04-01;C0008;P048;S022;1;108034.5;0;118837.95
SO00268;2;O00840;20250401;2025-04-01;C0008;P045;S022;1;212153.03;0.08;214698.86
SO00269;1;O00841;20250413;2025-04-13;C0044;P034;S031;1;64734.57;0.05;61497.84
SO00270;1;O00845;20250405;2025-04-05;C0425;P027;S014;1;26104.02;0.05;27278.7
SO00271;1;O00847;20250405;2025-04-05;C0155;P001;S029;1;28820.43;0.08;26514.79
SO00272;1;O00852;20250414;2025-04-14;C0267;P035;S028;1;53338.82;0.03;51738.66
SO00272;2;O00852;20250414;2025-04-14;C0267;P048;S028;1;32318.62;0.05;30702.69
SO00273;1;O00855;20250418;2025-04-18;C0293;P043;S032;1;18357.22;0;18357.22
SO00273;2;O00855;20250418;2025-04-18;C0293;P048;S032;1;32174.8;0.03;31209.55
SO00274;1;O00857;20250402;2025-04-02;C0008;P039;S009;2;47279.64;0;94559.29
SO00275;1;O00858;20250411;2025-04-11;C0008;P039;S027;3;35937.59;0.12;94875.25
SO00276;1;O00867;20250410;2025-04-10;C0323;P021;S032;1;10917.34;0;10917.34
SO00277;1;O00872;20250418;2025-04-18;C0043;P001;S006;1;67708.81;0.05;64323.37
SO00277;2;O00872;20250418;2025-04-18;C0043;P014;S006;1;64782.31;0.08;59599.72
SO00278;1;O00878;20250422;2025-04-22;C0069;P017;S021;1;170878.07;0.03;165751.73
SO00279;1;O00879;20250410;2025-04-10;C0622;P001;S013;1;10050.87;0.05;9548.32
SO00280;1;O00880;20250424;2025-04-24;C0108;P002;S022;1;39372.98;0;43310.28
SO00281;1;O00882;20250422;2025-04-22;C0007;P003;S010;1;84414.77;0.05;80194.03
SO00281;2;O00882;20250422;2025-04-22;C0007;P022;S010;1;140280.36;0.03;136071.95
SO00282;1;O00890;20250406;2025-04-06;C0028;P027;S008;1;99859.36;0.03;96863.58
SO00283;1;O00891;20250415;2025-04-15;C0529;P002;S034;1;27381.53;0.05;26012.45
SO00284;1;O00892;20250330;2025-03-30;C0153;P017;S009;1;86415.74;0.05;82094.95
SO00285;1;O00896;20250329;2025-03-29;C0223;P046;S002;1;29175.99;0.03;28300.71
SO00286;1;O00899;20250322;2025-03-22;C0119;P032;S014;3;12489.71;0.03;39979.56
SO00286;2;O00899;20250322;2025-03-22;C0119;P047;S014;1;28089.98;0.12;27191.1
SO00286;3;O00899;20250322;2025-03-22;C0119;P027;S014;1;53602.62;0.03;57194.0
SO00287;1;O00902;20250415;2025-04-15;C0060;P020;S017;1;84650.17;0.03;82110.67
SO00288;1;O00904;20250415;2025-04-15;C0624;P004;S022;1;19959.72;0;21955.69
SO00289;1;O00906;20250415;2025-04-15;C0221;P005;S017;1;44641.65;0.03;43302.4
SO00290;1;O00907;20250424;2025-04-24;C0115;P010;S001;1;63654.36;0.05;60471.64
SO00290;2;O00907;20250424;2025-04-24;C0115;P035;S001;1;48198.46;0.03;46752.51
SO00290;3;O00907;20250424;2025-04-24;C0115;P032;S001;1;8654.11;0.08;7961.78
SO00291;1;O00909;20250412;2025-04-12;C0074;P019;S022;2;26321.9;0.03;56170.92
SO00292;1;O00910;20250408;2025-04-08;C0268;P018;S004;1;33570.07;0.08;30884.46
SO00293;1;O00911;20250322;2025-03-22;C0137;P020;S009;1;50306.74;0.12;44269.93
SO00294;1;O00912;20250411;2025-04-11;C0573;P041;S026;1;14100.56;0.08;12972.52
SO00294;2;O00912;20250411;2025-04-11;C0573;P050;S026;2;6228.12;0.03;12082.55
SO00295;1;O00915;20250426;2025-04-26;C0016;P029;S001;1;146524.24;0.03;142128.52
SO00295;2;O00915;20250426;2025-04-26;C0016;P005;S001;1;162788.24;0;162788.24
SO00296;1;O00920;20250412;2025-04-12;C0204;P002;S009;1;54337.62;0.12;47817.11
SO00296;2;O00920;20250412;2025-04-12;C0204;P019;S009;3;21166.27;0;63498.81
SO00296;3;O00920;20250412;2025-04-12;C0204;P022;S009;1;24539.75;0;24539.75
SO00297;1;O00921;20250408;2025-04-08;C0536;P032;S014;2;3371.53;0;7417.37
SO00298;1;O00925;20250405;2025-04-05;C0031;P048;S009;1;44253.33;0.08;40713.07
SO00298;2;O00925;20250405;2025-04-05;C0031;P042;S009;1;60509.08;0;60509.08
SO00299;1;O00927;20250424;2025-04-24;C0544;P046;S018;1;15519.42;0.05;14743.45
SO00300;1;O00928;20250419;2025-04-19;C0181;P046;S023;1;23078.99;0.05;21925.04
SO00301;1;O00930;20250327;2025-03-27;C0073;P023;S008;1;91358.23;0.08;84049.58
SO00302;1;O00931;20250404;2025-04-04;C0227;P014;S002;1;39537.25;0.05;37560.38
SO00303;1;O00933;20250324;2025-03-24;C0066;P046;S030;1;41691.67;0;41691.67
SO00303;2;O00933;20250324;2025-03-24;C0066;P041;S030;1;51697.46;0.12;45493.77
SO00304;1;O00934;20250419;2025-04-19;C0152;P005;S024;1;49872.87;0.08;45883.04
SO00305;1;O00935;20250413;2025-04-13;C0009;P005;S039;1;155601.32;0.05;147821.25
SO00305;2;O00935;20250413;2025-04-13;C0009;P013;S039;1;131340.91;0.03;127400.68
SO00305;3;O00935;20250413;2025-04-13;C0009;P041;S039;1;75465.76;0.08;69428.5
SO00306;1;O00939;20250318;2025-03-18;C0062;P047;S029;1;36346.18;0.03;35255.79
SO00306;2;O00939;20250318;2025-03-18;C0062;P043;S029;1;29764.06;0;29764.06
SO00307;1;O00943;20250405;2025-04-05;C0157;P046;S003;1;17884.14;0;19672.55
SO00308;1;O00950;20250331;2025-03-31;C0284;P032;S025;2;10264.33;0.08;18886.36
SO00308;2;O00950;20250331;2025-03-31;C0284;P045;S025;1;61686.85;0.05;58602.51
SO00309;1;O00951;20250406;2025-04-06;C0051;P001;S023;1;46395.02;0.03;45003.17
SO00310;1;O00954;20250405;2025-04-05;C0033;P014;S011;1;78843.39;0.05;74901.22
SO00310;2;O00954;20250405;2025-04-05;C0033;P035;S011;1;124372.64;0;124372.64
SO00311;1;O00959;20250414;2025-04-14;C0054;P018;S003;1;42784.39;0.05;44709.69
SO00312;1;O00962;20250423;2025-04-23;C0003;P005;S039;1;181120.0;0.05;172064.0
SO00313;1;O00963;20250316;2025-03-16;C0036;P018;S015;1;51897.5;0;51897.5
SO00314;1;O00966;20250403;2025-04-03;C0307;P025;S021;1;11926.3;0;11926.3
SO00314;2;O00966;20250403;2025-04-03;C0307;P044;S021;1;5808.65;0.05;5518.22
SO00315;1;O00968;20250402;2025-04-02;C0252;P019;S015;2;13359.57;0.05;25383.19
SO00315;2;O00968;20250402;2025-04-02;C0252;P023;S015;1;37730.82;0;37730.82
SO00316;1;O00969;20250424;2025-04-24;C0221;P002;S014;1;47167.04;0.08;47733.04
SO00316;2;O00969;20250424;2025-04-24;C0221;P045;S014;1;56717.6;0.08;57398.21
SO00317;1;O00971;20250428;2025-04-28;C0006;P004;S028;1;139532.35;0.12;122788.47
SO00317;2;O00971;20250428;2025-04-28;C0006;P034;S028;1;123993.91;0.08;114074.4
SO00318;1;O00973;20250410;2025-04-10;C0012;P010;S030;1;137033.81;0.03;132922.8
SO00318;2;O00973;20250410;2025-04-10;C0012;P043;S030;2;42103.59;0.12;74102.31
SO00319;1;O00983;20250419;2025-04-19;C0147;P050;S011;3;10619.85;0;31859.54
SO00320;1;O00985;20250420;2025-04-20;C0176;P022;S003;1;29277.42;0;32205.17
SO00321;1;O00987;20250421;2025-04-21;C0003;P005;S035;1;179164.0;0.03;173789.08
SO00321;2;O00987;20250421;2025-04-21;C0003;P009;S035;1;345865.7;0.12;304361.81
SO00321;3;O00987;20250421;2025-04-21;C0003;P049;S035;1;186819.51;0.05;177478.53
SO00322;1;O00988;20250406;2025-04-06;C0147;P031;S022;3;10383.63;0;34265.99
SO00323;1;O00990;20250320;2025-03-20;C0198;P001;S022;1;29572.6;0.05;30903.37
SO00324;1;O00993;20250407;2025-04-07;C0659;P030;S003;1;14566.16;0;16022.78
SO00325;1;O00994;20250328;2025-03-28;C0044;P004;S030;1;67612.12;0.05;64231.52
SO00326;1;O00996;20250331;2025-03-31;C0514;P024;S002;1;13628.88;0.05;12947.44
SO00326;2;O00996;20250331;2025-03-31;C0514;P047;S002;1;19162.65;0.05;18204.52
SO00327;1;O00999;20250327;2025-03-27;C0008;P040;S005;1;117114.74;0.08;107745.56
SO00328;1;O01000;20250417;2025-04-17;C0585;P005;S010;1;20448.36;0.08;18812.49
SO00328;2;O01000;20250417;2025-04-17;C0585;P045;S010;1;29725.74;0.05;28239.45
SO00328;3;O01000;20250417;2025-04-17;C0585;P012;S010;1;12341.99;0.05;11724.89
SO00329;1;O01002;20250410;2025-04-10;C0078;P002;S039;1;101905.46;0.03;98848.29
SO00330;1;O01012;20250324;2025-03-24;C0034;P022;S023;1;31976.33;0.08;29418.23
SO00330;2;O01012;20250324;2025-03-24;C0034;P037;S023;1;9808.29;0.08;9023.63
SO00331;1;O01014;20250323;2025-03-23;C0015;P012;S038;1;168819.8;0.05;160378.81
SO00331;2;O01014;20250323;2025-03-23;C0015;P026;S038;1;101195.62;0.08;93099.97
SO00331;3;O01014;20250323;2025-03-23;C0015;P042;S038;1;208637.97;0.12;183601.41
SO00332;1;O01020;20250327;2025-03-27;C0219;P029;S023;1;36828.52;0.05;34987.09
SO00333;1;O01023;20250424;2025-04-24;C0468;P011;S009;1;15851.6;0.03;15376.05
SO00333;2;O01023;20250424;2025-04-24;C0468;P049;S009;1;19263.25;0.08;17722.19
SO00334;1;O01024;20250328;2025-03-28;C0503;P027;S003;1;20874.64;0.12;20206.65
SO00335;1;O01025;20250423;2025-04-23;C0152;P023;S025;1;43096.14;0.05;40941.33
SO00335;2;O01025;20250423;2025-04-23;C0152;P045;S025;1;47121.44;0.03;45707.8
SO00336;1;O01035;20250403;2025-04-03;C0338;P010;S009;1;29121.29;0.03;28247.65
SO00337;1;O01039;20250321;2025-03-21;C0216;P009;S008;1;74338.24;0.03;72108.1
SO00337;2;O01039;20250321;2025-03-21;C0216;P042;S008;1;46103.83;0.05;43798.64
SO00338;1;O01043;20250401;2025-04-01;C0526;P002;S040;1;26169.8;0;26169.8
SO00338;2;O01043;20250401;2025-04-01;C0526;P041;S040;1;14196.45;0.08;13060.73
SO00339;1;O01045;20250404;2025-04-04;C0694;P045;S038;1;22487.84;0.05;21363.45
SO00340;1;O01047;20250405;2025-04-05;C0670;P050;S020;3;8323.05;0.05;23720.69
SO00340;2;O01047;20250405;2025-04-05;C0670;P019;S020;1;8961.47;0.03;8692.62
SO00341;1;O01048;20250406;2025-04-06;C0018;P014;S029;1;96646.23;0.03;93746.85
SO00341;2;O01048;20250406;2025-04-06;C0018;P029;S029;1;131816.1;0.12;115998.17
SO00342;1;O01050;20250408;2025-04-08;C0152;P043;S010;3;11256.01;0.03;32754.99
SO00343;1;O01054;20250411;2025-04-11;C0585;P021;S010;1;11748.77;0.08;10808.87
SO00343;2;O01054;20250411;2025-04-11;C0585;P034;S010;1;12969.53;0;12969.53
SO00344;1;O01059;20250412;2025-04-12;C0016;P002;S015;1;200006.46;0;200006.46
SO00344;2;O01059;20250412;2025-04-12;C0016;P049;S015;1;138106.17;0.08;127057.68
SO00345;1;O01060;20250405;2025-04-05;C0167;P014;S014;1;28569.75;0.12;27655.52
SO00346;1;O01064;20250413;2025-04-13;C0182;P014;S021;1;33731.62;0;33731.62
SO00347;1;O01071;20250322;2025-03-22;C0038;P020;S022;1;50979.35;0.03;54394.96
SO00348;1;O01075;20250505;2025-05-05;C0244;P037;S023;2;6148.72;0.03;11928.51
SO00348;2;O01075;20250505;2025-05-05;C0244;P036;S023;1;59616.66;0.12;52462.66
SO00349;1;O01077;20250427;2025-04-27;C0159;P037;S022;3;5367.59;0.05;16827.41
SO00350;1;O01082;20250501;2025-05-01;C0042;P048;S007;1;46774.41;0;51451.86
SO00350;2;O01082;20250501;2025-05-01;C0042;P049;S007;1;59843.5;0.05;62536.46
SO00350;3;O01082;20250501;2025-05-01;C0042;P025;S007;1;40731.99;0.05;42564.93
SO00351;1;O01083;20250509;2025-05-09;C0294;P008;S017;1;58057.82;0.08;53413.2
SO00352;1;O01094;20250520;2025-05-20;C0217;P025;S017;1;26176.53;0.08;24082.4
SO00353;1;O01095;20250424;2025-04-24;C0269;P047;S017;1;26963.41;0.12;23727.8
SO00354;1;O01099;20250429;2025-04-29;C0033;P048;S014;1;71840.55;0.05;75073.37
SO00355;1;O01102;20250513;2025-05-13;C0018;P001;S029;1;71314.82;0.05;67749.08
SO00355;2;O01102;20250513;2025-05-13;C0018;P041;S029;1;80588.74;0;80588.74
SO00356;1;O01104;20250506;2025-05-06;C0006;P014;S023;1;105816.6;0.08;97351.27
SO00357;1;O01106;20250518;2025-05-18;C0373;P012;S009;1;27289.79;0.03;26471.1
SO00357;2;O01106;20250518;2025-05-18;C0373;P050;S009;1;8576.75;0.08;7890.61
SO00358;1;O01107;20250423;2025-04-23;C0037;P020;S002;1;69927.22;0.03;67829.4
SO00358;2;O01107;20250423;2025-04-23;C0037;P042;S002;1;72690.63;0.03;70509.91
SO00359;1;O01119;20250422;2025-04-22;C0181;P014;S014;1;30726.18;0.12;29742.94
SO00360;1;O01120;20250508;2025-05-08;C0167;P043;S015;3;14453.99;0.03;42061.12
SO00360;2;O01120;20250508;2025-05-08;C0167;P044;S015;3;10405.97;0.12;27471.76
SO00361;1;O01121;20250422;2025-04-22;C0371;P011;S023;1;7386.72;0.08;6795.78
SO00361;2;O01121;20250422;2025-04-22;C0371;P043;S023;2;8866.09;0.03;17200.22
SO00362;1;O01124;20250505;2025-05-05;C0081;P024;S014;1;39203.03;0.03;41829.63
SO00362;2;O01124;20250505;2025-05-05;C0081;P033;S014;1;39075.42;0.08;39544.33
SO00363;1;O01126;20250507;2025-05-07;C0341;P025;S011;1;11142.98;0;11142.98
SO00363;2;O01126;20250507;2025-05-07;C0341;P037;S011;2;3374.19;0.03;6545.94
SO00364;1;O01127;20250506;2025-05-06;C0505;P003;S022;1;9480.61;0;10428.67
SO00364;2;O01127;20250506;2025-05-06;C0505;P014;S022;1;16825.33;0.05;17582.47
SO00365;1;O01128;20250507;2025-05-07;C0083;P031;S033;2;24139.92;0.08;44417.45
SO00365;2;O01128;20250507;2025-05-07;C0083;P035;S033;1;141778.68;0.08;130436.38
SO00366;1;O01130;20250504;2025-05-04;C0124;P012;S030;1;32746.14;0;32746.14
SO00367;1;O01136;20250429;2025-04-29;C0513;P016;S040;1;9440.7;0.03;9157.48
SO00368;1;O01138;20250504;2025-05-04;C0100;P015;S014;1;69228.73;0.03;73867.06
SO00369;1;O01140;20250514;2025-05-14;C0481;P032;S010;1;4214.91;0.05;4004.16
SO00370;1;O01141;20250504;2025-05-04;C0001;P009;S007;1;260726.02;0.05;272458.7
SO00370;2;O01141;20250504;2025-05-04;C0001;P047;S007;1;84258.35;0.08;85269.45
SO00371;1;O01142;20250517;2025-05-17;C0030;P019;S003;1;26126.71;0.12;25290.65
SO00372;1;O01143;20250428;2025-04-28;C0145;P019;S023;3;12090.04;0.03;35182.0
SO00372;2;O01143;20250428;2025-04-28;C0145;P049;S023;1;32059.42;0.08;29494.66
SO00373;1;O01148;20250504;2025-05-04;C0050;P050;S033;1;28284.35;0.03;27435.82
SO00373;2;O01148;20250504;2025-05-04;C0050;P041;S033;1;67934.36;0.05;64537.64
SO00373;3;O01148;20250504;2025-05-04;C0050;P028;S033;1;173898.23;0.08;159986.37
SO00374;1;O01149;20250517;2025-05-17;C0135;P047;S004;1;22406.49;0;22406.49
SO00375;1;O01151;20250516;2025-05-16;C0242;P014;S008;1;26684.18;0.08;24549.45
SO00376;1;O01153;20250514;2025-05-14;C0178;P033;S010;1;27059.26;0.08;24894.52
SO00377;1;O01160;20250429;2025-04-29;C0009;P010;S035;1;190167.71;0.08;174954.29
SO00377;2;O01160;20250429;2025-04-29;C0009;P002;S035;1;130390.06;0;130390.06
SO00378;1;O01164;20250506;2025-05-06;C0083;P012;S032;1;73671.35;0.05;69987.78
SO00378;2;O01164;20250506;2025-05-06;C0083;P029;S032;1;91716.33;0.05;87130.51
SO00379;1;O01165;20250514;2025-05-14;C0040;P045;S015;1;73522.13;0;73522.13
SO00380;1;O01167;20250429;2025-04-29;C0249;P019;S025;1;13510.0;0.08;12429.2
SO00381;1;O01168;20250503;2025-05-03;C0608;P026;S036;1;17916.17;0.05;17020.36
SO00381;2;O01168;20250503;2025-05-03;C0608;P050;S036;3;8457.53;0;25372.58
SO00382;1;O01170;20250502;2025-05-02;C0085;P047;S014;1;57034.59;0.03;60855.91
SO00382;2;O01170;20250502;2025-05-02;C0085;P044;S014;1;17192.01;0.08;17398.31
SO00382;3;O01170;20250502;2025-05-02;C0085;P045;S014;1;69085.93;0.03;73714.69
SO00383;1;O01171;20250503;2025-05-03;C0001;P024;S032;1;68270.37;0.05;64856.85
SO00383;2;O01171;20250503;2025-05-03;C0001;P001;S032;1;99189.35;0.08;91254.2
SO00384;1;O01173;20250511;2025-05-11;C0104;P002;S014;1;52832.02;0;58115.22
SO00384;2;O01173;20250511;2025-05-11;C0104;P038;S014;2;8342.3;0;18353.06
SO00385;1;O01174;20250428;2025-04-28;C0055;P005;S023;1;93072.42;0.03;90280.24
SO00385;2;O01174;20250428;2025-04-28;C0055;P037;S023;1;13835.77;0.12;12175.48
SO00385;3;O01174;20250428;2025-04-28;C0055;P047;S023;1;66273.81;0.03;64285.6
SO00386;1;O01181;20250508;2025-05-08;C0029;P007;S013;1;74904.96;0.05;71159.71
SO00387;1;O01184;20250507;2025-05-07;C0395;P026;S007;1;26522.13;0.05;27715.63
SO00387;2;O01184;20250507;2025-05-07;C0395;P041;S007;1;18513.25;0.03;19753.64
SO00387;3;O01184;20250507;2025-05-07;C0395;P005;S007;1;32884.11;0.05;34363.89
SO00388;1;O01186;20250501;2025-05-01;C0012;P008;S033;1;249181.05;0.05;236722.0
SO00389;1;O01191;20250504;2025-05-04;C0042;P014;S003;1;60346.69;0.08;61070.85
SO00389;2;O01191;20250504;2025-05-04;C0042;P049;S003;1;78644.91;0;86509.4
SO00390;1;O01197;20250501;2025-05-01;C0015;P012;S037;1;136529.84;0.08;125607.46
SO00390;2;O01197;20250501;2025-05-01;C0015;P027;S037;1;148941.31;0;148941.31
SO00391;1;O01198;20250512;2025-05-12;C0288;P023;S009;1;37425.25;0.05;35553.98
SO00391;2;O01198;20250512;2025-05-12;C0288;P019;S009;3;15200.02;0.12;40128.06
SO00391;3;O01198;20250512;2025-05-12;C0288;P041;S009;1;20478.45;0.08;18840.18
SO00392;1;O01207;20250427;2025-04-27;C0371;P049;S009;1;17691.88;0.08;16276.53
SO00392;2;O01207;20250427;2025-04-27;C0371;P013;S009;1;16380.51;0.05;15561.49
SO00392;3;O01207;20250427;2025-04-27;C0371;P043;S009;2;8136.58;0.05;15459.5
SO00393;1;O01210;20250503;2025-05-03;C0103;P025;S026;1;28392.28;0.05;26972.66
SO00393;2;O01210;20250503;2025-05-03;C0103;P046;S026;1;23866.86;0.03;23150.85
SO00394;1;O01211;20250517;2025-05-17;C0165;P007;S003;1;37846.53;0.05;39549.62
SO00395;1;O01215;20250501;2025-05-01;C0143;P003;S035;1;20148.42;0.05;19141.0
SO00395;2;O01215;20250501;2025-05-01;C0143;P046;S035;1;28219.35;0.05;26808.38
SO00396;1;O01220;20250514;2025-05-14;C0048;P045;S039;1;117829.92;0;117829.92
SO00397;1;O01224;20250505;2025-05-05;C0160;P030;S015;1;17420.43;0.08;16026.79
SO00398;1;O01226;20250517;2025-05-17;C0254;P048;S034;1;23956.22;0.05;22758.4
SO00398;2;O01226;20250517;2025-05-17;C0254;P021;S034;1;22854.62;0.05;21711.89
SO00399;1;O01230;20250506;2025-05-06;C0620;P028;S002;1;40238.03;0.08;37018.99
SO00400;1;O01232;20250427;2025-04-27;C0472;P015;S027;1;30761.41;0;30761.41
SO00401;1;O01236;20250507;2025-05-07;C0103;P020;S022;1;44226.45;0.08;44757.16
SO00402;1;O01237;20250521;2025-05-21;C0679;P007;S007;1;26074.79;0.08;26387.69
SO00403;1;O01242;20250506;2025-05-06;C0149;P045;S029;1;48203.97;0.08;44347.66
SO00404;1;O01245;20250508;2025-05-08;C0007;P015;S028;1;303952.71;0;303952.71
SO00405;1;O01248;20250520;2025-05-20;C0072;P004;S039;1;60172.14;0.08;55358.37
SO00406;1;O01249;20250518;2025-05-18;C0424;P026;S011;1;14115.62;0.12;12421.74
SO00406;2;O01249;20250518;2025-05-18;C0424;P035;S011;1;20201.32;0;20201.32
SO00407;1;O01254;20250428;2025-04-28;C0002;P048;S029;1;92778.13;0;92778.13
SO00408;1;O01261;20250512;2025-05-12;C0047;P007;S033;1;88575.74;0;88575.74
SO00409;1;O01264;20250420;2025-04-20;C0044;P009;S033;1;114123.94;0.12;100429.07
SO00410;1;O01268;20250429;2025-04-29;C0421;P049;S005;1;20935.8;0.12;18423.5
SO00411;1;O01269;20250527;2025-05-27;C0008;P047;S013;1;117479.82;0.03;113955.42
SO00412;1;O01272;20250501;2025-05-01;C0213;P024;S004;1;20198.83;0;20198.83
SO00412;2;O01272;20250501;2025-05-01;C0213;P004;S004;1;42075.39;0.03;40813.13
SO00413;1;O01276;20250503;2025-05-03;C0085;P007;S014;1;71116.96;0.05;74317.22
SO00414;1;O01282;20250524;2025-05-24;C0106;P034;S033;1;21586.72;0.03;20939.12
SO00414;2;O01282;20250524;2025-05-24;C0106;P011;S033;1;15806.71;0.05;15016.37
SO00415;1;O01283;20250518;2025-05-18;C0417;P046;S036;1;12864.9;0;12864.9
SO00416;1;O01286;20250502;2025-05-02;C0004;P046;S003;1;72372.32;0.08;73240.79
SO00416;2;O01286;20250502;2025-05-02;C0004;P032;S003;1;28224.44;0.03;30115.48
SO00417;1;O01297;20250503;2025-05-03;C0319;P001;S008;1;14962.96;0;14962.96
SO00418;1;O01301;20250430;2025-04-30;C0488;P018;S022;1;12644.6;0.05;13213.61
SO00419;1;O01302;20250521;2025-05-21;C0471;P006;S012;1;29296.9;0.05;27832.06
SO00419;2;O01302;20250521;2025-05-21;C0471;P044;S012;3;5680.56;0.05;16189.6
SO00420;1;O01304;20250512;2025-05-12;C0031;P027;S013;1;62913.63;0.05;59767.95
SO00421;1;O01310;20250507;2025-05-07;C0276;P015;S021;1;82728.59;0;82728.59
SO00421;2;O01310;20250507;2025-05-07;C0276;P039;S021;2;10344.57;0.12;18206.44
SO00422;1;O01319;20250505;2025-05-05;C0110;P029;S007;1;41310.47;0.03;44078.27
SO00423;1;O01324;20250504;2025-05-04;C0069;P007;S018;1;57559.02;0.08;52954.3
SO00424;1;O01327;20250429;2025-04-29;C0003;P047;S036;1;126678.44;0.03;122878.09
SO00425;1;O01330;20250505;2025-05-05;C0014;P043;S003;1;77702.28;0.03;82908.33
SO00426;1;O01334;20250516;2025-05-16;C0476;P002;S005;1;29337.37;0.05;27870.5
SO00427;1;O01339;20250503;2025-05-03;C0006;P016;S008;1;87394.06;0.03;84772.24
SO00428;1;O01347;20250505;2025-05-05;C0169;P016;S004;1;17077.84;0;17077.84
SO00428;2;O01347;20250505;2025-05-05;C0169;P047;S004;1;26983.79;0.03;26174.28
SO00429;1;O01350;20250509;2025-05-09;C0083;P046;S034;1;55504.48;0.12;48843.94
SO00429;2;O01350;20250509;2025-05-09;C0083;P042;S034;1;76876.2;0.08;70726.11
SO00430;1;O01353;20250509;2025-05-09;C0067;P045;S014;1;113655.15;0.12;110018.19
SO00430;2;O01353;20250509;2025-05-09;C0067;P026;S014;1;86657.74;0;95323.52
SO00430;3;O01353;20250509;2025-05-09;C0067;P045;S014;1;115480.82;0.05;120677.46
SO00431;1;O01355;20250507;2025-05-07;C0593;P045;S012;1;30912.86;0.05;29367.22
SO00432;1;O01366;20250503;2025-05-03;C0205;P017;S027;1;78915.87;0.05;74970.08
SO00433;1;O01372;20250508;2025-05-08;C0181;P050;S009;3;12767.83;0.12;33707.07
SO00434;1;O01374;20250501;2025-05-01;C0004;P015;S001;1;215883.85;0.08;198613.15
SO00434;2;O01374;20250501;2025-05-01;C0004;P039;S001;2;30879.06;0.12;54347.14
SO00435;1;O01376;20250513;2025-05-13;C0012;P050;S033;1;49699.78;0.05;47214.79
SO00436;1;O01380;20250426;2025-04-26;C0552;P045;S022;1;20574.02;0.03;21952.48
SO00437;1;O01381;20250508;2025-05-08;C0076;P001;S003;1;33916.36;0;37307.99
SO00438;1;O01386;20250508;2025-05-08;C0126;P045;S032;1;41384.0;0.03;40142.48
SO00439;1;O01393;20250512;2025-05-12;C0022;P004;S014;1;92754.08;0.12;89785.95
SO00440;1;O01395;20250504;2025-05-04;C0230;P047;S038;1;24448.18;0.05;23225.77
SO00441;1;O01397;20250512;2025-05-12;C0007;P031;S012;2;38322.16;0;76644.32
SO00442;1;O01398;20250505;2025-05-05;C0167;P003;S007;1;13830.58;0.05;14452.96
SO00442;2;O01398;20250505;2025-05-05;C0167;P036;S007;1;25462.94;0.05;26608.78
SO00442;3;O01398;20250505;2025-05-05;C0167;P048;S007;1;18432.6;0.03;19667.58
SO00443;1;O01408;20250526;2025-05-26;C0477;P024;S002;1;10797.67;0.03;10473.74
SO00444;1;O01409;20250505;2025-05-05;C0484;P022;S003;1;13053.3;0;14358.63
SO00444;2;O01409;20250505;2025-05-05;C0484;P018;S003;1;10483.07;0.05;10954.81
SO00445;1;O01411;20250514;2025-05-14;C0238;P020;S009;1;37031.01;0.05;35179.46
SO00445;2;O01411;20250514;2025-05-14;C0238;P030;S009;1;22436.82;0.03;21763.72
SO00446;1;O01420;20250501;2025-05-01;C0262;P040;S003;1;35393.65;0;38933.01
SO00446;2;O01420;20250501;2025-05-01;C0262;P044;S003;1;12549.03;0.08;12699.61
SO00447;1;O01423;20250428;2025-04-28;C0019;P036;S009;1;123374.53;0.05;117205.81
SO00448;1;O01424;20250423;2025-04-23;C0691;P020;S015;1;19737.25;0;19737.25
SO00449;1;O01429;20250506;2025-05-06;C0209;P013;S028;1;46398.16;0.08;42686.31
SO00450;1;O01430;20250518;2025-05-18;C0092;P014;S003;1;39964.74;0.05;41763.16
SO00451;1;O01431;20250523;2025-05-23;C0335;P026;S010;1;25792.94;0.03;25019.15
SO00452;1;O01434;20250510;2025-05-10;C0052;P005;S015;1;75309.01;0.05;71543.56
SO00452;2;O01434;20250510;2025-05-10;C0052;P050;S015;3;20378.13;0.08;56243.64
SO00453;1;O01435;20250513;2025-05-13;C0652;P040;S003;1;16536.07;0.12;16006.91
SO00454;1;O01437;20250507;2025-05-07;C0058;P008;S008;1;174481.16;0;174481.16
SO00455;1;O01438;20250427;2025-04-27;C0057;P034;S015;1;59559.86;0.08;54795.07
SO00455;2;O01438;20250427;2025-04-27;C0057;P043;S015;2;40456.33;0;80912.66
SO00456;1;O01439;20250520;2025-05-20;C0028;P046;S023;1;52288.96;0.05;49674.51
SO00457;1;O01444;20250502;2025-05-02;C0689;P025;S006;1;17211.11;0.05;16350.55
SO00457;2;O01444;20250502;2025-05-02;C0689;P049;S006;1;19918.55;0;19918.55
SO00458;1;O01445;20250427;2025-04-27;C0149;P001;S029;1;24262.26;0.05;23049.15
SO00458;2;O01445;20250427;2025-04-27;C0149;P033;S029;1;18893.66;0;18893.66
SO00459;1;O01450;20250504;2025-05-04;C0163;P001;S007;1;22063.1;0.03;23541.32
SO00459;2;O01450;20250504;2025-05-04;C0163;P045;S007;1;57026.57;0.05;59592.76
SO00460;1;O01459;20250424;2025-04-24;C0379;P038;S028;1;2461.0;0.03;2387.17
SO00460;2;O01459;20250424;2025-04-24;C0379;P038;S028;3;2850.65;0.08;7867.8
SO00461;1;O01463;20250505;2025-05-05;C0279;P003;S040;1;21195.88;0.03;20560.0
SO00461;2;O01463;20250505;2025-05-05;C0279;P025;S040;1;21273.37;0.03;20635.17
SO00462;1;O01464;20250521;2025-05-21;C0267;P016;S024;1;24436.24;0;24436.24
SO00463;1;O01465;20250517;2025-05-17;C0414;P023;S008;1;34100.36;0.05;32395.34
SO00464;1;O01468;20250422;2025-04-22;C0073;P006;S028;1;125515.84;0.03;121750.37
SO00465;1;O01471;20250423;2025-04-23;C0013;P049;S007;1;110284.88;0.08;111608.3
SO00465;2;O01471;20250423;2025-04-23;C0013;P043;S007;3;61573.77;0;203193.44
SO00466;1;O01472;20250513;2025-05-13;C0017;P001;S021;1;84315.46;0.08;77570.23
SO00467;1;O01474;20250514;2025-05-14;C0019;P008;S034;1;240197.94;0.08;220982.1
SO00467;2;O01474;20250514;2025-05-14;C0019;P008;S034;1;286189.67;0;286189.67
SO00468;1;O01477;20250504;2025-05-04;C0058;P045;S009;1;111356.39;0.05;105788.57
SO00469;1;O01480;20250621;2025-06-21;C0074;P049;S022;1;51164.05;0.05;53466.43
SO00469;2;O01480;20250621;2025-06-21;C0074;P012;S022;1;62705.69;0.08;63458.15
SO00470;1;O01484;20250610;2025-06-10;C0580;P011;S023;1;10479.59;0.03;10165.2
SO00470;2;O01484;20250610;2025-06-10;C0580;P008;S023;1;39103.24;0.12;34410.85
SO00471;1;O01488;20250602;2025-06-02;C0583;P007;S030;1;17135.13;0.08;15764.32
SO00472;1;O01489;20250524;2025-05-24;C0027;P013;S004;1;70775.4;0;70775.4
SO00473;1;O01492;20250524;2025-05-24;C0086;P017;S027;1;144797.05;0;144797.05
SO00473;2;O01492;20250524;2025-05-24;C0086;P027;S027;1;68205.0;0;68205.0
SO00473;3;O01492;20250524;2025-05-24;C0086;P045;S027;1;72372.89;0.05;68754.25
SO00474;1;O01493;20250612;2025-06-12;C0006;P042;S025;1;114929.16;0.12;101137.66
SO00475;1;O01496;20250606;2025-06-06;C0509;P020;S013;1;15910.16;0;15910.16
SO00475;2;O01496;20250606;2025-06-06;C0509;P031;S013;3;7482.34;0.05;21324.67
SO00475;3;O01496;20250606;2025-06-06;C0509;P049;S013;1;19613.29;0.05;18632.62
SO00476;1;O01499;20250608;2025-06-08;C0006;P002;S013;1;162008.7;0.12;142567.66
SO00476;2;O01499;20250608;2025-06-08;C0006;P002;S013;1;193722.7;0.08;178224.89
SO00477;1;O01504;20250616;2025-06-16;C0154;P021;S026;1;31588.26;0;31588.26
SO00477;2;O01504;20250616;2025-06-16;C0154;P012;S026;1;37700.31;0.08;34684.28
SO00478;1;O01508;20250603;2025-06-03;C0512;P040;S005;1;13808.98;0.03;13394.72
SO00478;2;O01508;20250603;2025-06-03;C0512;P004;S005;1;30350.17;0;30350.17
SO00478;3;O01508;20250603;2025-06-03;C0512;P005;S005;1;38072.85;0;38072.85
SO00479;1;O01517;20250523;2025-05-23;C0650;P035;S009;1;23147.44;0;23147.44
SO00480;1;O01520;20250519;2025-05-19;C0099;P027;S040;1;34968.72;0;34968.72
SO00480;2;O01520;20250519;2025-05-19;C0099;P009;S040;1;67100.7;0.03;65087.68
SO00480;3;O01520;20250519;2025-05-19;C0099;P049;S040;1;33161.7;0.05;31503.61
SO00481;1;O01521;20250607;2025-06-07;C0505;P034;S032;1;15733.04;0;15733.04
SO00481;2;O01521;20250607;2025-06-07;C0505;P003;S032;1;11486.13;0.05;10911.82
SO00481;3;O01521;20250607;2025-06-07;C0505;P036;S032;1;22277.21;0.08;20495.04
SO00482;1;O01523;20250612;2025-06-12;C0516;P008;S012;1;56178.61;0;56178.61
SO00483;1;O01524;20250605;2025-06-05;C0004;P005;S017;1;189066.28;0.03;183394.29
SO00483;2;O01524;20250605;2025-06-05;C0004;P036;S017;1;146017.12;0.05;138716.26
SO00484;1;O01528;20250612;2025-06-12;C0035;P048;S040;1;57333.59;0.05;54466.91
SO00484;2;O01528;20250612;2025-06-12;C0035;P049;S040;1;67301.55;0.12;59225.36
SO00485;1;O01534;20250606;2025-06-06;C0088;P008;S013;1;117048.51;0.12;103002.69
SO00486;1;O01538;20250526;2025-05-26;C0437;P016;S014;1;12868.44;0;14155.29
SO00486;2;O01538;20250526;2025-05-26;C0437;P017;S014;1;64651.51;0;71116.66
SO00487;1;O01539;20250601;2025-06-01;C0173;P003;S015;1;16657.83;0.08;15325.2
SO00487;2;O01539;20250601;2025-06-01;C0173;P001;S015;1;17893.67;0.03;17356.86
SO00487;3;O01539;20250601;2025-06-01;C0173;P040;S015;1;25477.97;0;25477.97
SO00488;1;O01542;20250611;2025-06-11;C0096;P047;S038;1;35709.75;0.03;34638.46
SO00488;2;O01542;20250611;2025-06-11;C0096;P002;S038;1;50854.52;0;50854.52
SO00489;1;O01544;20250531;2025-05-31;C0178;P039;S035;1;9343.8;0.03;9063.49
SO00490;1;O01547;20250602;2025-06-02;C0143;P027;S017;1;51136.58;0.05;48579.75
SO00491;1;O01551;20250614;2025-06-14;C0067;P008;S013;1;181259.92;0;181259.92
SO00491;2;O01551;20250614;2025-06-14;C0067;P050;S013;2;30106.41;0.05;57202.18
SO00492;1;O01555;20250519;2025-05-19;C0077;P050;S007;3;24999.97;0;82499.89
SO00492;2;O01555;20250519;2025-05-19;C0077;P046;S007;1;65392.55;0.12;63299.99
SO00493;1;O01557;20250528;2025-05-28;C0014;P015;S015;1;240402.44;0.12;211554.15
SO00493;2;O01557;20250528;2025-05-28;C0014;P024;S015;1;93591.0;0.03;90783.27
SO00493;3;O01557;20250528;2025-05-28;C0014;P042;S015;1;122161.98;0;122161.98
SO00494;1;O01561;20250616;2025-06-16;C0636;P008;S011;1;36235.6;0;36235.6
SO00495;1;O01564;20250527;2025-05-27;C0170;P014;S009;1;48567.9;0.05;46139.51
SO00496;1;O01567;20250531;2025-05-31;C0266;P006;S015;1;52911.6;0.08;48678.67
SO00496;2;O01567;20250531;2025-05-31;C0266;P043;S015;3;17943.4;0;53830.19
SO00497;1;O01569;20250527;2025-05-27;C0401;P028;S007;1;48142.79;0.03;51368.35
SO00497;2;O01569;20250527;2025-05-27;C0401;P044;S007;1;5643.44;0.05;5897.39
SO00498;1;O01577;20250606;2025-06-06;C0274;P032;S036;3;14972.94;0.03;43571.25
SO00499;1;O01578;20250602;2025-06-02;C0250;P041;S038;1;30229.33;0.05;28717.86
SO00500;1;O01581;20250615;2025-06-15;C0132;P033;S027;1;19846.66;0.03;19251.26
SO00500;2;O01581;20250615;2025-06-15;C0132;P023;S027;1;51429.56;0.05;48858.08
SO00501;1;O01583;20250612;2025-06-12;C0014;P007;S030;1;124527.53;0.05;118301.16
SO00502;1;O01585;20250603;2025-06-03;C0014;P039;S007;1;42439.57;0.05;44349.36
SO00503;1;O01586;20250622;2025-06-22;C0240;P016;S010;1;23594.85;0.03;22887.0
SO00504;1;O01588;20250609;2025-06-09;C0156;P002;S003;1;56166.05;0.05;58693.53
SO00505;1;O01595;20250601;2025-06-01;C0080;P039;S014;2;19641.63;0.12;38026.19
SO00506;1;O01598;20250531;2025-05-31;C0039;P002;S034;1;76998.84;0;76998.84
SO00506;2;O01598;20250531;2025-05-31;C0039;P046;S034;1;41684.14;0.05;39599.93
SO00507;1;O01601;20250527;2025-05-27;C0019;P025;S016;1;102701.03;0.05;97565.98
SO00508;1;O01604;20250605;2025-06-05;C0244;P007;S010;1;55346.56;0.03;53686.17
SO00508;2;O01604;20250605;2025-06-05;C0244;P047;S010;1;28329.61;0.03;27479.73
SO00509;1;O01606;20250601;2025-06-01;C0010;P031;S022;3;36092.82;0.05;113150.99
SO00509;2;O01606;20250601;2025-06-01;C0010;P004;S022;1;102297.41;0.05;106900.79
SO00510;1;O01607;20250604;2025-06-04;C0129;P045;S023;1;48064.98;0;48064.98
SO00511;1;O01609;20250622;2025-06-22;C0128;P003;S033;1;18437.62;0.08;16962.61
SO00512;1;O01610;20250615;2025-06-15;C0128;P017;S032;1;92509.89;0.12;81408.71
SO00513;1;O01611;20250604;2025-06-04;C0250;P039;S013;2;14171.52;0.03;27492.75
SO00513;2;O01611;20250604;2025-06-04;C0250;P006;S013;1;70178.36;0.12;61756.96
SO00514;1;O01612;20250626;2025-06-26;C0118;P045;S030;1;53585.4;0.05;50906.13
SO00515;1;O01613;20250613;2025-06-13;C0111;P001;S030;1;36843.26;0.08;33895.8
SO00515;2;O01613;20250613;2025-06-13;C0111;P044;S030;1;11303.31;0.05;10738.14
SO00516;1;O01618;20250608;2025-06-08;C0014;P033;S007;1;54358.92;0.03;58000.97
SO00516;2;O01618;20250608;2025-06-08;C0014;P049;S007;1;121058.35;0.05;126505.97
SO00517;1;O01622;20250622;2025-06-22;C0658;P022;S005;1;10861.88;0;10861.88
SO00517;2;O01622;20250622;2025-06-22;C0658;P041;S005;1;11929.86;0.08;10975.47
SO00518;1;O01630;20250613;2025-06-13;C0426;P039;S003;3;2989.74;0.12;8682.19
SO00518;2;O01630;20250613;2025-06-13;C0426;P007;S003;1;16302.49;0;17932.73
SO00519;1;O01634;20250522;2025-05-22;C0393;P009;S023;1;31005.66;0.03;30075.49
SO00519;2;O01634;20250522;2025-05-22;C0393;P046;S023;1;12405.72;0.05;11785.44
SO00519;3;O01634;20250522;2025-05-22;C0393;P044;S023;2;6074.03;0.08;11176.21
SO00520;1;O01635;20250527;2025-05-27;C0077;P005;S017;1;115795.86;0.05;110006.06
SO00521;1;O01640;20250624;2025-06-24;C0425;P043;S012;1;12426.48;0.08;11432.36
SO00522;1;O01642;20250618;2025-06-18;C0052;P030;S002;1;34813.54;0.03;33769.14
SO00522;2;O01642;20250618;2025-06-18;C0052;P021;S002;1;49344.63;0.12;43423.27
SO00523;1;O01646;20250531;2025-05-31;C0007;P011;S028;1;112993.45;0;112993.45
SO00524;1;O01650;20250523;2025-05-23;C0059;P039;S030;3;22760.24;0;68280.71
SO00525;1;O01653;20250616;2025-06-16;C0001;P038;S030;3;21605.61;0;64816.84
SO00526;1;O01656;20250623;2025-06-23;C0185;P026;S015;1;33032.57;0.12;29068.66
SO00527;1;O01657;20250626;2025-06-26;C0204;P011;S009;1;32960.4;0.05;31312.38
SO00527;2;O01657;20250626;2025-06-26;C0204;P035;S009;1;70036.96;0.05;66535.11
SO00528;1;O01662;20250621;2025-06-21;C0627;P023;S002;1;28092.28;0;28092.28
SO00529;1;O01663;20250617;2025-06-17;C0016;P004;S007;1;124452.74;0.05;130053.12
SO00530;1;O01665;20250612;2025-06-12;C0184;P027;S005;1;32077.04;0.05;30473.19
SO00530;2;O01665;20250612;2025-06-12;C0184;P038;S005;3;5343.67;0;16031.0
SO00531;1;O01668;20250615;2025-06-15;C0273;P036;S034;1;44729.55;0.05;42493.08
SO00532;1;O01676;20250521;2025-05-21;C0104;P001;S024;1;33402.04;0.03;32399.98
SO00532;2;O01676;20250521;2025-05-21;C0104;P014;S024;1;47119.98;0.03;45706.38
SO00533;1;O01679;20250525;2025-05-25;C0177;P043;S015;1;22921.54;0;22921.54
SO00534;1;O01682;20250616;2025-06-16;C0411;P025;S034;1;12552.95;0.08;11548.71
SO00534;2;O01682;20250616;2025-06-16;C0411;P016;S034;1;7280.08;0.05;6916.08
SO00535;1;O01686;20250526;2025-05-26;C0455;P023;S038;1;26791.77;0.05;25452.18
SO00535;2;O01686;20250526;2025-05-26;C0455;P050;S038;1;5516.89;0.05;5241.05
SO00536;1;O01687;20250616;2025-06-16;C0003;P005;S039;1;247473.78;0.12;217776.92
SO00536;2;O01687;20250616;2025-06-16;C0003;P046;S039;1;113329.81;0.03;109929.91
SO00537;1;O01689;20250615;2025-06-15;C0110;P021;S007;1;35287.58;0;38816.34
SO00538;1;O01690;20250606;2025-06-06;C0607;P049;S035;1;13743.24;0.03;13330.94
SO00539;1;O01697;20250523;2025-05-23;C0014;P028;S017;1;270341.72;0;270341.72
SO00540;1;O01698;20250603;2025-06-03;C0492;P030;S022;1;5679.05;0.05;5934.61
SO00541;1;O01700;20250622;2025-06-22;C0505;P009;S033;1;32490.46;0.12;28591.61
SO00541;2;O01700;20250622;2025-06-22;C0505;P024;S033;1;9869.8;0.05;9376.31
SO00542;1;O01701;20250602;2025-06-02;C0066;P016;S029;1;33882.12;0.05;32188.01
SO00542;2;O01701;20250602;2025-06-02;C0066;P046;S029;1;38379.83;0;38379.83
SO00542;3;O01701;20250602;2025-06-02;C0066;P046;S029;1;48949.79;0.05;46502.3
SO00543;1;O01704;20250602;2025-06-02;C0161;P005;S013;1;67707.34;0.08;62290.75
SO00544;1;O01705;20250604;2025-06-04;C0049;P021;S022;1;45706.46;0;50277.11
SO00545;1;O01707;20250524;2025-05-24;C0062;P015;S029;1;89671.1;0.03;86980.97
SO00545;2;O01707;20250524;2025-05-24;C0062;P028;S029;1;142888.42;0.05;135744.0
SO00545;3;O01707;20250524;2025-05-24;C0062;P043;S029;3;25751.73;0.05;73392.43
SO00546;1;O01710;20250529;2025-05-29;C0377;P037;S015;3;3147.3;0;9441.89
SO00547;1;O01711;20250619;2025-06-19;C0003;P004;S040;1;174033.41;0.08;160110.74
SO00548;1;O01713;20250607;2025-06-07;C0217;P005;S040;1;53165.07;0.05;50506.81
SO00549;1;O01717;20250604;2025-06-04;C0612;P024;S038;1;21177.42;0.05;20118.55
SO00550;1;O01719;20250525;2025-05-25;C0287;P028;S014;1;87587.31;0.05;91528.74
SO00551;1;O01720;20250611;2025-06-11;C0027;P043;S003;2;29612.81;0.05;61890.77
SO00551;2;O01720;20250611;2025-06-11;C0027;P044;S003;1;25907.31;0.05;27073.13
SO00552;1;O01722;20250615;2025-06-15;C0039;P046;S030;1;55569.5;0.05;52791.03
SO00552;2;O01722;20250615;2025-06-15;C0039;P049;S030;1;74405.11;0;74405.11
SO00552;3;O01722;20250615;2025-06-15;C0039;P010;S030;1;106966.0;0.08;98408.72
SO00553;1;O01727;20250620;2025-06-20;C0038;P013;S023;1;67390.14;0.03;65368.44
SO00553;2;O01727;20250620;2025-06-20;C0038;P035;S023;1;121760.41;0.03;118107.59
SO00554;1;O01728;20250531;2025-05-31;C0486;P041;S015;1;15453.14;0.08;14216.89
SO00555;1;O01738;20250603;2025-06-03;C0011;P006;S022;1;189816.09;0.05;198357.81
SO00555;2;O01738;20250603;2025-06-03;C0011;P038;S022;2;28429.59;0.03;60668.75
SO00556;1;O01739;20250612;2025-06-12;C0019;P015;S014;1;239684.1;0.05;250469.89
SO00557;1;O01741;20250524;2025-05-24;C0263;P007;S016;1;42393.75;0;42393.75
SO00558;1;O01742;20250606;2025-06-06;C0119;P011;S005;1;20350.45;0.05;19332.93
SO00558;2;O01742;20250606;2025-06-06;C0119;P026;S005;1;37827.83;0.03;36692.99
SO00559;1;O01743;20250529;2025-05-29;C0098;P003;S033;1;25316.27;0.05;24050.46
SO00560;1;O01744;20250528;2025-05-28;C0069;P005;S007;1;96025.79;0.05;100346.95
SO00561;1;O01747;20250531;2025-05-31;C0014;P040;S004;1;88871.81;0.03;86205.65
SO00562;1;O01756;20250615;2025-06-15;C0271;P035;S019;1;61756.37;0.08;56815.86
SO00562;2;O01756;20250615;2025-06-15;C0271;P050;S019;3;15420.3;0.08;42560.02
SO00563;1;O01757;20250605;2025-06-05;C0080;P005;S040;1;109018.25;0.08;100296.79
SO00563;2;O01757;20250605;2025-06-05;C0080;P041;S040;1;41462.94;0.03;40219.06
SO00564;1;O01758;20250623;2025-06-23;C0088;P014;S023;1;79297.04;0.05;75332.18
SO00565;1;O01765;20250530;2025-05-30;C0182;P043;S023;3;23353.93;0.12;61654.37
SO00566;1;O01766;20250525;2025-05-25;C0028;P025;S002;1;60190.32;0.05;57180.8
SO00567;1;O01770;20250526;2025-05-26;C0113;P050;S009;1;11372.0;0.03;11030.84
SO00568;1;O01772;20250531;2025-05-31;C0243;P020;S020;1;54732.24;0.08;50353.66
SO00568;2;O01772;20250531;2025-05-31;C0243;P036;S020;1;39754.72;0;39754.72
SO00569;1;O01781;20250608;2025-06-08;C0163;P022;S016;1;30191.44;0.05;28681.87
SO00570;1;O01786;20250605;2025-06-05;C0003;P034;S039;1;157921.3;0.05;150025.24
SO00570;2;O01786;20250605;2025-06-05;C0003;P044;S039;3;48809.39;0.12;128856.78
SO00571;1;O01790;20250604;2025-06-04;C0188;P036;S001;1;32911.95;0.03;31924.59
SO00572;1;O01791;20250517;2025-05-17;C0635;P024;S003;1;12475.45;0.08;12625.16
SO00572;2;O01791;20250517;2025-05-17;C0635;P045;S003;1;31818.71;0.12;30800.51
SO00573;1;O01795;20250610;2025-06-10;C0007;P036;S013;1;193692.7;0.08;178197.28
SO00573;2;O01795;20250610;2025-06-10;C0007;P046;S013;1;124480.66;0;124480.66
SO00574;1;O01798;20250525;2025-05-25;C0022;P003;S009;1;48140.99;0.05;45733.94
SO00575;1;O01800;20250617;2025-06-17;C0655;P030;S024;1;12886.32;0.03;12499.73
SO00576;1;O01801;20250605;2025-06-05;C0016;P022;S023;1;100608.05;0.12;88535.09
SO00576;2;O01801;20250605;2025-06-05;C0016;P050;S023;3;35493.11;0;106479.33
SO00577;1;O01803;20250611;2025-06-11;C0267;P040;S027;1;34810.07;0.12;30632.86
SO00577;2;O01803;20250611;2025-06-11;C0267;P039;S027;2;11595.54;0;23191.08
SO00578;1;O01804;20250614;2025-06-14;C0658;P010;S003;1;23022.48;0.08;23298.75
SO00578;2;O01804;20250614;2025-06-14;C0658;P042;S003;1;12636.24;0.12;12231.88
SO00579;1;O01806;20250609;2025-06-09;C0151;P028;S025;1;95934.69;0.03;93056.65
SO00580;1;O01811;20250526;2025-05-26;C0220;P041;S013;1;22484.52;0.05;21360.29
SO00581;1;O01816;20250615;2025-06-15;C0299;P050;S025;2;14085.49;0.05;26762.42
SO00582;1;O01819;20250611;2025-06-11;C0295;P016;S035;1;27040.15;0.05;25688.15
SO00583;1;O01821;20250610;2025-06-10;C0013;P033;S015;1;55922.54;0.08;51448.74
SO00583;2;O01821;20250610;2025-06-10;C0013;P029;S015;1;115980.65;0;115980.65
SO00584;1;O01822;20250524;2025-05-24;C0198;P033;S007;1;17733.27;0.03;18921.4
SO00585;1;O01826;20250610;2025-06-10;C0069;P021;S003;1;43780.92;0.05;45751.06
SO00586;1;O01829;20250604;2025-06-04;C0610;P037;S035;3;2775.06;0.03;8075.41
SO00586;2;O01829;20250604;2025-06-04;C0610;P046;S035;1;12102.57;0.12;10650.26
SO00587;1;O01832;20250619;2025-06-19;C0649;P010;S038;1;44373.24;0;44373.24
SO00588;1;O01833;20250605;2025-06-05;C0201;P006;S007;1;78001.7;0.03;83227.82
SO00589;1;O01835;20250618;2025-06-18;C0077;P048;S003;1;48024.12;0.03;51241.73
SO00590;1;O01839;20250608;2025-06-08;C0045;P015;S014;1;155579.77;0.12;150601.22
SO00591;1;O01846;20250528;2025-05-28;C0073;P039;S022;1;16456.87;0.05;17197.43
SO00592;1;O01849;20250529;2025-05-29;C0068;P013;S028;1;70187.06;0.08;64572.09
SO00593;1;O01850;20250610;2025-06-10;C0036;P026;S032;1;67386.15;0.03;65364.57
SO00593;2;O01850;20250610;2025-06-10;C0036;P048;S032;1;51541.69;0.03;49995.44
SO00593;3;O01850;20250610;2025-06-10;C0036;P001;S032;1;45999.24;0.08;42319.3
SO00594;1;O01862;20250602;2025-06-02;C0159;P013;S012;1;43254.78;0;43254.78
SO00594;2;O01862;20250602;2025-06-02;C0159;P043;S012;3;12762.2;0.08;35223.67
SO00595;1;O01865;20250613;2025-06-13;C0474;P034;S019;1;20771.18;0.03;20148.04
SO00596;1;O01866;20250616;2025-06-16;C0201;P038;S003;1;8028.98;0.03;8566.92
SO00597;1;O01869;20250604;2025-06-04;C0217;P025;S017;1;21884.88;0.05;20790.63
SO00597;2;O01869;20250604;2025-06-04;C0217;P041;S017;1;31669.22;0;31669.22
SO00598;1;O01872;20250602;2025-06-02;C0321;P014;S009;1;15132.84;0;15132.84
SO00599;1;O01873;20250625;2025-06-25;C0243;P022;S015;1;32448.26;0.05;30825.85
SO00600;1;O01875;20250607;2025-06-07;C0001;P022;S027;1;86117.94;0.08;79228.5
SO00600;2;O01875;20250607;2025-06-07;C0001;P048;S027;1;61838.79;0.12;54418.13
SO00601;1;O01879;20250605;2025-06-05;C0443;P043;S028;2;10269.43;0.08;18895.74
SO00602;1;O01881;20250528;2025-05-28;C0174;P006;S028;1;79586.21;0.05;75606.9
SO00603;1;O01882;20250616;2025-06-16;C0027;P013;S017;1;99433.48;0.05;94461.8
SO00604;1;O01887;20250620;2025-06-20;C0053;P006;S033;1;117608.02;0.03;114079.78
SO00604;2;O01887;20250620;2025-06-20;C0053;P048;S033;1;45982.79;0.03;44603.3
SO00605;1;O01888;20250610;2025-06-10;C0004;P023;S007;1;156077.91;0.03;166535.13
SO00605;2;O01888;20250610;2025-06-10;C0004;P049;S007;1;143841.73;0.03;153479.12
SO00606;1;O01890;20250531;2025-05-31;C0665;P043;S007;1;11336.21;0;12469.83
SO00607;1;O01891;20250603;2025-06-03;C0584;P010;S039;1;34328.77;0;34328.77
SO00608;1;O01896;20250605;2025-06-05;C0329;P036;S007;1;28117.04;0.03;30000.88
SO00609;1;O01902;20250612;2025-06-12;C0319;P038;S023;2;5039.44;0;10078.88
SO00609;2;O01902;20250612;2025-06-12;C0319;P043;S023;2;10753.25;0.03;20861.3
SO00610;1;O01905;20250608;2025-06-08;C0259;P032;S015;2;13304.92;0;26609.84
SO00610;2;O01905;20250608;2025-06-08;C0259;P042;S015;1;32760.39;0.05;31122.37
SO00611;1;O01910;20250611;2025-06-11;C0118;P034;S009;1;27830.8;0.08;25604.33
SO00612;1;O01912;20250627;2025-06-27;C0656;P005;S009;1;27693.15;0.03;26862.35
SO00613;1;O01914;20250610;2025-06-10;C0255;P010;S013;1;51981.53;0;51981.53
SO00614;1;O01915;20250608;2025-06-08;C0176;P023;S001;1;44810.06;0.03;43465.76
SO00615;1;O01916;20250614;2025-06-14;C0126;P006;S030;1;58403.64;0.03;56651.53
SO00615;2;O01916;20250614;2025-06-14;C0126;P022;S030;1;32245.29;0.05;30633.03
SO00616;1;O01918;20250616;2025-06-16;C0166;P049;S015;1;31304.27;0.03;30365.14
SO00617;1;O01922;20250528;2025-05-28;C0019;P024;S028;1;68529.11;0;68529.11
SO00617;2;O01922;20250528;2025-05-28;C0019;P029;S028;1;131440.45;0.12;115667.6
SO00618;1;O01936;20250723;2025-07-23;C0085;P023;S010;1;62733.16;0.05;59596.5
SO00619;1;O01938;20250701;2025-07-01;C0222;P012;S007;1;27820.06;0.03;29684.01
SO00620;1;O01939;20250629;2025-06-29;C0002;P030;S013;1;69982.67;0.03;67883.19
SO00621;1;O01943;20250728;2025-07-28;C0184;P028;S002;1;64373.77;0.05;61155.08
SO00622;1;O01945;20250714;2025-07-14;C0667;P018;S007;1;12444.75;0.12;12046.52
SO00622;2;O01945;20250714;2025-07-14;C0667;P026;S007;1;16841.1;0;18525.21
SO00622;3;O01945;20250714;2025-07-14;C0667;P043;S007;2;8139.35;0.05;17011.25
SO00623;1;O01946;20250702;2025-07-02;C0218;P017;S012;1;66472.66;0.03;64478.48
SO00624;1;O01949;20250705;2025-07-05;C0367;P008;S036;1;42338.18;0.03;41068.04
SO00624;2;O01949;20250705;2025-07-05;C0367;P047;S036;1;20284.31;0.05;19270.1
SO00625;1;O01952;20250708;2025-07-08;C0011;P041;S013;1;93956.33;0;93956.33
SO00626;1;O01954;20250626;2025-06-26;C0033;P039;S010;1;19036.94;0.05;18085.09
SO00627;1;O01956;20250707;2025-07-07;C0347;P021;S003;1;18116.24;0;19927.86
SO00627;2;O01956;20250707;2025-07-07;C0347;P047;S003;1;16467.75;0.05;17208.8
SO00628;1;O01958;20250721;2025-07-21;C0280;P008;S025;1;56187.13;0.05;53377.78
SO00629;1;O01961;20250723;2025-07-23;C0079;P050;S002;2;25817.2;0.05;49052.68
SO00630;1;O01962;20250711;2025-07-11;C0005;P042;S017;1;138791.87;0;138791.87
SO00631;1;O01963;20250702;2025-07-02;C0564;P003;S030;1;10511.56;0;10511.56
SO00632;1;O01965;20250707;2025-07-07;C0009;P035;S021;1;134342.98;0.03;130312.69
SO00633;1;O01967;20250705;2025-07-05;C0467;P035;S038;1;18101.75;0.05;17196.66
SO00634;1;O01969;20250728;2025-07-28;C0016;P023;S004;1;179934.36;0.08;165539.61
SO00634;2;O01969;20250728;2025-07-28;C0016;P041;S004;1;73027.01;0.03;70836.2
SO00634;3;O01969;20250728;2025-07-28;C0016;P049;S004;1;134923.32;0.08;124129.45
SO00635;1;O01970;20250723;2025-07-23;C0008;P001;S024;1;123648.13;0.05;117465.72
SO00635;2;O01970;20250723;2025-07-23;C0008;P027;S024;1;160477.52;0.08;147639.32
SO00636;1;O01972;20250710;2025-07-10;C0643;P033;S011;1;11769.22;0.03;11416.14
SO00636;2;O01972;20250710;2025-07-10;C0643;P049;S011;1;25108.56;0;25108.56
SO00637;1;O01973;20250622;2025-06-22;C0152;P004;S012;1;31635.59;0.03;30686.52
SO00638;1;O01983;20250628;2025-06-28;C0044;P015;S034;1;118096.84;0.03;114553.93
SO00639;1;O01986;20250706;2025-07-06;C0592;P017;S024;1;48601.78;0.05;46171.69
SO00640;1;O01989;20250710;2025-07-10;C0179;P024;S029;1;35652.83;0.08;32800.6
SO00641;1;O01990;20250704;2025-07-04;C0285;P025;S027;1;17083.32;0.08;15716.65
SO00642;1;O01991;20250630;2025-06-30;C0135;P033;S016;1;19768.08;0.05;18779.68
SO00643;1;O01993;20250724;2025-07-24;C0335;P040;S022;1;21179.37;0.12;20501.63
SO00643;2;O01993;20250724;2025-07-24;C0335;P050;S022;1;10239.69;0.05;10700.48
SO00643;3;O01993;20250724;2025-07-24;C0335;P048;S022;1;16767.78;0;18444.56
SO00644;1;O01996;20250708;2025-07-08;C0273;P030;S032;1;21548.8;0.08;19824.89
SO00645;1;O02005;20250704;2025-07-04;C0093;P019;S009;2;20311.23;0;40622.46
SO00646;1;O02008;20250702;2025-07-02;C0298;P046;S022;1;24861.55;0;27347.7
SO00646;2;O02008;20250702;2025-07-02;C0298;P027;S022;1;48923.83;0.12;47358.27
SO00647;1;O02009;20250715;2025-07-15;C0603;P035;S007;1;29194.72;0.05;30508.48
SO00648;1;O02016;20250708;2025-07-08;C0506;P016;S011;1;7861.98;0;7861.98
SO00648;2;O02016;20250708;2025-07-08;C0506;P050;S011;2;5983.73;0.12;10531.36
SO00649;1;O02019;20250710;2025-07-10;C0500;P048;S014;1;11047.96;0;12152.76
SO00649;2;O02019;20250710;2025-07-10;C0500;P048;S014;1;14560.51;0.08;14735.24
SO00650;1;O02020;20250711;2025-07-11;C0263;P015;S017;1;59385.08;0;59385.08
SO00650;2;O02020;20250711;2025-07-11;C0263;P029;S017;1;40517.55;0.08;37276.15
SO00651;1;O02021;20250703;2025-07-03;C0013;P005;S002;1;198715.41;0.03;192753.95
SO00652;1;O02023;20250716;2025-07-16;C0247;P029;S027;1;27622.4;0.03;26793.73
SO00653;1;O02029;20250624;2025-06-24;C0006;P014;S022;1;153126.13;0.12;148226.09
SO00653;2;O02029;20250624;2025-06-24;C0006;P017;S022;1;200989.73;0.05;210034.27
SO00653;3;O02029;20250624;2025-06-24;C0006;P023;S022;1;150016.79;0;165018.47
SO00654;1;O02036;20250710;2025-07-10;C0058;P036;S025;1;89328.37;0.08;82182.1
SO00654;2;O02036;20250710;2025-07-10;C0058;P049;S025;1;76230.14;0;76230.14
SO00655;1;O02037;20250717;2025-07-17;C0165;P014;S003;1;30556.08;0.08;30922.75
SO00656;1;O02039;20250726;2025-07-26;C0043;P016;S033;1;43351.08;0.05;41183.53
SO00657;1;O02040;20250704;2025-07-04;C0431;P027;S012;1;21961.08;0;21961.08
SO00657;2;O02040;20250704;2025-07-04;C0431;P003;S012;1;12862.17;0.08;11833.2
SO00658;1;O02042;20250702;2025-07-02;C0029;P019;S023;2;30234.92;0.05;57446.35
SO00658;2;O02042;20250702;2025-07-02;C0029;P046;S023;1;59287.32;0.12;52172.84
SO00659;1;O02045;20250625;2025-06-25;C0574;P014;S012;1;24556.44;0.03;23819.74
SO00659;2;O02045;20250625;2025-06-25;C0574;P019;S012;3;12661.16;0.03;36843.96
SO00660;1;O02046;20250625;2025-06-25;C0007;P048;S038;1;110017.42;0.08;101216.02
SO00661;1;O02047;20250620;2025-06-20;C0599;P030;S032;1;8533.39;0.03;8277.39
SO00662;1;O02048;20250707;2025-07-07;C0520;P001;S011;1;20434.99;0.05;19413.24
SO00662;2;O02048;20250707;2025-07-07;C0520;P050;S011;3;11021.72;0.08;30419.94
SO00663;1;O02049;20250721;2025-07-21;C0005;P012;S031;1;116883.31;0.08;107532.64
SO00664;1;O02052;20250619;2025-06-19;C0253;P006;S022;1;72323.05;0;79555.36
SO00664;2;O02052;20250619;2025-06-19;C0253;P040;S022;1;20531.14;0.05;21455.04
SO00665;1;O02053;20250716;2025-07-16;C0126;P009;S034;1;74818.69;0.03;72574.13
SO00665;2;O02053;20250716;2025-07-16;C0126;P050;S034;1;12398.38;0.05;11778.46
SO00666;1;O02054;20250709;2025-07-09;C0549;P044;S022;2;5604.44;0;12329.77
SO00667;1;O02055;20250713;2025-07-13;C0065;P004;S001;1;85386.07;0.03;82824.48
SO00668;1;O02057;20250706;2025-07-06;C0188;P047;S016;1;27119.52;0.05;25763.55
SO00669;1;O02059;20250722;2025-07-22;C0007;P029;S023;1;161081.92;0.12;141752.09
SO00670;1;O02060;20250628;2025-06-28;C0300;P037;S024;3;4068.18;0;12204.53
SO00671;1;O02062;20250717;2025-07-17;C0317;P007;S039;1;31904.51;0.08;29352.15
SO00671;2;O02062;20250717;2025-07-17;C0317;P048;S039;1;18860.91;0.08;17352.04
SO00671;3;O02062;20250717;2025-07-17;C0317;P042;S039;1;24161.45;0;24161.45
SO00672;1;O02065;20250707;2025-07-07;C0042;P047;S038;1;53781.74;0.05;51092.65
SO00673;1;O02069;20250721;2025-07-21;C0277;P042;S038;1;42753.42;0.08;39333.14
SO00674;1;O02073;20250709;2025-07-09;C0033;P039;S038;3;19288.14;0;57864.41
SO00674;2;O02073;20250709;2025-07-09;C0033;P042;S038;1;65665.82;0.03;63695.84
SO00675;1;O02074;20250701;2025-07-01;C0004;P047;S012;1;86599.39;0;86599.39
SO00676;1;O02077;20250707;2025-07-07;C0211;P041;S014;1;24273.15;0.03;25899.45
SO00677;1;O02078;20250709;2025-07-09;C0145;P019;S012;3;15725.28;0.05;44817.03
SO00677;2;O02078;20250709;2025-07-09;C0145;P020;S012;1;27966.53;0;27966.53
SO00678;1;O02079;20250701;2025-07-01;C0014;P026;S019;1;141020.27;0.05;133969.26
SO00679;1;O02080;20250729;2025-07-29;C0056;P009;S008;1;161078.76;0.03;156246.4
SO00679;2;O02080;20250729;2025-07-29;C0056;P025;S008;1;54412.39;0.03;52780.02
SO00680;1;O02082;20250710;2025-07-10;C0181;P050;S022;1;11290.8;0.03;12047.29
SO00680;2;O02082;20250710;2025-07-10;C0181;P039;S022;1;11744.11;0.05;12272.6
SO00680;3;O02082;20250710;2025-07-10;C0181;P043;S022;3;18307.26;0.03;58601.53
SO00681;1;O02083;20250630;2025-06-30;C0246;P027;S023;1;47147.35;0.03;45732.93
SO00681;2;O02083;20250630;2025-06-30;C0246;P049;S023;1;44414.68;0.03;43082.24
SO00682;1;O02090;20250708;2025-07-08;C0670;P049;S019;1;16832.56;0;16832.56
SO00682;2;O02090;20250708;2025-07-08;C0670;P005;S019;1;30090.38;0.12;26479.53
SO00683;1;O02094;20250716;2025-07-16;C0345;P030;S022;1;14534.86;0.08;14709.28
SO00683;2;O02094;20250716;2025-07-16;C0345;P009;S022;1;39450.02;0.05;41225.27
SO00684;1;O02095;20250719;2025-07-19;C0006;P024;S022;1;89343.87;0.05;93364.35
SO00685;1;O02096;20250714;2025-07-14;C0161;P034;S008;1;35064.77;0;35064.77
SO00685;2;O02096;20250714;2025-07-14;C0161;P048;S008;1;30377.39;0.05;28858.52
SO00686;1;O02097;20250628;2025-06-28;C0183;P031;S036;1;11490.16;0.05;10915.65
SO00687;1;O02100;20250703;2025-07-03;C0081;P004;S016;1;56598.13;0.03;54900.18
SO00687;2;O02100;20250703;2025-07-03;C0081;P050;S016;2;19455.02;0.08;35797.23
SO00688;1;O02102;20250619;2025-06-19;C0164;P024;S025;1;25526.63;0;25526.63
SO00689;1;O02104;20250704;2025-07-04;C0221;P034;S034;1;27562.43;0.03;26735.55
SO00690;1;O02107;20250707;2025-07-07;C0111;P009;S032;1;82342.2;0.08;75754.82
SO00691;1;O02108;20250622;2025-06-22;C0224;P031;S011;1;14920.77;0.05;14174.73
SO00691;2;O02108;20250622;2025-06-22;C0224;P043;S011;2;19932.77;0.08;36676.29
SO00692;1;O02109;20250712;2025-07-12;C0003;P042;S036;1;197325.97;0.05;187459.67
SO00692;2;O02109;20250712;2025-07-12;C0003;P041;S036;1;92775.08;0.05;88136.33
SO00692;3;O02109;20250712;2025-07-12;C0003;P020;S036;1;150253.78;0.05;142741.09
SO00693;1;O02111;20250714;2025-07-14;C0349;P006;S024;1;26361.21;0;26361.21
SO00694;1;O02115;20250704;2025-07-04;C0004;P029;S001;1;125074.74;0.05;118821.01
SO00695;1;O02118;20250626;2025-06-26;C0404;P028;S028;1;36319.26;0.05;34503.3
SO00695;2;O02118;20250626;2025-06-26;C0404;P016;S028;1;9270.63;0.03;8992.52
SO00696;1;O02119;20250630;2025-06-30;C0005;P031;S016;2;32488.75;0.03;63028.17
SO00697;1;O02120;20250724;2025-07-24;C0011;P014;S022;1;162999.4;0.03;173920.36
SO00698;1;O02129;20250721;2025-07-21;C0120;P031;S036;1;11964.23;0.03;11605.3
SO00698;2;O02129;20250721;2025-07-21;C0120;P050;S036;2;10189.19;0.12;17932.98
SO00699;1;O02131;20250716;2025-07-16;C0167;P020;S014;1;25447.37;0.03;27152.35
SO00700;1;O02136;20250629;2025-06-29;C0011;P026;S008;1;135425.32;0.05;128654.06
SO00700;2;O02136;20250629;2025-06-29;C0011;P007;S008;1;129688.7;0.05;123204.27
SO00700;3;O02136;20250629;2025-06-29;C0011;P047;S008;1;128677.01;0.05;122243.16
SO00701;1;O02141;20250717;2025-07-17;C0167;P007;S013;1;34931.71;0.03;33883.75
SO00701;2;O02141;20250717;2025-07-17;C0167;P041;S013;1;18491.52;0.03;17936.78
SO00701;3;O02141;20250717;2025-07-17;C0167;P020;S013;1;32932.2;0.03;31944.23
SO00702;1;O02146;20250723;2025-07-23;C0299;P020;S025;1;27090.48;0;27090.48
SO00703;1;O02150;20250707;2025-07-07;C0143;P033;S032;1;27159.1;0.05;25801.15
SO00703;2;O02150;20250707;2025-07-07;C0143;P041;S032;1;34640.42;0.12;30483.57
SO00704;1;O02152;20250629;2025-06-29;C0052;P021;S003;1;53464.98;0;58811.48
SO00705;1;O02154;20250723;2025-07-23;C0182;P004;S014;1;46515.41;0.08;47073.6
SO00705;2;O02154;20250723;2025-07-23;C0182;P048;S014;1;38463.68;0.08;38925.25
SO00705;3;O02154;20250723;2025-07-23;C0182;P048;S014;1;38804.96;0.03;41404.89
SO00706;1;O02160;20250625;2025-06-25;C0050;P047;S029;1;84118.39;0.12;74024.18
SO00707;1;O02161;20250719;2025-07-19;C0132;P017;S011;1;78518.55;0.03;76162.99
SO00707;2;O02161;20250719;2025-07-19;C0132;P031;S011;1;10844.16;0.03;10518.83
SO00708;1;O02166;20250702;2025-07-02;C0265;P005;S011;1;45440.2;0.03;44077.0
SO00709;1;O02171;20250622;2025-06-22;C0063;P022;S007;1;39104.24;0.05;40863.93
SO00709;2;O02171;20250622;2025-06-22;C0063;P024;S007;1;33647.68;0.05;35161.82
SO00710;1;O02174;20250712;2025-07-12;C0120;P021;S035;1;32316.65;0.03;31347.15
SO00710;2;O02174;20250712;2025-07-12;C0120;P036;S035;1;35190.35;0;35190.35
SO00710;3;O02174;20250712;2025-07-12;C0120;P049;S035;1;32073.89;0.05;30470.19
SO00711;1;O02179;20250712;2025-07-12;C0040;P050;S010;1;22954.43;0;22954.43
SO00711;2;O02179;20250712;2025-07-12;C0040;P048;S010;1;36026.78;0.03;34945.97
SO00712;1;O02186;20250629;2025-06-29;C0166;P019;S003;3;13678.86;0;45140.24
SO00713;1;O02187;20250723;2025-07-23;C0057;P050;S034;1;28037.4;0.08;25794.41
SO00714;1;O02189;20250702;2025-07-02;C0004;P038;S018;1;27815.3;0.08;25590.08
SO00715;1;O02191;20250717;2025-07-17;C0372;P001;S004;1;16476.6;0.05;15652.77
SO00715;2;O02191;20250717;2025-07-17;C0372;P043;S004;3;8129.8;0.05;23169.93
SO00716;1;O02193;20250626;2025-06-26;C0201;P034;S003;1;34462.97;0.08;34876.52
SO00717;1;O02197;20250710;2025-07-10;C0001;P020;S032;1;95736.35;0;95736.35
SO00718;1;O02198;20250716;2025-07-16;C0195;P013;S030;1;58898.51;0.08;54186.63
SO00719;1;O02206;20250629;2025-06-29;C0008;P012;S014;1;123973.98;0.08;125461.67
SO00720;1;O02207;20250618;2025-06-18;C0199;P023;S014;1;34673.94;0.05;36234.26
SO00721;1;O02209;20250706;2025-07-06;C0469;P046;S004;1;11679.9;0.08;10745.51
SO00722;1;O02214;20250621;2025-06-21;C0685;P014;S003;1;23456.28;0.05;24511.81
SO00723;1;O02218;20250701;2025-07-01;C0102;P007;S037;1;36175.85;0.05;34367.06
SO00724;1;O02226;20250706;2025-07-06;C0027;P014;S001;1;80792.35;0.08;74328.96
SO00725;1;O02227;20250629;2025-06-29;C0206;P011;S028;1;17935.02;0;17935.02
SO00726;1;O02228;20250713;2025-07-13;C0006;P007;S028;1;118628.17;0.05;112696.76
SO00726;2;O02228;20250713;2025-07-13;C0006;P042;S028;1;133152.82;0.12;117174.48
SO00727;1;O02230;20250706;2025-07-06;C0299;P007;S033;1;45109.46;0;45109.46
SO00728;1;O02235;20250709;2025-07-09;C0188;P016;S007;1;17202.09;0.03;18354.63
SO00729;1;O02244;20250625;2025-06-25;C0393;P010;S014;1;26724.53;0;29396.98
SO00730;1;O02246;20250717;2025-07-17;C0166;P039;S021;3;8428.95;0;25286.85
SO00730;2;O02246;20250717;2025-07-17;C0166;P019;S021;2;15853.64;0.03;30756.06
SO00731;1;O02250;20250711;2025-07-11;C0126;P040;S032;1;24980.11;0.05;23731.1
SO00731;2;O02250;20250711;2025-07-11;C0126;P046;S032;1;20189.99;0.03;19584.29
SO00732;1;O02255;20250712;2025-07-12;C0621;P018;S015;1;12256.99;0;12256.99
SO00733;1;O02256;20250721;2025-07-21;C0264;P035;S023;1;65745.01;0.08;60485.41
SO00733;2;O02256;20250721;2025-07-21;C0264;P041;S023;1;27690.58;0.08;25475.33
SO00734;1;O02258;20250624;2025-06-24;C0042;P027;S036;1;77257.36;0;77257.36
SO00734;2;O02258;20250624;2025-06-24;C0042;P007;S036;1;59192.68;0.05;56233.04
SO00735;1;O02260;20250703;2025-07-03;C0198;P046;S004;1;23382.61;0.05;22213.48
SO00735;2;O02260;20250703;2025-07-03;C0198;P010;S004;1;48242.87;0.08;44383.44
SO00735;3;O02260;20250703;2025-07-03;C0198;P022;S004;1;27885.36;0.12;24539.11
SO00736;1;O02264;20250709;2025-07-09;C0089;P038;S036;1;17814.37;0.03;17279.94
SO00737;1;O02266;20250708;2025-07-08;C0362;P002;S032;1;15980.54;0;15980.54
SO00737;2;O02266;20250708;2025-07-08;C0362;P048;S032;1;12084.85;0.05;11480.61
SO00738;1;O02267;20250628;2025-06-28;C0306;P017;S003;1;53867.28;0.03;57476.39
SO00739;1;O02268;20250629;2025-06-29;C0122;P026;S039;1;37824.66;0.03;36689.92
SO00739;2;O02268;20250629;2025-06-29;C0122;P046;S039;1;26099.15;0.08;24011.22
SO00740;1;O02269;20250709;2025-07-09;C0183;P020;S035;1;32383.33;0.03;31411.83
SO00740;2;O02269;20250709;2025-07-09;C0183;P006;S035;1;63035.19;0.08;57992.37
SO00740;3;O02269;20250709;2025-07-09;C0183;P021;S035;1;30538.28;0.03;29622.13
SO00741;1;O02271;20250628;2025-06-28;C0050;P017;S032;1;234060.17;0.03;227038.37
SO00742;1;O02275;20250619;2025-06-19;C0340;P007;S009;1;25658.85;0.05;24375.91
SO00742;2;O02275;20250619;2025-06-19;C0340;P043;S009;2;10124.49;0.12;17819.1
SO00743;1;O02276;20250625;2025-06-25;C0566;P029;S007;1;22943.29;0.12;22209.1
SO00744;1;O02284;20250716;2025-07-16;C0656;P016;S023;1;9143.52;0.03;8869.21
SO00745;1;O02286;20250713;2025-07-13;C0048;P050;S040;2;25651.99;0.08;47199.67
SO00745;2;O02286;20250713;2025-07-13;C0048;P024;S040;1;54847.4;0.12;48265.71
SO00746;1;O02289;20250627;2025-06-27;C0070;P046;S008;1;40775.04;0.12;35882.03
SO00746;2;O02289;20250627;2025-06-27;C0070;P040;S008;1;52497.2;0.03;50922.28
SO00747;1;O02290;20250702;2025-07-02;C0443;P012;S009;1;18562.05;0.08;17077.09
SO00747;2;O02290;20250702;2025-07-02;C0443;P042;S009;1;31680.27;0.05;30096.26
SO00748;1;O02297;20250702;2025-07-02;C0242;P010;S007;1;56184.93;0.08;56859.15
SO00749;1;O02300;20250713;2025-07-13;C0122;P032;S026;2;8587.25;0.03;16659.26
SO00749;2;O02300;20250713;2025-07-13;C0122;P020;S026;1;40319.29;0.05;38303.32
SO00749;3;O02300;20250713;2025-07-13;C0122;P023;S026;1;53112.6;0;53112.6
SO00750;1;O02304;20250708;2025-07-08;C0154;P011;S025;1;24123.04;0.03;23399.35
SO00751;1;O02309;20250713;2025-07-13;C0482;P039;S022;1;6807.35;0.03;7263.45
SO00752;1;O02311;20250630;2025-06-30;C0419;P036;S019;1;28774.29;0.12;25321.37
SO00753;1;O02312;20250715;2025-07-15;C0002;P048;S003;1;107731.94;0.12;104284.52
SO00754;1;O02318;20250705;2025-07-05;C0212;P027;S040;1;36116.79;0.05;34310.95
SO00755;1;O02319;20250705;2025-07-05;C0040;P016;S003;1;39397.73;0;43337.5
SO00755;2;O02319;20250705;2025-07-05;C0040;P046;S003;1;30302.57;0.05;31666.18
SO00756;1;O02321;20250707;2025-07-07;C0020;P009;S030;1;241277.03;0.05;229213.18
SO00757;1;O02325;20250628;2025-06-28;C0462;P032;S026;2;4317.67;0.05;8203.57
SO00757;2;O02325;20250628;2025-06-28;C0462;P042;S026;1;19841.18;0.03;19245.94
SO00758;1;O02326;20250709;2025-07-09;C0200;P002;S001;1;42937.49;0.12;37785.0
SO00758;2;O02326;20250709;2025-07-09;C0200;P037;S001;3;6039.45;0.03;17574.81
SO00759;1;O02327;20250715;2025-07-15;C0320;P023;S016;1;32317.82;0.05;30701.93
SO00760;1;O02328;20250723;2025-07-23;C0184;P007;S007;1;39899.1;0.12;38622.33
SO00760;2;O02328;20250723;2025-07-23;C0184;P002;S007;1;34363.15;0.08;34775.51
SO00761;1;O02330;20250703;2025-07-03;C0257;P029;S019;1;35633.56;0.03;34564.55
SO00761;2;O02330;20250703;2025-07-03;C0257;P045;S019;1;56914.2;0.05;54068.49
SO00761;3;O02330;20250703;2025-07-03;C0257;P045;S019;1;59972.3;0.08;55174.51
SO00762;1;O02333;20250707;2025-07-07;C0696;P018;S025;1;20259.27;0.05;19246.31
SO00762;2;O02333;20250707;2025-07-07;C0696;P016;S025;1;14474.17;0;14474.17
SO00762;3;O02333;20250707;2025-07-07;C0696;P041;S025;1;19309.23;0.05;18343.77
SO00763;1;O02334;20250629;2025-06-29;C0205;P036;S022;1;33368.47;0.03;35604.16
SO00763;2;O02334;20250629;2025-06-29;C0205;P047;S022;1;26021.05;0;28623.16
SO00764;1;O02337;20250630;2025-06-30;C0202;P029;S010;1;35914.35;0.08;33041.2
SO00764;2;O02337;20250630;2025-06-30;C0202;P048;S010;1;28524.46;0;28524.46
SO00765;1;O02344;20250704;2025-07-04;C0219;P016;S004;1;17019.39;0.03;16508.81
SO00765;2;O02344;20250704;2025-07-04;C0219;P047;S004;1;32431.61;0.05;30810.03
SO00766;1;O02348;20250711;2025-07-11;C0675;P009;S022;1;52637.9;0.05;55006.61
SO00766;2;O02348;20250711;2025-07-11;C0675;P036;S022;1;22420.6;0.03;23922.78
SO00767;1;O02349;20250630;2025-06-30;C0070;P012;S013;1;46761.37;0;46761.37
SO00767;2;O02349;20250630;2025-06-30;C0070;P026;S013;1;64205.87;0.05;60995.58
SO00768;1;O02351;20250716;2025-07-16;C0519;P015;S022;1;39426.57;0.08;39899.69
SO00768;2;O02351;20250716;2025-07-16;C0519;P043;S022;2;10127.66;0.03;21612.43
SO00768;3;O02351;20250716;2025-07-16;C0519;P031;S022;2;6919.89;0.05;14462.57
SO00769;1;O02353;20250719;2025-07-19;C0173;P022;S026;1;17900.17;0.05;17005.16
SO00770;1;O02354;20250719;2025-07-19;C0259;P015;S011;1;80516.17;0.08;74074.88
SO00771;1;O02355;20250714;2025-07-14;C0555;P037;S022;2;3292.1;0.05;6880.5
SO00772;1;O02360;20250618;2025-06-18;C0135;P015;S002;1;54176.41;0.12;47675.24
SO00773;1;O02369;20250708;2025-07-08;C0013;P016;S018;1;56753.0;0.05;53915.35
SO00774;1;O02371;20250705;2025-07-05;C0270;P023;S014;1;58359.47;0.03;62269.55
SO00774;2;O02371;20250705;2025-07-05;C0270;P038;S014;2;8108.5;0.03;17303.54
SO00775;1;O02372;20250621;2025-06-21;C0101;P002;S010;1;41663.6;0.08;38330.51
SO00776;1;O02375;20250703;2025-07-03;C0224;P019;S026;1;14391.68;0;14391.68
SO00776;2;O02375;20250703;2025-07-03;C0224;P032;S026;2;10495.07;0.05;19940.63
SO00777;1;O02380;20250711;2025-07-11;C0268;P047;S005;1;32931.01;0.12;28979.29
SO00778;1;O02383;20250719;2025-07-19;C0080;P023;S024;1;108350.53;0.03;105100.01
SO00778;2;O02383;20250719;2025-07-19;C0080;P009;S024;1;125919.72;0.03;122142.13
SO00779;1;O02384;20250719;2025-07-19;C0086;P020;S022;1;70946.3;0;78040.93
SO00780;1;O02389;20250704;2025-07-04;C0256;P008;S031;1;113761.85;0.08;104660.9
SO00781;1;O02393;20250715;2025-07-15;C0066;P040;S030;1;41104.89;0.08;37816.5
SO00781;2;O02393;20250715;2025-07-15;C0066;P024;S030;1;34969.21;0.08;32171.68
SO00782;1;O02394;20250705;2025-07-05;C0275;P031;S014;2;8142.21;0.03;17375.48
SO00782;2;O02394;20250705;2025-07-05;C0275;P043;S014;3;17276.22;0;57011.51
SO00783;1;O02398;20250805;2025-08-05;C0067;P031;S011;2;30090.09;0.12;52958.55
SO00784;1;O02404;20250818;2025-08-18;C0271;P035;S022;1;65250.83;0;71775.92
SO00785;1;O02406;20250724;2025-07-24;C0058;P044;S014;3;28614.29;0.12;83095.91
SO00785;2;O02406;20250724;2025-07-24;C0058;P031;S014;1;31101.14;0.05;32500.69
SO00786;1;O02407;20250802;2025-08-02;C0137;P010;S011;1;85400.73;0.03;82838.7
SO00787;1;O02409;20250825;2025-08-25;C0278;P018;S022;1;32106.95;0.08;32492.24
SO00788;1;O02411;20250819;2025-08-19;C0298;P017;S032;1;66836.86;0.03;64831.75
SO00789;1;O02412;20250814;2025-08-14;C0252;P013;S005;1;28063.96;0;28063.96
SO00790;1;O02413;20250730;2025-07-30;C0513;P025;S035;1;9007.06;0;9007.06
SO00791;1;O02414;20250725;2025-07-25;C0657;P024;S030;1;15401.61;0.12;13553.41
SO00792;1;O02415;20250723;2025-07-23;C0019;P002;S023;1;184916.38;0.08;170123.07
SO00792;2;O02415;20250723;2025-07-23;C0019;P048;S023;1;75614.8;0.08;69565.61
SO00793;1;O02416;20250806;2025-08-06;C0209;P010;S022;1;58623.25;0.12;56747.31
SO00793;2;O02416;20250806;2025-08-06;C0209;P050;S022;2;9930.92;0.03;21192.58
SO00793;3;O02416;20250806;2025-08-06;C0209;P043;S022;1;18854.84;0.08;19081.1
SO00794;1;O02417;20250813;2025-08-13;C0525;P040;S038;1;13373.99;0.08;12304.07
SO00794;2;O02417;20250813;2025-08-13;C0525;P022;S038;1;10603.24;0;10603.24
SO00794;3;O02417;20250813;2025-08-13;C0525;P041;S038;1;14264.67;0.12;12552.91
SO00795;1;O02423;20250810;2025-08-10;C0015;P047;S036;1;145510.88;0.05;138235.34
SO00795;2;O02423;20250810;2025-08-10;C0015;P023;S036;1;256404.83;0.08;235892.44
SO00795;3;O02423;20250810;2025-08-10;C0015;P017;S036;1;416250.06;0.03;403762.56
SO00796;1;O02424;20250810;2025-08-10;C0501;P043;S038;3;8729.8;0;26189.41
SO00796;2;O02424;20250810;2025-08-10;C0501;P025;S038;1;10745.58;0.03;10423.21
SO00797;1;O02432;20250730;2025-07-30;C0167;P007;S014;1;37700.5;0.12;36494.08
SO00798;1;O02433;20250727;2025-07-27;C0042;P049;S029;1;50061.75;0.03;48559.9
SO00798;2;O02433;20250727;2025-07-27;C0042;P043;S029;2;28661.45;0.03;55603.22
SO00798;3;O02433;20250727;2025-07-27;C0042;P024;S029;1;36645.45;0;36645.45
SO00799;1;O02435;20250802;2025-08-02;C0012;P026;S003;1;124108.71;0.12;120137.23
SO00800;1;O02441;20250724;2025-07-24;C0026;P047;S007;1;56692.07;0.05;59243.22
SO00800;2;O02441;20250724;2025-07-24;C0026;P044;S007;3;21489.98;0.03;68789.42
SO00801;1;O02442;20250719;2025-07-19;C0004;P019;S007;1;67390.16;0.08;68198.84
SO00801;2;O02442;20250719;2025-07-19;C0004;P046;S007;1;71896.36;0.08;72759.12
SO00802;1;O02445;20250808;2025-08-08;C0499;P022;S022;1;14116.38;0.03;15062.17
SO00803;1;O02447;20250730;2025-07-30;C0270;P036;S025;1;43055.71;0.03;41764.04
SO00803;2;O02447;20250730;2025-07-30;C0270;P017;S025;1;108666.89;0.12;95626.86
SO00804;1;O02449;20250724;2025-07-24;C0102;P006;S023;1;57901.29;0.03;56164.25
SO00805;1;O02452;20250821;2025-08-21;C0004;P049;S019;1;132392.57;0.12;116505.46
SO00806;1;O02456;20250825;2025-08-25;C0282;P009;S008;1;57854.84;0;57854.84
SO00807;1;O02460;20250806;2025-08-06;C0178;P037;S038;2;6342.46;0;12684.93
SO00808;1;O02463;20250807;2025-08-07;C0271;P001;S003;1;24312.09;0.03;25941.0
SO00809;1;O02468;20250730;2025-07-30;C0513;P029;S036;1;16637.82;0.05;15805.93
SO00809;2;O02468;20250730;2025-07-30;C0513;P027;S036;1;19230.1;0.05;18268.59
SO00810;1;O02469;20250725;2025-07-25;C0556;P002;S020;1;31797.69;0.05;30207.81
SO00810;2;O02469;20250725;2025-07-25;C0556;P047;S020;1;20672.35;0.05;19638.73
SO00810;3;O02469;20250725;2025-07-25;C0556;P037;S020;2;3103.45;0.03;6020.7
SO00811;1;O02476;20250801;2025-08-01;C0044;P019;S033;3;34358.51;0.03;99983.27
SO00811;2;O02476;20250801;2025-08-01;C0044;P043;S033;3;27811.7;0.05;79263.34
SO00812;1;O02478;20250812;2025-08-12;C0191;P036;S024;1;39261.5;0.03;38083.65
SO00813;1;O02483;20250821;2025-08-21;C0098;P006;S032;1;74440.54;0.03;72207.32
SO00813;2;O02483;20250821;2025-08-21;C0098;P050;S032;2;11873.75;0;23747.5
SO00814;1;O02484;20250803;2025-08-03;C0194;P014;S033;1;29145.82;0.05;27688.53
SO00815;1;O02486;20250801;2025-08-01;C0508;P010;S016;1;20537.59;0.08;18894.58
SO00815;2;O02486;20250801;2025-08-01;C0508;P002;S016;1;17118.79;0.08;15749.29
SO00816;1;O02493;20250816;2025-08-16;C0089;P001;S032;1;55439.39;0.03;53776.21
SO00817;1;O02499;20250726;2025-07-26;C0089;P031;S038;3;26360.41;0.03;76708.79
SO00817;2;O02499;20250726;2025-07-26;C0089;P001;S038;1;53310.27;0.05;50644.76
SO00818;1;O02501;20250801;2025-08-01;C0239;P049;S010;1;33547.43;0.05;31870.05
SO00818;2;O02501;20250801;2025-08-01;C0239;P045;S010;1;40072.28;0.05;38068.67
SO00818;3;O02501;20250801;2025-08-01;C0239;P048;S010;1;26483.95;0;26483.95
SO00819;1;O02502;20250822;2025-08-22;C0300;P045;S025;1;50209.52;0.05;47699.04
SO00819;2;O02502;20250822;2025-08-22;C0300;P035;S025;1;56566.43;0.05;53738.11
SO00819;3;O02502;20250822;2025-08-22;C0300;P041;S025;1;17755.26;0.05;16867.49
SO00820;1;O02503;20250725;2025-07-25;C0038;P010;S013;1;99434.36;0;99434.36
SO00821;1;O02508;20250828;2025-08-28;C0140;P034;S023;1;42401.11;0.03;41129.08
SO00821;2;O02508;20250828;2025-08-28;C0140;P044;S023;1;13474.24;0.08;12396.3
SO00822;1;O02511;20250824;2025-08-24;C0287;P048;S008;1;38796.79;0.12;34141.17
SO00822;2;O02511;20250824;2025-08-24;C0287;P047;S008;1;30409.72;0.12;26760.56
SO00823;1;O02513;20250801;2025-08-01;C0329;P010;S010;1;36877.77;0.12;32452.44
SO00823;2;O02513;20250801;2025-08-01;C0329;P007;S010;1;22769.34;0.05;21630.87
SO00824;1;O02516;20250729;2025-07-29;C0051;P027;S023;1;85104.97;0.03;82551.82
SO00824;2;O02516;20250729;2025-07-29;C0051;P027;S023;1;113504.95;0.12;99884.36
SO00825;1;O02518;20250731;2025-07-31;C0387;P029;S003;1;29451.54;0.03;31424.8
SO00825;2;O02518;20250731;2025-07-31;C0387;P004;S003;1;28282.23;0.05;29554.93
SO00826;1;O02519;20250818;2025-08-18;C0128;P026;S031;1;32322.92;0;32322.92
SO00827;1;O02520;20250823;2025-08-23;C0060;P010;S029;1;108663.02;0.08;99969.98
SO00828;1;O02524;20250813;2025-08-13;C0422;P017;S033;1;49655.36;0.03;48165.7
SO00829;1;O02527;20250721;2025-07-21;C0152;P002;S002;1;36946.36;0.03;35837.96
SO00829;2;O02527;20250721;2025-07-21;C0152;P042;S002;1;32759.58;0.08;30138.82
SO00830;1;O02540;20250727;2025-07-27;C0219;P016;S009;1;19898.25;0;19898.25
SO00831;1;O02541;20250805;2025-08-05;C0001;P021;S033;1;84315.94;0.05;80100.15
SO00832;1;O02546;20250809;2025-08-09;C0257;P029;S015;1;31235.54;0.08;28736.69
SO00832;2;O02546;20250809;2025-08-09;C0257;P046;S015;1;18443.99;0.05;17521.79
SO00833;1;O02547;20250724;2025-07-24;C0244;P016;S014;1;22634.66;0.05;23653.22
SO00834;1;O02551;20250820;2025-08-20;C0006;P021;S022;1;86116.22;0.08;87149.61
SO00835;1;O02552;20250825;2025-08-25;C0138;P044;S004;3;14842.21;0.12;39183.44
SO00835;2;O02552;20250825;2025-08-25;C0138;P024;S004;1;21591.76;0.03;20944.01
SO00836;1;O02553;20250728;2025-07-28;C0211;P045;S025;1;55757.01;0;55757.01
SO00837;1;O02555;20250820;2025-08-20;C0005;P009;S003;1;169232.21;0;186155.43
SO00837;2;O02555;20250820;2025-08-20;C0005;P022;S003;1;94925.88;0.03;101285.91
SO00838;1;O02557;20250805;2025-08-05;C0060;P015;S008;1;124503.97;0.12;109563.49
SO00838;2;O02557;20250805;2025-08-05;C0060;P050;S008;3;28767.87;0.12;75947.18
SO00839;1;O02559;20250812;2025-08-12;C0100;P020;S007;1;37072.8;0;40780.08
SO00839;2;O02559;20250812;2025-08-12;C0100;P050;S007;2;15863.17;0.08;32107.06
SO00839;3;O02559;20250812;2025-08-12;C0100;P024;S007;1;23464.97;0.08;23746.55
SO00840;1;O02563;20250814;2025-08-14;C0253;P017;S022;1;79220.42;0.05;82785.34
SO00841;1;O02567;20250804;2025-08-04;C0211;P017;S014;1;113036.27;0.05;118122.9
SO00842;1;O02569;20250720;2025-07-20;C0023;P009;S033;1;111857.83;0.05;106264.94
SO00842;2;O02569;20250720;2025-07-20;C0023;P044;S033;2;21139.13;0.12;37204.87
SO00843;1;O02573;20250813;2025-08-13;C0209;P027;S008;1;41418.77;0.03;40176.2
SO00843;2;O02573;20250813;2025-08-13;C0209;P049;S008;1;32665.85;0.05;31032.56
SO00844;1;O02579;20250806;2025-08-06;C0103;P004;S024;1;32904.98;0;32904.98
SO00845;1;O02587;20250808;2025-08-08;C0268;P005;S022;1;40729.62;0.08;41218.38
SO00845;2;O02587;20250808;2025-08-08;C0268;P007;S022;1;41239.66;0.03;44002.72
SO00846;1;O02592;20250725;2025-07-25;C0017;P011;S017;1;83890.64;0.03;81373.92
SO00846;2;O02592;20250725;2025-07-25;C0017;P011;S017;1;106370.6;0.03;103179.48
SO00847;1;O02593;20250809;2025-08-09;C0295;P032;S035;2;14568.27;0;29136.54
SO00847;2;O02593;20250809;2025-08-09;C0295;P050;S035;2;17160.44;0.03;33291.25
SO00848;1;O02595;20250811;2025-08-11;C0034;P002;S010;1;86450.39;0.05;82127.87
SO00849;1;O02597;20250807;2025-08-07;C0117;P030;S007;1;19732.8;0;21706.08
SO00850;1;O02598;20250803;2025-08-03;C0011;P001;S012;1;105276.9;0;105276.9
SO00850;2;O02598;20250803;2025-08-03;C0011;P046;S012;1;86640.97;0.03;84041.74
SO00851;1;O02601;20250814;2025-08-14;C0102;P005;S039;1;40718.75;0.08;37461.25
SO00851;2;O02601;20250814;2025-08-14;C0102;P026;S039;1;42732.25;0.08;39313.67
SO00852;1;O02606;20250810;2025-08-10;C0344;P025;S005;1;11857.31;0.12;10434.44
SO00852;2;O02606;20250810;2025-08-10;C0344;P041;S005;1;12595.35;0.03;12217.49
SO00853;1;O02607;20250824;2025-08-24;C0548;P026;S014;1;21545.86;0.05;22515.42
SO00854;1;O02609;20250824;2025-08-24;C0297;P036;S025;1;41690.76;0.05;39606.22
SO00855;1;O02612;20250829;2025-08-29;C0071;P015;S022;1;111489.82;0;122638.8
SO00855;2;O02612;20250829;2025-08-29;C0071;P044;S022;2;19395.86;0;42670.88
SO00855;3;O02612;20250829;2025-08-29;C0071;P014;S022;1;69638.81;0.05;72772.55
SO00856;1;O02618;20250730;2025-07-30;C0006;P006;S026;1;200113.59;0.08;184104.51
SO00857;1;O02619;20250731;2025-07-31;C0510;P005;S028;1;32948.67;0.08;30312.78
SO00858;1;O02621;20250725;2025-07-25;C0034;P004;S009;1;66752.0;0.05;63414.4
SO00859;1;O02625;20250727;2025-07-27;C0173;P008;S023;1;58004.06;0;58004.06
SO00860;1;O02628;20250817;2025-08-17;C0411;P008;S032;1;33690.34;0.05;32005.82
SO00860;2;O02628;20250817;2025-08-17;C0411;P043;S032;1;9970.86;0;9970.86
SO00861;1;O02630;20250824;2025-08-24;C0569;P036;S007;1;19132.62;0.05;19993.59
SO00861;2;O02630;20250824;2025-08-24;C0569;P025;S007;1;7181.88;0.03;7663.07
SO00862;1;O02631;20250724;2025-07-24;C0010;P010;S010;1;134315.12;0.08;123569.91
SO00863;1;O02632;20250824;2025-08-24;C0484;P048;S036;1;15320.96;0.08;14095.28
SO00863;2;O02632;20250824;2025-08-24;C0484;P048;S036;1;13634.86;0.05;12953.12
SO00864;1;O02633;20250825;2025-08-25;C0049;P029;S026;1;76498.86;0.05;72673.92
SO00865;1;O02635;20250730;2025-07-30;C0192;P016;S024;1;17193.97;0;17193.97
SO00866;1;O02642;20250807;2025-08-07;C0505;P001;S019;1;15521.89;0.08;14280.13
SO00867;1;O02645;20250824;2025-08-24;C0009;P013;S039;1;99529.19;0.03;96543.31
SO00868;1;O02646;20250728;2025-07-28;C0064;P020;S013;1;64710.06;0.08;59533.25
SO00869;1;O02647;20250807;2025-08-07;C0183;P007;S038;1;45926.32;0.05;43630.0
SO00869;2;O02647;20250807;2025-08-07;C0183;P048;S038;1;24781.16;0.05;23542.11
SO00870;1;O02649;20250801;2025-08-01;C0129;P010;S026;1;57827.2;0.03;56092.38
SO00871;1;O02652;20250729;2025-07-29;C0654;P018;S007;1;9782.64;0.12;9469.59
SO00871;2;O02652;20250729;2025-07-29;C0654;P042;S007;1;19402.04;0.12;18781.18
SO00872;1;O02653;20250728;2025-07-28;C0017;P032;S008;3;44741.2;0;134223.6
SO00872;2;O02653;20250728;2025-07-28;C0017;P047;S008;1;131652.96;0;131652.96
SO00873;1;O02659;20250810;2025-08-10;C0140;P012;S014;1;38860.12;0;42746.13
SO00874;1;O02661;20250816;2025-08-16;C0069;P043;S003;3;28296.49;0.05;88709.5
SO00874;2;O02661;20250816;2025-08-16;C0069;P002;S003;1;76306.72;0.03;81419.27
SO00875;1;O02663;20250727;2025-07-27;C0686;P013;S025;1;25471.28;0.05;24197.72
SO00876;1;O02670;20250811;2025-08-11;C0033;P029;S008;1;78103.08;0.05;74197.93
SO00877;1;O02673;20250725;2025-07-25;C0054;P014;S007;1;65593.2;0.08;66380.32
SO00878;1;O02682;20250814;2025-08-14;C0010;P019;S038;2;47246.36;0.03;91657.94
SO00879;1;O02683;20250727;2025-07-27;C0096;P011;S036;1;28774.7;0.05;27335.97
SO00879;2;O02683;20250727;2025-07-27;C0096;P032;S036;2;10098.7;0.08;18581.61
SO00879;3;O02683;20250727;2025-07-27;C0096;P036;S036;1;49083.62;0.03;47611.11
SO00880;1;O02691;20250806;2025-08-06;C0088;P011;S014;1;37600.04;0;41360.05
SO00880;2;O02691;20250806;2025-08-06;C0088;P041;S014;1;47610.42;0.03;50800.32
SO00880;3;O02691;20250806;2025-08-06;C0088;P043;S014;1;39063.92;0.05;40821.8
SO00881;1;O02693;20250804;2025-08-04;C0276;P009;S007;1;72853.58;0.08;73727.82
SO00882;1;O02695;20250811;2025-08-11;C0149;P016;S033;1;16361.91;0.03;15871.05
SO00883;1;O02696;20250822;2025-08-22;C0087;P023;S003;1;71934.67;0;79128.13
SO00884;1;O02699;20250725;2025-07-25;C0088;P018;S022;1;54817.66;0.05;57284.45
SO00884;2;O02699;20250725;2025-07-25;C0088;P049;S022;1;70276.87;0.05;73439.33
SO00885;1;O02700;20250808;2025-08-08;C0040;P033;S034;1;30453.13;0.05;28930.47
SO00886;1;O02703;20250730;2025-07-30;C0596;P025;S023;1;12769.65;0.08;11748.08
SO00887;1;O02705;20250729;2025-07-29;C0259;P031;S012;1;17861.59;0.05;16968.51
SO00888;1;O02706;20250823;2025-08-23;C0514;P029;S017;1;27098.32;0;27098.32
SO00889;1;O02707;20250728;2025-07-28;C0236;P044;S008;1;10405.86;0.12;9157.16
SO00890;1;O02708;20250802;2025-08-02;C0610;P002;S039;1;24851.74;0.08;22863.6
SO00891;1;O02716;20250802;2025-08-02;C0066;P010;S016;1;119305.34;0.08;109760.91
SO00891;2;O02716;20250802;2025-08-02;C0066;P017;S016;1;132948.99;0;132948.99
SO00892;1;O02722;20250724;2025-07-24;C0089;P026;S038;1;62000.55;0.12;54560.48
SO00892;2;O02722;20250724;2025-07-24;C0089;P001;S038;1;73339.46;0.05;69672.49
SO00893;1;O02723;20250716;2025-07-16;C0329;P043;S027;3;11345.99;0.05;32336.07
SO00894;1;O02724;20250720;2025-07-20;C0239;P046;S022;1;16275.15;0.03;17365.58
SO00894;2;O02724;20250720;2025-07-20;C0239;P045;S022;1;34973.94;0;38471.33
SO00894;3;O02724;20250720;2025-07-20;C0239;P041;S022;1;17336.06;0.08;17544.09
SO00895;1;O02725;20250813;2025-08-13;C0071;P005;S028;1;108267.24;0.05;102853.88
SO00895;2;O02725;20250813;2025-08-13;C0071;P044;S028;2;17848.14;0.03;34625.38
SO00896;1;O02727;20250805;2025-08-05;C0301;P019;S029;2;12090.99;0.03;23456.51
SO00897;1;O02730;20250817;2025-08-17;C0086;P025;S022;1;34761.0;0.05;36325.24
SO00897;2;O02730;20250817;2025-08-17;C0086;P007;S022;1;83221.44;0.12;80558.35
SO00898;1;O02731;20250812;2025-08-12;C0297;P002;S028;1;41134.67;0.08;37843.9
SO00899;1;O02733;20250804;2025-08-04;C0012;P020;S030;1;165010.3;0.08;151809.48
SO00900;1;O02734;20250726;2025-07-26;C0044;P044;S033;1;17301.75;0.05;16436.66
SO00901;1;O02735;20250805;2025-08-05;C0203;P044;S002;1;12384.64;0.05;11765.41
SO00901;2;O02735;20250805;2025-08-05;C0203;P028;S002;1;64577.75;0.03;62640.41
SO00902;1;O02742;20250730;2025-07-30;C0155;P032;S025;2;14616.26;0.05;27770.9
SO00902;2;O02742;20250730;2025-07-30;C0155;P039;S025;3;9170.71;0.08;25311.16
SO00902;3;O02742;20250730;2025-07-30;C0155;P044;S025;2;16105.75;0.05;30600.93
SO00903;1;O02745;20250802;2025-08-02;C0030;P012;S019;1;55823.88;0;55823.88
SO00904;1;O02754;20250830;2025-08-30;C0003;P010;S029;1;163092.93;0.03;158200.14
SO00905;1;O02758;20250812;2025-08-12;C0041;P040;S022;1;56910.68;0.03;60723.69
SO00906;1;O02764;20250719;2025-07-19;C0077;P027;S007;1;113620.45;0.05;118733.37
SO00907;1;O02766;20250804;2025-08-04;C0421;P023;S017;1;23807.89;0.05;22617.5
SO00907;2;O02766;20250804;2025-08-04;C0421;P046;S017;1;11473.2;0;11473.2
SO00908;1;O02767;20250809;2025-08-09;C0324;P021;S020;1;18421.52;0.03;17868.88
SO00908;2;O02767;20250809;2025-08-09;C0324;P020;S020;1;16448.81;0.08;15132.91
SO00908;3;O02767;20250809;2025-08-09;C0324;P037;S020;2;2919.25;0.08;5371.41
SO00909;1;O02768;20250828;2025-08-28;C0496;P002;S004;1;32794.66;0.03;31810.82
SO00910;1;O02769;20250813;2025-08-13;C0063;P014;S014;1;50310.38;0.12;48700.45
SO00911;1;O02771;20250819;2025-08-19;C0044;P045;S029;1;75665.31;0.05;71882.05
SO00911;2;O02771;20250819;2025-08-19;C0044;P045;S029;1;86440.26;0;86440.26
SO00911;3;O02771;20250819;2025-08-19;C0044;P040;S029;1;47048.42;0.08;43284.54
SO00912;1;O02772;20250817;2025-08-17;C0295;P001;S035;1;32343.64;0.03;31373.33
SO00913;1;O02773;20250803;2025-08-03;C0285;P023;S010;1;39290.1;0;39290.1
SO00914;1;O02774;20250728;2025-07-28;C0189;P006;S025;1;49821.26;0.08;45835.56
SO00915;1;O02777;20250819;2025-08-19;C0267;P046;S009;1;30509.74;0.08;28068.96
SO00916;1;O02781;20250801;2025-08-01;C0650;P031;S024;2;7190.06;0.08;13229.7
SO00917;1;O02789;20250728;2025-07-28;C0012;P046;S034;1;75501.75;0.08;69461.61
SO00917;2;O02789;20250728;2025-07-28;C0012;P041;S034;1;97605.75;0.03;94677.58
SO00918;1;O02792;20250812;2025-08-12;C0073;P010;S022;1;123399.16;0.05;128952.12
SO00919;1;O02796;20250813;2025-08-13;C0174;P014;S027;1;42709.91;0.12;37584.72
SO00919;2;O02796;20250813;2025-08-13;C0174;P026;S027;1;45765.99;0.05;43477.69
SO00920;1;O02800;20250730;2025-07-30;C0400;P004;S009;1;16199.82;0.03;15713.83
SO00920;2;O02800;20250730;2025-07-30;C0400;P018;S009;1;8359.77;0.03;8108.98
SO00921;1;O02802;20250724;2025-07-24;C0071;P025;S014;1;47135.0;0.03;50293.05
SO00922;1;O02805;20250818;2025-08-18;C0683;P024;S025;1;14310.0;0.05;13594.5
SO00923;1;O02806;20250801;2025-08-01;C0073;P025;S022;1;35749.89;0.05;37358.63
SO00923;2;O02806;20250801;2025-08-01;C0073;P050;S022;1;19991.12;0.03;21330.52
SO00924;1;O02809;20250814;2025-08-14;C0366;P012;S040;1;25000.42;0.05;23750.4
SO00925;1;O02810;20250722;2025-07-22;C0184;P009;S015;1;67692.6;0.05;64307.97
SO00925;2;O02810;20250722;2025-07-22;C0184;P024;S015;1;24607.38;0.03;23869.16
SO00926;1;O02811;20250802;2025-08-02;C0148;P017;S022;1;69030.74;0.05;72137.12
SO00926;2;O02811;20250802;2025-08-02;C0148;P038;S022;2;9103.67;0.12;17624.71
SO00927;1;O02812;20250723;2025-07-23;C0083;P008;S031;1;138202.92;0.03;134056.83
SO00927;2;O02812;20250723;2025-07-23;C0083;P043;S031;3;34743.78;0.05;99019.78
SO00928;1;O02813;20250802;2025-08-02;C0206;P039;S022;1;10390.29;0;11429.31
SO00929;1;O02816;20250823;2025-08-23;C0035;P011;S004;1;46771.86;0.03;45368.7
SO00929;2;O02816;20250823;2025-08-23;C0035;P001;S004;1;40576.11;0.03;39358.83
SO00930;1;O02817;20250921;2025-09-21;C0164;P033;S022;1;29652.39;0;32617.63
SO00931;1;O02818;20250919;2025-09-19;C0484;P033;S035;1;9948.77;0.08;9152.87
SO00931;2;O02818;20250919;2025-09-19;C0484;P003;S035;1;10088.62;0.03;9785.96
SO00931;3;O02818;20250919;2025-09-19;C0484;P021;S035;1;16383.06;0.05;15563.9
SO00932;1;O02822;20250906;2025-09-06;C0087;P027;S030;1;64966.37;0.12;57170.4
SO00933;1;O02825;20250916;2025-09-16;C0318;P015;S014;1;37093.24;0;40802.57
SO00933;2;O02825;20250916;2025-09-16;C0318;P044;S014;1;7593.84;0.05;7935.56
SO00933;3;O02825;20250916;2025-09-16;C0318;P041;S014;1;16615.35;0.03;17728.57
SO00934;1;O02827;20250909;2025-09-09;C0095;P011;S028;1;26022.04;0.05;24720.94
SO00935;1;O02829;20250903;2025-09-03;C0044;P040;S029;1;46044.98;0.12;40519.58
SO00935;2;O02829;20250903;2025-09-03;C0044;P006;S029;1;111205.01;0.05;105644.76
SO00936;1;O02831;20250830;2025-08-30;C0037;P016;S001;1;34239.6;0.08;31500.43
SO00936;2;O02831;20250830;2025-08-30;C0037;P049;S001;1;54914.64;0.08;50521.47
SO00936;3;O02831;20250830;2025-08-30;C0037;P016;S001;1;37236.06;0;37236.06
SO00937;1;O02839;20250905;2025-09-05;C0032;P026;S036;1;46519.56;0;46519.56
SO00937;2;O02839;20250905;2025-09-05;C0032;P034;S036;1;50421.16;0.08;46387.46
SO00938;1;O02842;20251002;2025-10-02;C0248;P001;S015;1;39670.7;0.08;36497.05
SO00938;2;O02842;20251002;2025-10-02;C0248;P047;S015;1;44275.8;0.05;42062.01
SO00939;1;O02843;20250901;2025-09-01;C0262;P008;S032;1;110822.53;0.05;105281.4
SO00939;2;O02843;20250901;2025-09-01;C0262;P046;S032;1;25635.57;0.05;24353.79
SO00940;1;O02844;20250915;2025-09-15;C0045;P014;S020;1;81566.75;0.05;77488.41
SO00940;2;O02844;20250915;2025-09-15;C0045;P041;S020;1;47120.66;0.08;43351.0
SO00941;1;O02846;20250826;2025-08-26;C0089;P040;S040;1;57292.43;0.05;54427.8
SO00942;1;O02849;20250917;2025-09-17;C0175;P008;S004;1;65424.73;0.05;62153.5
SO00942;2;O02849;20250917;2025-09-17;C0175;P047;S004;1;31731.21;0;31731.21
SO00943;1;O02850;20250908;2025-09-08;C0416;P040;S019;1;16242.47;0.12;14293.38
SO00944;1;O02851;20250829;2025-08-29;C0422;P045;S039;1;28235.42;0.05;26823.65
SO00944;2;O02851;20250829;2025-08-29;C0422;P020;S039;1;24448.23;0.03;23714.78
SO00945;1;O02853;20250817;2025-08-17;C0202;P019;S022;2;20882.84;0.05;43645.14
SO00946;1;O02854;20250828;2025-08-28;C0049;P019;S014;2;29903.82;0.12;57893.79
SO00946;2;O02854;20250828;2025-08-28;C0049;P022;S014;1;46655.05;0.08;47214.91
SO00946;3;O02854;20250828;2025-08-28;C0049;P050;S014;2;17619.25;0.03;37599.49
SO00947;1;O02855;20250922;2025-09-22;C0550;P041;S001;1;9090.61;0.03;8817.89
SO00948;1;O02858;20250910;2025-09-10;C0004;P009;S007;1;233885.96;0;257274.55
SO00948;2;O02858;20250910;2025-09-10;C0004;P038;S007;2;19055.54;0.05;39826.08
SO00949;1;O02861;20250910;2025-09-10;C0697;P049;S005;1;15514.38;0.05;14738.66
SO00949;2;O02861;20250910;2025-09-10;C0697;P004;S005;1;19048.71;0.08;17524.81
SO00950;1;O02863;20250910;2025-09-10;C0196;P015;S008;1;38489.86;0.05;36565.36
SO00950;2;O02863;20250910;2025-09-10;C0196;P047;S008;1;27525.41;0.12;24222.36
SO00951;1;O02864;20250827;2025-08-27;C0445;P029;S007;1;28590.04;0;31449.04
SO00952;1;O02868;20250828;2025-08-28;C0054;P042;S003;1;68024.93;0.05;71086.05
SO00952;2;O02868;20250828;2025-08-28;C0054;P047;S003;1;53052.18;0.05;55439.53
SO00952;3;O02868;20250828;2025-08-28;C0054;P043;S003;3;28611.38;0;94417.56
SO00953;1;O02870;20250903;2025-09-03;C0194;P036;S033;1;34422.91;0.05;32701.76
SO00953;2;O02870;20250903;2025-09-03;C0194;P032;S033;3;7063.31;0.08;19494.75
SO00953;3;O02870;20250903;2025-09-03;C0194;P039;S033;1;7522.05;0.05;7145.95
SO00954;1;O02877;20250920;2025-09-20;C0562;P042;S033;1;26470.22;0.12;23293.8
SO00954;2;O02877;20250920;2025-09-20;C0562;P032;S033;1;6647.61;0.05;6315.23
SO00954;3;O02877;20250920;2025-09-20;C0562;P039;S033;3;6018.11;0.08;16609.97
SO00955;1;O02880;20250822;2025-08-22;C0274;P007;S036;1;51592.24;0.08;47464.86
SO00955;2;O02880;20250822;2025-08-22;C0274;P048;S036;1;39662.4;0;39662.4
SO00956;1;O02883;20250907;2025-09-07;C0158;P031;S039;3;10283.68;0;30851.05
SO00957;1;O02886;20250903;2025-09-03;C0150;P037;S040;1;7350.74;0.08;6762.68
SO00957;2;O02886;20250903;2025-09-03;C0150;P045;S040;1;61589.86;0.03;59742.16
SO00958;1;O02890;20250905;2025-09-05;C0321;P016;S025;1;7855.89;0.08;7227.42
SO00958;2;O02890;20250905;2025-09-05;C0321;P050;S025;2;6157.93;0.03;11946.39
SO00959;1;O02891;20250831;2025-08-31;C0175;P028;S007;1;62398.41;0;68638.26
SO00959;2;O02891;20250831;2025-08-31;C0175;P049;S007;1;38996.77;0.03;41609.56
SO00959;3;O02891;20250831;2025-08-31;C0175;P011;S007;1;16648.71;0.12;16115.95
SO00960;1;O02896;20250914;2025-09-14;C0273;P025;S032;1;27110.8;0.08;24941.93
SO00960;2;O02896;20250914;2025-09-14;C0273;P001;S032;1;23580.31;0.03;22872.9
SO00961;1;O02898;20250827;2025-08-27;C0447;P049;S014;1;20543.29;0.05;21467.74
SO00961;2;O02898;20250827;2025-08-27;C0447;P035;S014;1;32619.4;0.05;34087.27
SO00962;1;O02902;20250919;2025-09-19;C0079;P015;S025;1;109872.88;0.05;104379.23
SO00962;2;O02902;20250919;2025-09-19;C0079;P047;S025;1;65049.44;0;65049.44
SO00962;3;O02902;20250919;2025-09-19;C0079;P027;S025;1;70667.54;0.05;67134.17
SO00963;1;O02903;20250902;2025-09-02;C0034;P013;S009;1;58641.32;0.12;51604.36
SO00964;1;O02905;20250909;2025-09-09;C0241;P033;S005;1;16995.57;0.08;15635.92
SO00964;2;O02905;20250909;2025-09-09;C0241;P010;S005;1;53285.98;0.08;49023.1
SO00965;1;O02912;20250913;2025-09-13;C0064;P027;S014;1;56026.8;0.12;54233.94
SO00965;2;O02912;20250913;2025-09-13;C0064;P049;S014;1;61940.64;0.03;66090.66
SO00966;1;O02913;20250902;2025-09-02;C0290;P028;S019;1;81540.94;0.03;79094.71
SO00966;2;O02913;20250902;2025-09-02;C0290;P042;S019;1;45932.56;0.08;42257.96
SO00967;1;O02914;20250912;2025-09-12;C0054;P018;S003;1;40502.84;0;44553.12
SO00967;2;O02914;20250912;2025-09-12;C0054;P049;S003;1;79747.71;0.05;83336.36
SO00968;1;O02916;20250828;2025-08-28;C0146;P030;S029;1;25942.73;0.03;25164.45
SO00968;2;O02916;20250828;2025-08-28;C0146;P041;S029;1;26571.73;0.12;23383.12
SO00969;1;O02918;20250912;2025-09-12;C0666;P020;S003;1;22687.81;0.05;23708.76
SO00970;1;O02920;20250930;2025-09-30;C0054;P036;S003;1;63323.73;0.08;64083.62
SO00971;1;O02921;20250920;2025-09-20;C0007;P035;S004;1;255164.97;0.08;234751.77
SO00971;2;O02921;20250920;2025-09-20;C0007;P016;S004;1;86424.08;0.03;83831.36
SO00972;1;O02922;20250916;2025-09-16;C0120;P023;S038;1;40997.71;0.03;39767.78
SO00972;2;O02922;20250916;2025-09-16;C0120;P043;S038;3;15057.43;0.05;42913.67
SO00973;1;O02924;20250909;2025-09-09;C0002;P002;S008;1;210959.48;0;210959.48
SO00974;1;O02927;20250901;2025-09-01;C0263;P034;S018;1;34821.55;0.12;30642.96
SO00975;1;O02929;20250916;2025-09-16;C0218;P001;S013;1;23844.09;0;23844.09
SO00975;2;O02929;20250916;2025-09-16;C0218;P044;S013;1;10162.56;0.05;9654.43
SO00976;1;O02931;20250827;2025-08-27;C0013;P044;S003;1;47503.0;0;52253.3
SO00976;2;O02931;20250827;2025-08-27;C0013;P025;S003;1;69894.82;0.05;73040.08
SO00977;1;O02934;20250908;2025-09-08;C0018;P026;S011;1;73464.76;0;73464.76
SO00978;1;O02936;20250915;2025-09-15;C0004;P004;S005;1;151116.03;0.05;143560.23
SO00979;1;O02938;20250827;2025-08-27;C0582;P007;S038;1;35750.44;0.05;33962.92
SO00980;1;O02939;20250906;2025-09-06;C0629;P036;S003;1;19171.05;0.05;20033.75
SO00981;1;O02940;20250830;2025-08-30;C0364;P004;S033;1;18560.37;0.12;16333.13
SO00982;1;O02941;20250911;2025-09-11;C0612;P043;S036;2;12991.12;0;25982.25
SO00982;2;O02941;20250911;2025-09-11;C0612;P026;S036;1;19969.45;0.08;18371.89
SO00982;3;O02941;20250911;2025-09-11;C0612;P032;S036;3;5949.32;0.03;17312.52
SO00983;1;O02945;20250906;2025-09-06;C0612;P009;S022;1;53981.4;0.03;57598.15
SO00983;2;O02945;20250906;2025-09-06;C0612;P044;S022;3;8336.17;0;27509.35
SO00983;3;O02945;20250906;2025-09-06;C0612;P048;S022;1;17218.16;0;18939.98
SO00984;1;O02953;20250824;2025-08-24;C0288;P044;S015;1;12783.28;0;12783.28
SO00985;1;O02954;20250917;2025-09-17;C0086;P013;S025;1;86565.92;0.08;79640.65
SO00986;1;O02958;20250917;2025-09-17;C0271;P049;S019;1;29445.22;0;29445.22
SO00986;2;O02958;20250917;2025-09-17;C0271;P005;S019;1;61409.32;0;61409.32
SO00986;3;O02958;20250917;2025-09-17;C0271;P020;S019;1;42868.6;0.05;40725.17
SO00987;1;O02960;20250825;2025-08-25;C0077;P017;S021;1;180165.94;0.03;174760.97
SO00988;1;O02964;20250823;2025-08-23;C0137;P040;S009;1;32187.83;0;32187.83
SO00988;2;O02964;20250823;2025-08-23;C0137;P015;S009;1;71749.96;0.08;66009.96
SO00989;1;O02966;20250903;2025-09-03;C0424;P019;S014;2;7131.31;0;15688.87
SO00990;1;O02971;20250826;2025-08-26;C0177;P009;S022;1;86789.52;0;95468.47
SO00990;2;O02971;20250826;2025-08-26;C0177;P030;S022;1;24915.1;0.03;26584.41
SO00991;1;O02973;20250912;2025-09-12;C0074;P047;S022;1;55182.2;0.03;58879.41
SO00991;2;O02973;20250912;2025-09-12;C0074;P049;S022;1;78952.96;0.03;84242.81
SO00992;1;O02974;20250828;2025-08-28;C0674;P009;S017;1;46804.45;0;46804.45
SO00992;2;O02974;20250828;2025-08-28;C0674;P046;S017;1;11631.37;0.08;10700.86
SO00992;3;O02974;20250828;2025-08-28;C0674;P044;S017;1;9490.37;0.08;8731.14
SO00993;1;O02975;20250906;2025-09-06;C0429;P026;S014;1;18458.35;0;20304.18
SO00994;1;O02976;20250916;2025-09-16;C0107;P014;S027;1;36381.8;0.12;32015.98
SO00994;2;O02976;20250916;2025-09-16;C0107;P042;S027;1;39799.52;0.03;38605.54
SO00994;3;O02976;20250916;2025-09-16;C0107;P009;S027;1;72344.55;0.05;68727.32
SO00995;1;O02983;20250823;2025-08-23;C0433;P008;S009;1;34668.43;0;34668.43
SO00996;1;O02994;20250919;2025-09-19;C0266;P012;S017;1;23540.52;0.03;22834.3
SO00996;2;O02994;20250919;2025-09-19;C0266;P018;S017;1;24406.76;0.03;23674.56
SO00997;1;O02996;20250826;2025-08-26;C0564;P010;S029;1;35284.81;0.05;33520.56
SO00997;2;O02996;20250826;2025-08-26;C0564;P047;S029;1;18898.2;0.05;17953.29
SO00998;1;O03000;20250925;2025-09-25;C0310;P027;S023;1;18627.48;0.03;18068.66
SO00998;2;O03000;20250925;2025-09-25;C0310;P044;S023;2;5045.26;0.05;9585.99
SO00999;1;O03009;20250913;2025-09-13;C0196;P032;S017;3;6916.72;0;20750.17
SO00999;2;O03009;20250913;2025-09-13;C0196;P046;S017;1;20771.88;0.08;19110.13
SO01000;1;O03010;20250821;2025-08-21;C0014;P005;S017;1;165252.4;0.08;152032.21
SO01001;1;O03017;20250821;2025-08-21;C0006;P019;S011;1;51230.98;0;51230.98
SO01001;2;O03017;20250821;2025-08-21;C0006;P002;S011;1;148293.09;0.03;143844.3
SO01002;1;O03019;20250909;2025-09-09;C0286;P027;S012;1;40108.02;0;40108.02
SO01002;2;O03019;20250909;2025-09-09;C0286;P046;S012;1;19262.92;0.05;18299.77
SO01002;3;O03019;20250909;2025-09-09;C0286;P030;S012;1;14974.62;0.05;14225.89
SO01003;1;O03027;20250907;2025-09-07;C0257;P033;S001;1;20931.74;0.05;19885.15
SO01004;1;O03037;20250824;2025-08-24;C0030;P005;S019;1;87165.1;0.05;82806.84
SO01005;1;O03047;20250830;2025-08-30;C0471;P047;S010;1;14114.39;0.05;13408.67
SO01006;1;O03053;20250905;2025-09-05;C0450;P036;S028;1;18596.59;0.08;17108.87
SO01007;1;O03055;20250910;2025-09-10;C0159;P022;S003;1;23556.47;0.03;25134.76
SO01008;1;O03056;20250829;2025-08-29;C0010;P045;S040;1;205523.54;0.08;189081.66
SO01008;2;O03056;20250829;2025-08-29;C0010;P049;S040;1;92065.94;0;92065.94
SO01009;1;O03058;20250907;2025-09-07;C0613;P007;S003;1;17151.19;0.08;17357.0
SO01010;1;O03062;20250820;2025-08-20;C0018;P010;S038;1;187134.97;0.05;177778.22
SO01010;2;O03062;20250820;2025-08-20;C0018;P049;S038;1;108726.66;0;108726.66
SO01010;3;O03062;20250820;2025-08-20;C0018;P031;S038;2;39664.51;0.05;75362.57
SO01011;1;O03063;20250831;2025-08-31;C0103;P045;S012;1;45726.52;0;45726.52
SO01012;1;O03066;20250813;2025-08-13;C0254;P034;S025;1;29777.31;0.12;26204.04
SO01013;1;O03069;20250909;2025-09-09;C0006;P039;S022;1;38387.47;0.08;38848.12
SO01014;1;O03072;20250905;2025-09-05;C0212;P001;S036;1;22981.52;0.08;21143.0
SO01014;2;O03072;20250905;2025-09-05;C0212;P020;S036;1;30844.2;0;30844.2
SO01015;1;O03073;20250826;2025-08-26;C0337;P049;S034;1;13919.36;0;13919.36
SO01016;1;O03074;20250914;2025-09-14;C0221;P010;S020;1;56216.0;0.12;49470.08
SO01016;2;O03074;20250914;2025-09-14;C0221;P032;S020;1;10193.6;0.03;9887.79
SO01017;1;O03080;20250907;2025-09-07;C0385;P039;S032;1;5511.13;0;5511.13
SO01017;2;O03080;20250907;2025-09-07;C0385;P047;S032;1;13922.04;0;13922.04
SO01018;1;O03081;20250911;2025-09-11;C0157;P034;S002;1;38071.88;0;38071.88
SO01019;1;O03085;20250831;2025-08-31;C0034;P044;S014;2;20802.97;0.08;42105.22
SO01020;1;O03091;20250925;2025-09-25;C0108;P015;S014;1;58159.6;0.03;62056.29
SO01020;2;O03091;20250925;2025-09-25;C0108;P048;S014;1;21866.23;0;24052.85
SO01021;1;O03094;20250911;2025-09-11;C0251;P014;S033;1;41015.93;0.05;38965.14
SO01021;2;O03094;20250911;2025-09-11;C0251;P042;S033;1;40754.56;0;40754.56
SO01022;1;O03096;20250913;2025-09-13;C0226;P042;S010;1;36848.95;0;36848.95
SO01022;2;O03096;20250913;2025-09-13;C0226;P017;S010;1;71936.41;0.05;68339.59
SO01023;1;O03102;20250827;2025-08-27;C0686;P001;S011;1;12945.65;0;12945.65
SO01023;2;O03102;20250827;2025-08-27;C0686;P033;S011;1;12268.48;0.05;11655.05
SO01024;1;O03106;20250907;2025-09-07;C0497;P035;S035;1;29811.7;0.03;28917.35
SO01025;1;O03109;20250814;2025-08-14;C0049;P029;S024;1;54053.32;0.05;51350.65
SO01026;1;O03112;20250821;2025-08-21;C0456;P013;S010;1;27300.16;0.12;24024.14
SO01026;2;O03112;20250821;2025-08-21;C0456;P050;S010;2;8575.89;0.08;15779.64
SO01027;1;O03116;20250910;2025-09-10;C0170;P043;S015;1;15750.44;0.12;13860.39
SO01027;2;O03116;20250910;2025-09-10;C0170;P002;S015;1;62693.65;0.05;59558.97
SO01027;3;O03116;20250910;2025-09-10;C0170;P049;S015;1;49792.48;0.08;45809.08
SO01028;1;O03118;20250917;2025-09-17;C0233;P050;S014;1;12263.88;0.12;11871.44
SO01028;2;O03118;20250917;2025-09-17;C0233;P048;S014;1;22584.97;0;24843.46
SO01029;1;O03119;20250824;2025-08-24;C0192;P028;S008;1;73174.87;0.05;69516.13
SO01030;1;O03126;20250918;2025-09-18;C0690;P013;S025;1;23058.36;0.08;21213.69
SO01031;1;O03130;20250908;2025-09-08;C0125;P031;S019;1;12337.77;0.03;11967.63
SO01032;1;O03133;20250905;2025-09-05;C0014;P028;S001;1;231489.54;0;231489.54
SO01032;2;O03133;20250905;2025-09-05;C0014;P038;S001;3;28985.05;0;86955.14
SO01033;1;O03135;20250827;2025-08-27;C0134;P050;S014;1;15557.42;0.03;16599.77
SO01034;1;O03138;20250903;2025-09-03;C0266;P021;S015;1;34496.21;0.03;33461.32
SO01035;1;O03139;20250916;2025-09-16;C0398;P002;S022;1;20739.82;0.08;20988.69
SO01035;2;O03139;20250916;2025-09-16;C0398;P049;S022;1;15671.18;0.08;15859.23
SO01035;3;O03139;20250916;2025-09-16;C0398;P050;S022;1;5314.27;0.12;5144.21
SO01036;1;O03141;20250918;2025-09-18;C0612;P015;S038;1;43112.02;0.03;41818.66
SO01037;1;O03144;20250921;2025-09-21;C0684;P025;S001;1;15057.73;0.05;14304.84
SO01037;2;O03144;20250921;2025-09-21;C0684;P034;S001;1;26500.53;0.03;25705.52
SO01038;1;O03157;20250906;2025-09-06;C0044;P006;S020;1;80219.63;0.03;77813.04
SO01038;2;O03157;20250906;2025-09-06;C0044;P024;S020;1;38077.91;0.05;36174.01
SO01038;3;O03157;20250906;2025-09-06;C0044;P005;S020;1;68914.56;0.05;65468.83
SO01039;1;O03158;20250912;2025-09-12;C0045;P003;S017;1;46123.3;0.12;40588.51
SO01040;1;O03160;20250906;2025-09-06;C0062;P037;S032;3;11765.53;0.12;31060.99
SO01041;1;O03161;20250819;2025-08-19;C0200;P025;S003;1;14847.45;0.05;15515.58
SO01042;1;O03164;20250919;2025-09-19;C0295;P020;S038;1;47012.12;0;47012.12
SO01043;1;O03166;20250824;2025-08-24;C0114;P009;S026;1;54502.56;0;54502.56
SO01043;2;O03166;20250824;2025-08-24;C0114;P003;S026;1;18289.52;0.12;16094.77
SO01044;1;O03168;20250829;2025-08-29;C0157;P043;S021;2;22178.82;0.12;39034.72
SO01045;1;O03169;20250825;2025-08-25;C0038;P025;S027;1;39352.36;0;39352.36
SO01045;2;O03169;20250825;2025-08-25;C0038;P050;S027;3;22472.23;0;67416.69
SO01046;1;O03170;20250825;2025-08-25;C0238;P029;S009;1;36934.84;0.05;35088.1
SO01047;1;O03173;20250916;2025-09-16;C0537;P022;S034;1;15141.16;0.08;13929.87
SO01047;2;O03173;20250916;2025-09-16;C0537;P029;S034;1;14954.9;0.05;14207.15
SO01047;3;O03173;20250916;2025-09-16;C0537;P025;S034;1;11888.16;0.05;11293.75
SO01048;1;O03177;20250819;2025-08-19;C0257;P042;S022;1;32211.37;0.08;32597.91
SO01049;1;O03179;20250922;2025-09-22;C0529;P047;S014;1;16289.66;0.08;16485.14
SO01049;2;O03179;20250922;2025-09-22;C0529;P044;S014;2;4675.47;0;10286.03
SO01049;3;O03179;20250922;2025-09-22;C0529;P035;S014;1;32103.5;0.05;33548.16
SO01050;1;O03180;20250831;2025-08-31;C0121;P013;S014;1;44868.78;0.03;47874.98
SO01050;2;O03180;20250831;2025-08-31;C0121;P018;S014;1;20163.33;0;22179.66
SO01050;3;O03180;20250831;2025-08-31;C0121;P040;S014;1;24477.22;0.03;26117.2
SO01051;1;O03182;20250827;2025-08-27;C0298;P005;S022;1;46835.86;0.12;45337.11
SO01052;1;O03185;20250910;2025-09-10;C0052;P048;S003;1;46202.36;0.05;48281.46
SO01053;1;O03186;20250906;2025-09-06;C0343;P010;S002;1;25916.97;0.05;24621.12
SO01054;1;O03188;20250911;2025-09-11;C0055;P042;S003;1;79786.42;0.05;83376.81
SO01054;2;O03188;20250911;2025-09-11;C0055;P041;S003;1;53139.54;0.03;56699.89
SO01054;3;O03188;20250911;2025-09-11;C0055;P044;S003;2;19470.55;0.12;37694.99
SO01055;1;O03190;20250908;2025-09-08;C0163;P021;S038;1;23472.22;0.05;22298.61
SO01056;1;O03191;20250902;2025-09-02;C0679;P045;S007;1;26201.7;0.05;27380.78
SO01057;1;O03193;20250906;2025-09-06;C0680;P044;S022;1;7082.29;0.08;7167.27
SO01058;1;O03196;20250905;2025-09-05;C0008;P019;S009;1;94273.62;0;94273.62
SO01059;1;O03197;20250901;2025-09-01;C0241;P001;S003;1;23662.9;0;26029.19
SO01060;1;O03200;20250929;2025-09-29;C0121;P050;S009;3;11868.27;0.08;32756.42
SO01060;2;O03200;20250929;2025-09-29;C0121;P049;S009;1;34077.9;0.12;29988.55
SO01061;1;O03201;20250906;2025-09-06;C0007;P024;S028;1;96772.83;0.03;93869.64
SO01061;2;O03201;20250906;2025-09-06;C0007;P046;S028;1;120772.6;0;120772.6
SO01061;3;O03201;20250906;2025-09-06;C0007;P044;S028;2;41061.68;0.08;75553.49
SO01062;1;O03204;20250902;2025-09-02;C0107;P028;S010;1;63221.69;0.03;61325.04
SO01062;2;O03204;20250902;2025-09-02;C0107;P022;S010;1;19424.8;0.12;17093.82
SO01063;1;O03205;20250823;2025-08-23;C0129;P007;S011;1;53523.93;0;53523.93
SO01063;2;O03205;20250823;2025-08-23;C0129;P043;S011;3;18814.07;0.03;54748.93
SO01064;1;O03206;20250815;2025-08-15;C0242;P003;S003;1;18409.28;0.05;19237.7
SO01064;2;O03206;20250815;2025-08-15;C0242;P046;S003;1;25653.2;0.05;26807.59
SO01065;1;O03212;20250823;2025-08-23;C0022;P028;S010;1;196891.66;0.03;190984.91
SO01065;2;O03212;20250823;2025-08-23;C0022;P003;S010;1;34104.97;0.05;32399.72
SO01066;1;O03219;20250831;2025-08-31;C0189;P007;S025;1;34489.45;0;34489.45
SO01066;2;O03219;20250831;2025-08-31;C0189;P042;S025;1;32415.01;0.05;30794.26
SO01067;1;O03223;20250919;2025-09-19;C0036;P022;S032;1;42009.97;0.05;39909.47
SO01068;1;O03224;20250824;2025-08-24;C0148;P028;S012;1;98518.46;0.03;95562.9
SO01069;1;O03225;20250911;2025-09-11;C0008;P001;S032;1;97861.94;0.08;90032.99
SO01070;1;O03228;20250903;2025-09-03;C0229;P004;S039;1;34445.11;0;34445.11
SO01070;2;O03228;20250903;2025-09-03;C0229;P009;S039;1;89767.05;0.03;87074.04
SO01071;1;O03231;20250827;2025-08-27;C0633;P008;S028;1;40237.78;0.05;38225.89
SO01072;1;O03234;20250913;2025-09-13;C0049;P046;S013;1;31515.74;0.05;29939.95
SO01072;2;O03234;20250913;2025-09-13;C0049;P042;S013;1;82454.37;0.12;72559.85
SO01072;3;O03234;20250913;2025-09-13;C0049;P048;S013;1;59756.6;0.12;52585.81
SO01073;1;O03247;20250928;2025-09-28;C0439;P041;S040;1;20131.05;0.05;19124.5
SO01074;1;O03250;20251004;2025-10-04;C0026;P003;S029;1;31530.39;0.05;29953.87
SO01075;1;O03251;20251010;2025-10-10;C0055;P007;S011;1;71864.9;0;71864.9
SO01075;2;O03251;20251010;2025-10-10;C0055;P049;S011;1;61146.5;0.05;58089.17
SO01076;1;O03255;20251027;2025-10-27;C0230;P006;S038;1;73506.8;0.12;64685.99
SO01077;1;O03256;20251025;2025-10-25;C0144;P022;S015;1;23917.68;0;23917.68
SO01078;1;O03257;20251018;2025-10-18;C0017;P033;S015;1;68512.31;0.05;65086.69
SO01078;2;O03257;20251018;2025-10-18;C0017;P022;S015;1;95836.08;0;95836.08
SO01078;3;O03257;20251018;2025-10-18;C0017;P046;S015;1;96907.2;0.05;92061.84
SO01079;1;O03260;20251022;2025-10-22;C0243;P049;S003;1;46089.59;0.08;46642.67
SO01079;2;O03260;20251022;2025-10-22;C0243;P048;S003;1;36041.94;0;39646.14
SO01080;1;O03262;20251025;2025-10-25;C0477;P012;S007;1;21488.16;0;23636.98
SO01081;1;O03263;20251027;2025-10-27;C0270;P040;S022;1;24601.37;0.08;24896.59
SO01081;2;O03263;20251027;2025-10-27;C0270;P003;S022;1;19968.36;0.03;21306.24
SO01082;1;O03265;20251015;2025-10-15;C0040;P024;S012;1;43013.23;0.08;39572.17
SO01083;1;O03269;20251018;2025-10-18;C0199;P049;S014;1;29364.71;0.12;28425.04
SO01084;1;O03275;20250930;2025-09-30;C0033;P011;S026;1;49378.99;0.12;43453.51
SO01085;1;O03276;20251026;2025-10-26;C0018;P025;S029;1;57637.81;0.05;54755.92
SO01085;2;O03276;20251026;2025-10-26;C0018;P041;S029;1;79454.33;0.08;73097.98
SO01086;1;O03282;20251003;2025-10-03;C0003;P015;S013;1;212010.18;0.03;205649.88
SO01086;2;O03282;20251003;2025-10-03;C0003;P023;S013;1;151617.41;0.08;139488.02
SO01087;1;O03283;20251003;2025-10-03;C0154;P025;S022;1;19818.43;0.03;21146.26
SO01088;1;O03284;20251015;2025-10-15;C0052;P004;S015;1;58531.3;0.08;53848.8
SO01088;2;O03284;20251015;2025-10-15;C0052;P042;S015;1;73974.99;0.03;71755.74
SO01089;1;O03287;20251016;2025-10-16;C0067;P017;S011;1;146467.95;0.08;134750.52
SO01090;1;O03288;20250927;2025-09-27;C0129;P041;S022;1;35128.53;0.03;37482.15
SO01091;1;O03289;20250923;2025-09-23;C0475;P042;S023;1;16037.95;0.05;15236.05
SO01092;1;O03297;20251011;2025-10-11;C0392;P019;S032;1;5391.67;0;5391.67
SO01092;2;O03297;20251011;2025-10-11;C0392;P018;S032;1;13098.66;0;13098.66
SO01093;1;O03299;20251009;2025-10-09;C0092;P029;S035;1;54435.14;0.08;50080.33
SO01094;1;O03302;20251024;2025-10-24;C0320;P050;S029;2;7967.37;0;15934.74
SO01094;2;O03302;20251024;2025-10-24;C0320;P039;S029;3;6280.59;0.05;17899.69
SO01095;1;O03310;20251002;2025-10-02;C0467;P022;S033;1;10765.12;0.12;9473.31
SO01096;1;O03311;20251020;2025-10-20;C0700;P017;S007;1;37195.46;0.05;38869.26
SO01096;2;O03311;20251020;2025-10-20;C0700;P043;S007;3;10165.95;0.05;31870.26
SO01097;1;O03312;20250929;2025-09-29;C0010;P008;S040;1;262880.25;0.05;249736.23
SO01098;1;O03316;20251015;2025-10-15;C0298;P029;S018;1;28814.67;0.08;26509.5
SO01099;1;O03320;20251012;2025-10-12;C0452;P020;S020;1;18227.98;0.05;17316.59
SO01100;1;O03324;20251006;2025-10-06;C0229;P035;S036;1;72351.34;0;72351.34
SO01100;2;O03324;20251006;2025-10-06;C0229;P025;S036;1;20230.11;0.03;19623.2
SO01100;3;O03324;20251006;2025-10-06;C0229;P035;S036;1;53962.2;0;53962.2
SO01101;1;O03325;20251009;2025-10-09;C0017;P016;S003;1;88736.66;0.03;94682.02
SO01102;1;O03326;20250927;2025-09-27;C0225;P017;S008;1;79258.39;0.05;75295.47
SO01102;2;O03326;20250927;2025-09-27;C0225;P013;S008;1;49326.13;0;49326.13
SO01102;3;O03326;20250927;2025-09-27;C0225;P008;S008;1;89603.71;0;89603.71
SO01103;1;O03329;20251016;2025-10-16;C0044;P003;S033;1;37551.19;0.03;36424.66
SO01104;1;O03330;20251020;2025-10-20;C0082;P007;S014;1;54409.98;0.08;55062.9
SO01105;1;O03331;20251026;2025-10-26;C0673;P050;S007;2;7436.14;0.05;15541.53
SO01105;2;O03331;20251026;2025-10-26;C0673;P049;S007;1;17700.22;0.08;17912.62
SO01106;1;O03335;20251007;2025-10-07;C0121;P025;S022;1;25687.07;0.08;25995.31
SO01107;1;O03336;20250928;2025-09-28;C0443;P025;S012;1;12345.49;0.03;11975.13
SO01108;1;O03340;20251005;2025-10-05;C0068;P010;S025;1;112982.11;0;112982.11
SO01109;1;O03343;20251014;2025-10-14;C0139;P031;S040;2;9587.86;0.08;17641.66
SO01110;1;O03344;20251018;2025-10-18;C0107;P031;S022;1;10702.64;0.08;10831.07
SO01111;1;O03346;20251011;2025-10-11;C0476;P018;S021;1;16051.93;0.08;14767.78
SO01111;2;O03346;20251011;2025-10-11;C0476;P045;S021;1;26439.45;0.05;25117.48
SO01112;1;O03350;20250917;2025-09-17;C0618;P035;S014;1;35471.19;0.03;37847.76
SO01113;1;O03354;20251010;2025-10-10;C0032;P012;S036;1;40531.6;0;40531.6
SO01113;2;O03354;20251010;2025-10-10;C0032;P007;S036;1;70458.28;0.05;66935.37
SO01114;1;O03355;20250926;2025-09-26;C0037;P044;S003;1;20849.1;0.08;21099.29
SO01114;2;O03355;20250926;2025-09-26;C0037;P034;S003;1;63147.28;0.05;65988.91
SO01114;3;O03355;20250926;2025-09-26;C0037;P012;S003;1;45219.19;0.05;47254.05
SO01115;1;O03357;20251011;2025-10-11;C0232;P049;S029;1;34828.38;0.12;30648.98
SO01116;1;O03358;20251021;2025-10-21;C0017;P001;S007;1;105880.75;0.08;107151.31
SO01117;1;O03360;20251006;2025-10-06;C0537;P036;S040;1;16301.17;0.05;15486.11
SO01117;2;O03360;20251006;2025-10-06;C0537;P048;S040;1;17045.54;0;17045.54
SO01118;1;O03365;20250923;2025-09-23;C0284;P004;S013;1;41382.95;0;41382.95
SO01119;1;O03367;20251009;2025-10-09;C0287;P005;S022;1;51678.73;0.05;54004.27
SO01119;2;O03367;20251009;2025-10-09;C0287;P045;S022;1;73135.06;0.05;76426.14
SO01119;3;O03367;20251009;2025-10-09;C0287;P043;S022;3;22129.41;0.03;70836.23
SO01120;1;O03369;20250927;2025-09-27;C0020;P010;S030;1;199934.16;0.08;183939.43
SO01120;2;O03369;20250927;2025-09-27;C0020;P022;S030;1;116929.22;0.05;111082.76
SO01120;3;O03369;20250927;2025-09-27;C0020;P044;S030;2;40713.09;0.05;77354.88
SO01121;1;O03370;20251016;2025-10-16;C0353;P048;S022;1;16014.26;0.12;15501.8
SO01122;1;O03372;20250923;2025-09-23;C0040;P004;S005;1;51004.52;0.05;48454.29
SO01122;2;O03372;20250923;2025-09-23;C0040;P039;S005;2;17068.65;0.08;31406.32
SO01123;1;O03373;20251017;2025-10-17;C0054;P048;S002;1;46414.58;0;46414.58
SO01123;2;O03373;20251017;2025-10-17;C0054;P025;S002;1;48856.95;0.05;46414.11
SO01123;3;O03373;20251017;2025-10-17;C0054;P046;S002;1;55510.38;0.08;51069.55
SO01124;1;O03374;20251007;2025-10-07;C0042;P032;S035;3;18836.36;0.08;51988.36
SO01124;2;O03374;20251007;2025-10-07;C0042;P018;S035;1;64730.54;0.05;61494.02
SO01124;3;O03374;20251007;2025-10-07;C0042;P035;S035;1;94269.95;0;94269.95
SO01125;1;O03376;20250915;2025-09-15;C0662;P023;S022;1;23304.99;0.12;22559.23
SO01126;1;O03378;20251024;2025-10-24;C0077;P024;S014;1;44721.98;0.05;46734.47
SO01127;1;O03379;20251011;2025-10-11;C0003;P037;S038;3;22926.35;0.03;66715.68
SO01128;1;O03384;20251017;2025-10-17;C0497;P014;S036;1;21881.28;0.03;21224.84
SO01129;1;O03385;20251013;2025-10-13;C0078;P040;S036;1;50120.33;0.08;46110.71
SO01130;1;O03388;20251004;2025-10-04;C0238;P030;S040;1;16076.61;0.12;14147.41
SO01130;2;O03388;20251004;2025-10-04;C0238;P042;S040;1;37303.54;0;37303.54
SO01131;1;O03392;20251017;2025-10-17;C0180;P004;S014;1;27539.35;0.03;29384.48
SO01132;1;O03396;20250925;2025-09-25;C0013;P032;S007;2;31305.37;0.05;65428.22
SO01132;2;O03396;20250925;2025-09-25;C0013;P043;S007;3;66143.88;0.03;211726.57
SO01132;3;O03396;20250925;2025-09-25;C0013;P049;S007;1;124477.78;0;136925.56
SO01133;1;O03399;20251019;2025-10-19;C0282;P004;S014;1;33929.85;0.05;35456.69
SO01133;2;O03399;20251019;2025-10-19;C0282;P048;S014;1;22649.69;0.08;22921.48
SO01134;1;O03402;20251011;2025-10-11;C0520;P007;S010;1;24243.84;0.08;22304.33
SO01135;1;O03404;20251018;2025-10-18;C0170;P041;S022;1;33627.72;0.03;35880.78
SO01135;2;O03404;20251018;2025-10-18;C0170;P037;S022;1;8049.82;0.12;7792.22
SO01136;1;O03405;20250930;2025-09-30;C0240;P003;S009;1;22450.89;0;22450.89
SO01137;1;O03409;20250930;2025-09-30;C0088;P048;S014;1;65529.66;0.08;66316.02
SO01138;1;O03410;20251009;2025-10-09;C0004;P023;S017;1;128986.99;0.05;122537.64
SO01139;1;O03416;20251025;2025-10-25;C0167;P043;S024;3;14609.62;0;43828.86
SO01140;1;O03420;20251020;2025-10-20;C0339;P001;S029;1;8855.76;0.05;8412.97
SO01140;2;O03420;20251020;2025-10-20;C0339;P044;S029;3;3779.52;0;11338.55
SO01141;1;O03421;20251013;2025-10-13;C0181;P043;S009;1;17108.64;0.03;16595.38
SO01142;1;O03427;20250927;2025-09-27;C0088;P031;S022;2;28850.0;0.03;61565.9
SO01143;1;O03431;20250922;2025-09-22;C0015;P010;S040;1;189417.78;0.12;166687.65
SO01143;2;O03431;20250922;2025-09-22;C0015;P014;S040;1;128217.27;0.08;117959.89
SO01144;1;O03433;20251005;2025-10-05;C0509;P023;S008;1;19314.98;0.05;18349.23
SO01144;2;O03433;20251005;2025-10-05;C0509;P038;S008;1;2730.93;0.08;2512.46
SO01145;1;O03435;20251013;2025-10-13;C0013;P040;S020;1;86797.06;0.08;79853.29
SO01145;2;O03435;20251013;2025-10-13;C0013;P041;S020;1;72974.88;0.08;67136.89
SO01145;3;O03435;20251013;2025-10-13;C0013;P048;S020;1;106934.59;0.08;98379.82
SO01146;1;O03436;20251009;2025-10-09;C0195;P048;S039;1;27704.84;0;27704.84
SO01147;1;O03438;20251008;2025-10-08;C0090;P019;S039;2;41237.67;0.08;75877.31
SO01148;1;O03440;20250929;2025-09-29;C0011;P027;S023;1;121035.88;0.03;117404.8
SO01149;1;O03442;20251004;2025-10-04;C0046;P033;S026;1;43072.56;0;43072.56
SO01149;2;O03442;20251004;2025-10-04;C0046;P013;S026;1;88588.8;0.08;81501.7
SO01150;1;O03443;20251018;2025-10-18;C0257;P038;S020;3;7154.83;0.03;20820.55
SO01151;1;O03444;20251016;2025-10-16;C0694;P020;S014;1;17863.38;0.05;18667.23
SO01151;2;O03444;20251016;2025-10-16;C0694;P034;S014;1;14087.4;0.05;14721.33
SO01152;1;O03445;20251007;2025-10-07;C0028;P003;S012;1;56038.63;0.03;54357.47
SO01153;1;O03449;20251012;2025-10-12;C0062;P003;S038;1;35023.81;0.08;32221.91
SO01154;1;O03450;20250926;2025-09-26;C0016;P015;S004;1;199616.01;0;199616.01
SO01155;1;O03452;20251019;2025-10-19;C0605;P028;S022;1;31508.88;0.03;33619.97
SO01155;2;O03452;20251019;2025-10-19;C0605;P048;S022;1;11484.0;0.05;12000.78
SO01156;1;O03454;20251016;2025-10-16;C0257;P044;S017;3;11619.78;0.05;33116.38
SO01156;2;O03454;20251016;2025-10-16;C0257;P047;S017;1;36645.81;0;36645.81
SO01157;1;O03455;20251013;2025-10-13;C0288;P003;S008;1;20168.1;0.05;19159.7
SO01157;2;O03455;20251013;2025-10-13;C0288;P047;S008;1;31933.87;0.08;29379.16
SO01158;1;O03456;20251001;2025-10-01;C0204;P002;S028;1;52511.16;0;52511.16
SO01158;2;O03456;20251001;2025-10-01;C0204;P023;S028;1;48057.01;0.12;42290.16
SO01159;1;O03458;20251021;2025-10-21;C0282;P026;S009;1;22072.11;0.05;20968.51
SO01160;1;O03462;20250921;2025-09-21;C0294;P034;S016;1;27086.7;0.03;26274.1
SO01161;1;O03466;20251024;2025-10-24;C0674;P020;S028;1;32572.66;0.05;30944.03
SO01162;1;O03467;20251013;2025-10-13;C0186;P015;S023;1;51257.54;0;51257.54
SO01163;1;O03468;20251012;2025-10-12;C0022;P035;S013;1;137125.39;0.05;130269.12
SO01164;1;O03469;20251005;2025-10-05;C0123;P005;S040;1;51117.02;0.03;49583.51
SO01164;2;O03469;20251005;2025-10-05;C0123;P013;S040;1;66480.6;0.03;64486.18
SO01165;1;O03472;20251011;2025-10-11;C0010;P016;S016;1;54306.42;0.03;52677.22
SO01166;1;O03476;20250920;2025-09-20;C0427;P046;S022;1;12634.2;0.05;13202.74
SO01167;1;O03477;20251021;2025-10-21;C0062;P027;S013;1;77122.99;0.03;74809.3
SO01167;2;O03477;20251021;2025-10-21;C0062;P031;S013;2;18823.65;0.03;36517.88
SO01168;1;O03479;20251016;2025-10-16;C0155;P047;S017;1;44006.66;0.08;40486.13
SO01168;2;O03479;20251016;2025-10-16;C0155;P042;S017;1;39273.43;0;39273.43
SO01169;1;O03482;20251013;2025-10-13;C0006;P041;S009;1;98965.05;0;98965.05
SO01170;1;O03483;20251004;2025-10-04;C0037;P008;S014;1;138016.35;0;151817.98
SO01170;2;O03483;20251004;2025-10-04;C0037;P045;S014;1;89602.24;0;98562.46
SO01171;1;O03487;20251010;2025-10-10;C0267;P034;S014;1;35825.35;0.03;38225.65
SO01171;2;O03487;20251010;2025-10-10;C0267;P042;S014;1;50393.74;0;55433.11
SO01172;1;O03488;20251010;2025-10-10;C0445;P010;S001;1;29957.98;0.03;29059.24
SO01172;2;O03488;20251010;2025-10-10;C0445;P004;S001;1;30403.48;0.05;28883.31
SO01172;3;O03488;20251010;2025-10-10;C0445;P042;S001;1;29728.93;0.03;28837.06
SO01173;1;O03490;20251007;2025-10-07;C0127;P016;S028;1;24154.6;0.08;22222.23
SO01174;1;O03492;20251002;2025-10-02;C0002;P047;S003;1;158916.28;0.05;166067.52
SO01175;1;O03493;20250921;2025-09-21;C0275;P050;S030;1;8274.55;0;8274.55
SO01175;2;O03493;20250921;2025-09-21;C0275;P048;S030;1;24101.58;0.08;22173.45
SO01175;3;O03493;20250921;2025-09-21;C0275;P044;S030;1;11344.99;0.08;10437.39
SO01176;1;O03495;20251003;2025-10-03;C0685;P015;S010;1;35196.45;0.08;32380.74
SO01176;2;O03495;20251003;2025-10-03;C0685;P016;S010;1;13949.27;0.05;13251.8
SO01177;1;O03497;20250925;2025-09-25;C0677;P017;S017;1;43676.71;0.05;41492.87
SO01178;1;O03502;20250918;2025-09-18;C0087;P046;S003;1;47926.88;0.08;48502.0
SO01179;1;O03503;20251005;2025-10-05;C0689;P048;S002;1;16673.99;0.03;16173.77
SO01180;1;O03506;20251008;2025-10-08;C0359;P027;S009;1;14390.2;0;14390.2
SO01181;1;O03509;20251008;2025-10-08;C0459;P010;S007;1;42769.41;0.03;45634.96
SO01182;1;O03513;20250926;2025-09-26;C0345;P002;S014;1;25751.04;0.03;27476.36
SO01183;1;O03514;20250925;2025-09-25;C0017;P037;S020;1;21010.25;0.05;19959.74
SO01184;1;O03520;20251003;2025-10-03;C0316;P007;S020;1;33944.56;0.08;31228.99
SO01185;1;O03521;20251002;2025-10-02;C0003;P016;S038;1;104908.41;0.08;96515.74
SO01186;1;O03526;20251015;2025-10-15;C0074;P028;S022;1;115799.87;0.05;121010.87
SO01187;1;O03534;20251026;2025-10-26;C0014;P027;S030;1;187813.09;0.08;172788.04
SO01187;2;O03534;20251026;2025-10-26;C0014;P012;S030;1;133612.92;0.12;117579.37
SO01188;1;O03536;20251014;2025-10-14;C0560;P050;S012;1;5281.07;0;5281.07
SO01188;2;O03536;20251014;2025-10-14;C0560;P049;S012;1;12695.84;0.05;12061.05
SO01189;1;O03539;20251003;2025-10-03;C0533;P002;S017;1;21632.4;0.03;20983.43
SO01190;1;O03540;20251009;2025-10-09;C0516;P011;S033;1;15183.76;0.08;13969.06
SO01190;2;O03540;20251009;2025-10-09;C0516;P040;S033;1;21020.52;0.08;19338.87
SO01191;1;O03545;20251001;2025-10-01;C0271;P013;S003;1;55419.91;0;60961.9
SO01192;1;O03550;20251004;2025-10-04;C0360;P039;S028;3;6603.53;0.03;19216.26
SO01193;1;O03551;20251007;2025-10-07;C0640;P013;S008;1;20203.26;0.12;17778.87
SO01193;2;O03551;20251007;2025-10-07;C0640;P006;S008;1;18559.98;0;18559.98
SO01194;1;O03553;20251018;2025-10-18;C0690;P008;S025;1;48127.02;0;48127.02
SO01195;1;O03554;20250930;2025-09-30;C0043;P039;S003;2;23845.76;0.12;46165.39
SO01195;2;O03554;20250930;2025-09-30;C0043;P035;S003;1;153688.57;0.05;160604.56
SO01196;1;O03555;20250923;2025-09-23;C0648;P019;S025;1;11564.53;0.08;10639.37
SO01197;1;O03563;20251021;2025-10-21;C0405;P040;S029;1;14469.85;0.03;14035.75
SO01198;1;O03564;20251010;2025-10-10;C0039;P024;S033;1;55451.45;0.12;48797.28
SO01199;1;O03565;20251014;2025-10-14;C0034;P001;S011;1;52136.71;0.05;49529.88
SO01199;2;O03565;20251014;2025-10-14;C0034;P013;S011;1;70787.33;0.05;67247.96
SO01200;1;O03569;20250930;2025-09-30;C0011;P026;S010;1;127169.39;0.05;120810.92
SO01200;2;O03569;20250930;2025-09-30;C0011;P048;S010;1;87903.33;0.03;85266.23
SO01200;3;O03569;20250930;2025-09-30;C0011;P042;S010;1;158683.66;0.03;153923.15
SO01201;1;O03572;20251013;2025-10-13;C0542;P017;S035;1;54033.22;0;54033.22
SO01202;1;O03575;20251013;2025-10-13;C0014;P022;S007;1;109677.01;0.05;114612.47
SO01202;2;O03575;20251013;2025-10-13;C0014;P016;S007;1;69810.1;0.05;72951.55
SO01203;1;O03576;20251011;2025-10-11;C0058;P010;S015;1;115834.29;0.08;106567.55
SO01204;1;O03578;20251017;2025-10-17;C0366;P039;S039;2;6426.6;0;12853.21
SO01205;1;O03582;20250920;2025-09-20;C0648;P029;S023;1;25744.48;0;25744.48
SO01205;2;O03582;20250920;2025-09-20;C0648;P045;S023;1;27962.62;0.08;25725.61
SO01205;3;O03582;20250920;2025-09-20;C0648;P047;S023;1;18396.79;0.08;16925.04
SO01206;1;O03583;20251020;2025-10-20;C0143;P005;S005;1;73674.14;0.03;71463.92
SO01206;2;O03583;20251020;2025-10-20;C0143;P034;S005;1;33212.52;0.03;32216.14
SO01207;1;O03585;20250923;2025-09-23;C0377;P030;S005;1;8703.17;0.03;8442.08
SO01208;1;O03587;20251001;2025-10-01;C0635;P016;S020;1;9659.65;0.12;8500.49
SO01209;1;O03593;20251005;2025-10-05;C0051;P003;S025;1;43104.11;0.03;41810.98
SO01210;1;O03594;20250930;2025-09-30;C0638;P021;S023;1;15509.46;0.05;14733.99
SO01211;1;O03601;20251007;2025-10-07;C0648;P011;S011;1;12447.34;0.08;11451.55
SO01212;1;O03603;20251017;2025-10-17;C0119;P018;S025;1;28157.68;0.05;26749.79
SO01212;2;O03603;20251017;2025-10-17;C0119;P041;S025;1;33887.76;0.05;32193.37
SO01213;1;O03604;20251007;2025-10-07;C0131;P012;S039;1;35832.02;0.05;34040.42
SO01214;1;O03610;20250918;2025-09-18;C0624;P019;S024;2;13395.2;0;26790.39
SO01214;2;O03610;20250918;2025-09-18;C0624;P027;S024;1;27563.47;0.05;26185.3
SO01214;3;O03610;20250918;2025-09-18;C0624;P043;S024;2;11975.26;0;23950.51
SO01215;1;O03612;20251006;2025-10-06;C0315;P001;S036;1;8884.74;0.08;8173.96
SO01215;2;O03612;20251006;2025-10-06;C0315;P035;S036;1;29537.6;0;29537.6
SO01216;1;O03615;20251015;2025-10-15;C0219;P014;S013;1;44030.73;0;44030.73
SO01217;1;O03617;20250924;2025-09-24;C0001;P033;S030;1;69159.3;0.12;60860.19
SO01218;1;O03620;20251006;2025-10-06;C0016;P024;S003;1;88764.87;0.05;92759.29
SO01218;2;O03620;20251006;2025-10-06;C0016;P023;S003;1;196060.27;0.12;189786.35
SO01219;1;O03623;20251010;2025-10-10;C0112;P022;S034;1;29505.12;0.12;25964.51
SO01219;2;O03623;20251010;2025-10-10;C0112;P007;S034;1;35937.37;0.03;34859.25
SO01220;1;O03624;20251010;2025-10-10;C0459;P023;S021;1;43387.85;0.05;41218.46
SO01221;1;O03627;20251004;2025-10-04;C0364;P039;S038;2;3411.03;0.05;6480.95
SO01221;2;O03627;20251004;2025-10-04;C0364;P047;S038;1;12965.28;0.03;12576.32
SO01221;3;O03627;20251004;2025-10-04;C0364;P041;S038;1;9677.3;0.05;9193.44
SO01222;1;O03628;20251013;2025-10-13;C0291;P028;S016;1;76981.95;0.05;73132.86
SO01223;1;O03629;20251029;2025-10-29;C0174;P022;S004;1;33096.19;0.03;32103.3
SO01223;2;O03629;20251029;2025-10-29;C0174;P050;S004;3;13952.91;0.05;39765.8
SO01224;1;O03639;20250924;2025-09-24;C0558;P008;S017;1;37503.62;0.08;34503.33
SO01224;2;O03639;20250924;2025-09-24;C0558;P045;S017;1;30619.11;0.05;29088.15
SO01225;1;O03640;20250923;2025-09-23;C0014;P003;S025;1;58208.08;0.03;56461.83
SO01225;2;O03640;20250923;2025-09-23;C0014;P047;S025;1;84425.22;0.12;74294.2
SO01226;1;O03642;20250925;2025-09-25;C0115;P048;S039;1;31304.25;0.08;28799.91
SO01226;2;O03642;20250925;2025-09-25;C0115;P048;S039;1;29014.14;0.12;25532.44
SO01227;1;O03643;20251016;2025-10-16;C0017;P024;S016;1;98054.06;0.08;90209.74
SO01228;1;O03644;20251004;2025-10-04;C0056;P033;S011;1;41795.26;0;41795.26
SO01229;1;O03648;20251002;2025-10-02;C0058;P017;S011;1;128401.83;0.05;121981.73
SO01230;1;O03650;20251013;2025-10-13;C0002;P035;S022;1;202655.44;0;222920.98
SO01230;2;O03650;20251013;2025-10-13;C0002;P043;S022;3;55070.42;0.03;176280.42
SO01231;1;O03651;20251011;2025-10-11;C0045;P049;S040;1;71642.09;0.08;65910.73
SO01232;1;O03655;20251009;2025-10-09;C0158;P021;S039;1;20091.36;0.12;17680.39
SO01232;2;O03655;20251009;2025-10-09;C0158;P047;S039;1;24780.72;0.05;23541.69
SO01233;1;O03656;20251010;2025-10-10;C0089;P039;S002;1;26007.39;0;26007.39
SO01234;1;O03657;20250927;2025-09-27;C0321;P036;S003;1;22765.03;0.03;24290.29
SO01234;2;O03657;20250927;2025-09-27;C0321;P041;S003;1;14006.62;0.05;14636.92
SO01235;1;O03662;20250927;2025-09-27;C0237;P004;S038;1;43737.01;0.08;40238.05
SO01236;1;O03664;20250925;2025-09-25;C0683;P010;S014;1;46935.44;0.05;49047.54
SO01237;1;O03673;20251109;2025-11-09;C0309;P002;S001;1;25894.69;0.08;23823.11
SO01238;1;O03674;20251118;2025-11-18;C0071;P025;S007;1;47400.22;0.03;50576.04
SO01238;2;O03674;20251118;2025-11-18;C0071;P050;S007;3;28217.02;0.08;85666.86
SO01239;1;O03676;20251104;2025-11-04;C0623;P004;S003;1;27145.87;0.03;28964.64
SO01240;1;O03677;20251030;2025-10-30;C0255;P010;S023;1;57411.77;0.03;55689.42
SO01240;2;O03677;20251030;2025-10-30;C0255;P047;S023;1;23754.0;0.05;22566.3
SO01241;1;O03679;20251112;2025-11-12;C0174;P037;S013;1;7742.59;0.03;7510.31
SO01242;1;O03680;20251112;2025-11-12;C0026;P006;S031;1;88940.73;0.08;81825.47
SO01242;2;O03680;20251112;2025-11-12;C0026;P035;S031;1;112290.92;0.08;103307.64
SO01243;1;O03681;20251123;2025-11-23;C0007;P043;S024;3;77179.13;0.08;213014.39
SO01244;1;O03686;20251104;2025-11-04;C0313;P044;S015;1;4801.58;0.03;4657.53
SO01245;1;O03687;20251114;2025-11-14;C0476;P029;S021;1;17159.14;0.03;16644.37
SO01246;1;O03688;20251016;2025-10-16;C0668;P024;S030;1;19028.5;0.05;18077.08
SO01247;1;O03692;20251117;2025-11-17;C0037;P003;S016;1;29693.03;0.03;28802.24
SO01247;2;O03692;20251117;2025-11-17;C0037;P036;S016;1;62236.53;0.03;60369.44
SO01248;1;O03694;20251109;2025-11-09;C0413;P003;S027;1;11006.24;0;11006.24
SO01248;2;O03694;20251109;2025-11-09;C0413;P042;S027;1;27117.79;0.05;25761.9
SO01249;1;O03720;20251030;2025-10-30;C0041;P031;S012;2;28070.35;0.08;51649.45
SO01249;2;O03720;20251030;2025-10-30;C0041;P044;S012;2;18868.4;0;37736.8
SO01250;1;O03724;20251025;2025-10-25;C0236;P035;S015;1;49587.36;0;49587.36
SO01250;2;O03724;20251025;2025-10-25;C0236;P015;S015;1;56905.97;0.05;54060.67
SO01251;1;O03726;20251030;2025-10-30;C0160;P012;S007;1;31555.8;0.03;33670.04
SO01252;1;O03728;20251116;2025-11-16;C0533;P004;S016;1;20873.89;0;20873.89
SO01253;1;O03729;20251110;2025-11-10;C0488;P012;S022;1;18903.77;0.03;20170.32
SO01253;2;O03729;20251110;2025-11-10;C0488;P047;S022;1;14016.38;0;15418.02
SO01253;3;O03729;20251110;2025-11-10;C0488;P024;S022;1;10061.21;0;11067.33
SO01254;1;O03733;20251119;2025-11-19;C0018;P032;S029;2;27233.98;0.05;51744.56
SO01254;2;O03733;20251119;2025-11-19;C0018;P048;S029;1;83965.82;0.08;77248.55
SO01254;3;O03733;20251119;2025-11-19;C0018;P012;S029;1;80511.02;0.05;76485.47
SO01255;1;O03734;20251021;2025-10-21;C0081;P039;S023;3;12714.64;0;38143.93
SO01256;1;O03739;20251026;2025-10-26;C0082;P015;S040;1;95627.84;0.03;92759.0
SO01256;2;O03739;20251026;2025-10-26;C0082;P045;S040;1;77513.35;0.03;75187.95
SO01257;1;O03744;20251026;2025-10-26;C0618;P031;S013;2;9341.72;0.12;16441.43
SO01257;2;O03744;20251026;2025-10-26;C0618;P033;S013;1;12720.78;0.08;11703.12
SO01258;1;O03758;20251029;2025-10-29;C0616;P027;S016;1;21400.56;0;21400.56
SO01259;1;O03768;20251030;2025-10-30;C0067;P024;S025;1;42311.85;0.05;40196.26
SO01259;2;O03768;20251030;2025-10-30;C0067;P049;S025;1;81552.39;0;81552.39
SO01260;1;O03769;20251106;2025-11-06;C0020;P029;S033;1;144186.97;0.08;132652.01
SO01261;1;O03771;20251121;2025-11-21;C0013;P019;S015;1;57337.97;0.05;54471.07
SO01261;2;O03771;20251121;2025-11-21;C0013;P023;S015;1;145928.04;0.03;141550.2
SO01262;1;O03776;20251025;2025-10-25;C0085;P025;S004;1;35040.43;0.08;32237.2
SO01262;2;O03776;20251025;2025-10-25;C0085;P033;S004;1;26443.86;0.03;25650.55
SO01262;3;O03776;20251025;2025-10-25;C0085;P008;S004;1;96754.55;0.03;93851.91
SO01263;1;O03779;20251120;2025-11-20;C0136;P005;S016;1;44160.87;0.08;40628.0
SO01263;2;O03779;20251120;2025-11-20;C0136;P032;S016;3;9379.83;0;28139.48
SO01264;1;O03780;20251104;2025-11-04;C0084;P041;S023;1;45830.54;0.05;43539.01
SO01265;1;O03783;20251102;2025-11-02;C0034;P020;S023;1;69968.79;0.03;67869.73
SO01265;2;O03783;20251102;2025-11-02;C0034;P042;S023;1;47290.46;0.03;45871.75
SO01266;1;O03785;20251111;2025-11-11;C0044;P007;S030;1;55246.38;0.03;53588.99
SO01266;2;O03785;20251111;2025-11-11;C0044;P047;S030;1;55136.51;0.03;53482.42
SO01267;1;O03787;20251020;2025-10-20;C0058;P049;S010;1;54068.58;0.05;51365.15
SO01268;1;O03788;20251111;2025-11-11;C0075;P010;S022;1;113710.86;0.03;121329.48
SO01269;1;O03790;20251129;2025-11-29;C0026;P024;S023;1;46038.89;0.05;43736.95
SO01270;1;O03793;20251122;2025-11-22;C0652;P050;S002;1;9743.44;0;9743.44
SO01270;2;O03793;20251122;2025-11-22;C0652;P048;S002;1;21590.29;0.12;18999.46
SO01271;1;O03794;20251102;2025-11-02;C0061;P013;S023;1;70074.07;0;70074.07
SO01271;2;O03794;20251102;2025-11-02;C0061;P013;S023;1;64380.07;0.05;61161.07
SO01272;1;O03799;20251025;2025-10-25;C0124;P001;S017;1;19845.34;0.05;18853.07
SO01273;1;O03805;20251106;2025-11-06;C0012;P011;S008;1;70616.52;0.03;68498.02
SO01274;1;O03818;20251022;2025-10-22;C0154;P008;S007;1;94965.72;0.03;101328.42
SO01274;2;O03818;20251022;2025-10-22;C0154;P013;S007;1;54942.7;0.05;57415.12
SO01275;1;O03819;20251101;2025-11-01;C0061;P019;S010;2;36237.8;0;72475.6
SO01276;1;O03834;20251116;2025-11-16;C0025;P017;S005;1;174190.92;0.03;168965.19
SO01276;2;O03834;20251116;2025-11-16;C0025;P048;S005;1;51750.9;0.08;47610.83
SO01277;1;O03835;20251118;2025-11-18;C0576;P005;S015;1;21505.2;0.12;18924.57
SO01277;2;O03835;20251118;2025-11-18;C0576;P024;S015;1;9271.38;0.05;8807.81
SO01278;1;O03844;20251107;2025-11-07;C0532;P016;S016;1;11359.33;0.08;10450.58
SO01279;1;O03850;20251108;2025-11-08;C0601;P026;S011;1;15270.03;0;15270.03
SO01280;1;O03851;20251114;2025-11-14;C0616;P048;S016;1;13728.16;0;13728.16
SO01281;1;O03855;20251026;2025-10-26;C0018;P044;S030;1;31895.85;0.05;30301.06
SO01282;1;O03860;20251118;2025-11-18;C0083;P023;S032;1;108183.66;0;108183.66
SO01283;1;O03861;20251121;2025-11-21;C0056;P010;S040;1;144724.71;0.03;140382.97
SO01284;1;O03862;20251030;2025-10-30;C0554;P005;S033;1;27877.37;0.08;25647.18
SO01285;1;O03864;20251118;2025-11-18;C0150;P032;S038;3;12890.66;0.03;37511.81
SO01285;2;O03864;20251118;2025-11-18;C0150;P046;S038;1;26279.07;0.12;23125.59
SO01286;1;O03873;20251107;2025-11-07;C0103;P003;S014;1;18154.13;0.12;17573.2
SO01287;1;O03874;20251124;2025-11-24;C0080;P009;S040;1;166455.98;0.08;153139.51
SO01288;1;O03876;20251117;2025-11-17;C0653;P011;S010;1;17432.83;0;17432.83
SO01289;1;O03877;20251111;2025-11-11;C0029;P049;S009;1;71974.08;0;71974.08
SO01290;1;O03878;20251113;2025-11-13;C0231;P018;S040;1;25144.06;0.05;23886.86
SO01291;1;O03880;20251126;2025-11-26;C0425;P023;S010;1;33281.61;0.08;30619.08
SO01292;1;O03882;20251103;2025-11-03;C0035;P035;S035;1;123519.05;0.03;119813.48
SO01292;2;O03882;20251103;2025-11-03;C0035;P004;S035;1;70991.17;0.05;67441.61
SO01293;1;O03891;20251106;2025-11-06;C0319;P046;S023;1;10630.3;0.05;10098.78
SO01293;2;O03891;20251106;2025-11-06;C0319;P042;S023;1;18830.7;0.03;18265.77
SO01293;3;O03891;20251106;2025-11-06;C0319;P006;S023;1;39874.22;0.12;35089.31
SO01294;1;O03892;20251113;2025-11-13;C0062;P049;S010;1;56095.66;0.05;53290.87
SO01295;1;O03893;20251117;2025-11-17;C0359;P044;S022;1;4896.49;0.12;4739.8
SO01296;1;O03895;20251114;2025-11-14;C0037;P029;S001;1;67990.51;0.05;64590.98
SO01297;1;O03899;20251110;2025-11-10;C0083;P049;S029;1;83501.36;0.05;79326.29
SO01298;1;O03900;20251105;2025-11-05;C0014;P047;S020;1;111334.59;0;111334.59
SO01299;1;O03906;20251116;2025-11-16;C0154;P006;S011;1;54013.48;0.12;47531.86
SO01300;1;O03913;20251029;2025-10-29;C0001;P027;S029;1;116097.23;0;116097.23
SO01301;1;O03919;20251110;2025-11-10;C0633;P048;S011;1;12505.76;0.03;12130.59
SO01302;1;O03920;20251105;2025-11-05;C0086;P007;S022;1;54146.74;0.03;57774.57
SO01302;2;O03920;20251105;2025-11-05;C0086;P042;S022;1;64136.19;0.12;62083.83
SO01303;1;O03926;20251106;2025-11-06;C0518;P007;S021;1;18705.55;0;18705.55
SO01304;1;O03931;20251103;2025-11-03;C0526;P015;S033;1;38940.26;0;38940.26
SO01305;1;O03940;20251102;2025-11-02;C0124;P025;S029;1;22364.53;0.08;20575.37
SO01305;2;O03940;20251102;2025-11-02;C0124;P008;S029;1;71133.06;0;71133.06
SO01305;3;O03940;20251102;2025-11-02;C0124;P048;S029;1;25895.39;0.03;25118.53
SO01306;1;O03944;20251101;2025-11-01;C0583;P036;S030;1;25216.91;0.08;23199.55
SO01307;1;O03948;20251116;2025-11-16;C0464;P025;S017;1;8815.96;0.05;8375.16
SO01308;1;O03952;20251024;2025-10-24;C0040;P013;S004;1;69977.37;0.03;67878.05
SO01309;1;O03955;20251112;2025-11-12;C0454;P018;S022;1;21061.53;0.05;22009.3
SO01309;2;O03955;20251112;2025-11-12;C0454;P042;S022;1;21530.58;0.03;22973.13
SO01310;1;O03958;20251107;2025-11-07;C0664;P023;S032;1;27261.68;0;27261.68
SO01311;1;O03960;20251031;2025-10-31;C0018;P007;S030;1;127373.94;0;127373.94
SO01311;2;O03960;20251031;2025-10-31;C0018;P030;S030;1;44618.28;0.03;43279.73
SO01312;1;O03962;20251108;2025-11-08;C0236;P001;S029;1;17545.54;0.03;17019.17
SO01313;1;O03965;20251114;2025-11-14;C0250;P033;S024;1;25265.69;0;25265.69
SO01314;1;O03967;20251108;2025-11-08;C0008;P035;S012;1;291133.56;0.05;276576.88
SO01314;2;O03967;20251108;2025-11-08;C0008;P044;S012;2;54624.54;0.05;103786.62
SO01315;1;O03969;20251111;2025-11-11;C0070;P042;S009;1;77837.41;0.05;73945.53
SO01315;2;O03969;20251111;2025-11-11;C0070;P030;S009;1;30545.67;0.08;28102.02
SO01315;3;O03969;20251111;2025-11-11;C0070;P012;S009;1;64642.04;0;64642.04
SO01316;1;O03971;20251116;2025-11-16;C0016;P029;S021;1;160617.26;0.08;147767.88
SO01317;1;O03973;20251111;2025-11-11;C0127;P023;S010;1;50580.2;0.08;46533.79
SO01318;1;O03974;20251117;2025-11-17;C0445;P042;S015;1;28398.93;0.05;26978.98
SO01319;1;O03976;20251107;2025-11-07;C0067;P043;S010;3;30239.85;0.12;79833.21
SO01320;1;O03977;20251025;2025-10-25;C0144;P010;S035;1;38981.98;0;38981.98
SO01321;1;O03978;20251109;2025-11-09;C0078;P048;S039;1;54050.03;0.03;52428.53
SO01321;2;O03978;20251109;2025-11-09;C0078;P018;S039;1;40341.31;0;40341.31
SO01321;3;O03978;20251109;2025-11-09;C0078;P047;S039;1;68191.27;0;68191.27
SO01322;1;O03980;20251110;2025-11-10;C0067;P014;S028;1;75022.67;0;75022.67
SO01322;2;O03980;20251110;2025-11-10;C0067;P032;S028;2;21885.16;0.05;41581.8
SO01322;3;O03980;20251110;2025-11-10;C0067;P020;S028;1;75782.08;0.03;73508.62
SO01323;1;O03982;20251030;2025-10-30;C0640;P029;S014;1;12933.46;0.03;13800.0
SO01323;2;O03982;20251030;2025-10-30;C0640;P048;S014;1;12075.9;0.03;12884.98
SO01324;1;O03984;20251029;2025-10-29;C0270;P019;S026;1;14920.17;0.12;13129.75
SO01325;1;O03986;20251031;2025-10-31;C0423;P004;S022;1;17454.34;0;19199.77
SO01326;1;O03987;20251111;2025-11-11;C0276;P019;S007;1;15122.51;0.03;16135.72
SO01326;2;O03987;20251111;2025-11-11;C0276;P043;S007;2;16872.83;0.05;35264.22
SO01326;3;O03987;20251111;2025-11-11;C0276;P020;S007;1;40300.46;0.08;40784.07
SO01327;1;O03988;20251028;2025-10-28;C0627;P010;S007;1;30475.81;0.08;30841.52
SO01328;1;O03989;20251108;2025-11-08;C0052;P020;S019;1;58030.54;0;58030.54
SO01328;2;O03989;20251108;2025-11-08;C0052;P030;S019;1;29091.6;0.05;27637.02
SO01329;1;O03991;20251020;2025-10-20;C0434;P047;S012;1;26133.49;0;26133.49
SO01330;1;O03992;20251112;2025-11-12;C0024;P011;S019;1;36374.18;0.03;35282.96
SO01331;1;O03993;20251021;2025-10-21;C0064;P034;S025;1;55119.39;0.03;53465.81
SO01332;1;O03994;20251106;2025-11-06;C0241;P031;S016;3;10180.98;0;30542.93
SO01332;2;O03994;20251106;2025-11-06;C0241;P019;S016;1;15669.0;0;15669.0
SO01333;1;O03995;20251125;2025-11-25;C0205;P004;S026;1;46041.31;0.05;43739.24
SO01334;1;O03999;20251021;2025-10-21;C0071;P020;S008;1;72067.58;0.03;69905.56
SO01335;1;O04003;20251112;2025-11-12;C0066;P015;S034;1;97753.47;0.12;86023.05
SO01335;2;O04003;20251112;2025-11-12;C0066;P046;S034;1;47768.34;0;47768.34
SO01335;3;O04003;20251112;2025-11-12;C0066;P037;S034;3;12795.74;0;38387.22
SO01336;1;O04008;20251112;2025-11-12;C0029;P043;S014;1;31780.83;0.08;32162.2
SO01337;1;O04013;20251117;2025-11-17;C0278;P038;S014;1;9559.64;0.08;9674.35
SO01337;2;O04013;20251117;2025-11-17;C0278;P012;S014;1;39904.8;0.05;41700.52
SO01338;1;O04015;20251101;2025-11-01;C0515;P039;S022;3;5698.86;0;18806.25
SO01338;2;O04015;20251101;2025-11-01;C0515;P046;S022;1;13890.54;0.05;14515.61
SO01339;1;O04022;20251106;2025-11-06;C0288;P036;S024;1;43988.8;0.05;41789.36
SO01339;2;O04022;20251106;2025-11-06;C0288;P009;S024;1;82218.14;0;82218.14
SO01340;1;O04028;20251122;2025-11-22;C0540;P028;S033;1;37227.05;0.08;34248.89
SO01341;1;O04033;20251130;2025-11-30;C0157;P049;S007;1;27071.88;0.03;28885.69
SO01341;2;O04033;20251130;2025-11-30;C0157;P045;S007;1;45535.97;0;50089.56
SO01342;1;O04035;20251117;2025-11-17;C0002;P039;S022;1;41585.71;0.12;40254.96
SO01343;1;O04038;20251031;2025-10-31;C0064;P028;S014;1;139008.76;0.08;140676.86
SO01344;1;O04043;20251025;2025-10-25;C0296;P045;S015;1;57759.49;0.03;56026.7
SO01345;1;O04048;20251108;2025-11-08;C0335;P010;S026;1;37750.08;0.05;35862.58
SO01346;1;O04049;20251106;2025-11-06;C0010;P012;S036;1;93500.67;0.08;86020.62
SO01347;1;O04052;20251103;2025-11-03;C0566;P024;S010;1;13909.73;0;13909.73
SO01348;1;O04055;20251105;2025-11-05;C0075;P008;S021;1;145218.7;0.08;133601.2
SO01349;1;O04058;20251103;2025-11-03;C0068;P005;S009;1;86838.94;0;86838.94
SO01350;1;O04062;20251028;2025-10-28;C0684;P009;S017;1;49879.94;0.08;45889.55
SO01351;1;O04075;20251111;2025-11-11;C0268;P009;S021;1;78755.57;0.05;74817.79
SO01352;1;O04078;20251031;2025-10-31;C0081;P007;S002;1;64697.19;0;64697.19
SO01353;1;O04080;20251112;2025-11-12;C0074;P034;S010;1;66903.49;0.12;58875.08
SO01353;2;O04080;20251112;2025-11-12;C0074;P049;S010;1;51783.34;0.05;49194.18
SO01354;1;O04083;20251109;2025-11-09;C0163;P023;S003;1;56451.21;0;62096.33
SO01354;2;O04083;20251109;2025-11-09;C0163;P046;S003;1;22596.3;0.12;21873.22
SO01355;1;O04092;20251104;2025-11-04;C0388;P021;S014;1;14426.04;0.03;15392.59
SO01356;1;O04097;20251204;2025-12-04;C0011;P040;S010;1;98859.96;0.05;93916.96
SO01356;2;O04097;20251204;2025-12-04;C0011;P044;S010;2;47254.29;0;94508.57
SO01357;1;O04098;20251215;2025-12-15;C0042;P013;S038;1;96342.81;0.03;93452.53
SO01357;2;O04098;20251215;2025-12-15;C0042;P002;S038;1;79101.08;0.05;75146.03
SO01358;1;O04100;20251121;2025-11-21;C0070;P020;S013;1;93219.5;0;93219.5
SO01358;2;O04100;20251121;2025-11-21;C0070;P046;S013;1;34962.95;0;34962.95
SO01359;1;O04101;20251220;2025-12-20;C0274;P004;S039;1;47605.66;0.03;46177.49
SO01359;2;O04101;20251220;2025-12-20;C0274;P049;S039;1;43568.12;0.08;40082.67
SO01360;1;O04103;20251126;2025-11-26;C0083;P012;S007;1;64326.32;0;70758.96
SO01360;2;O04103;20251126;2025-11-26;C0083;P027;S007;1;82083.49;0.05;85777.24
SO01361;1;O04105;20251204;2025-12-04;C0600;P007;S032;1;19563.46;0.08;17998.38
SO01362;1;O04106;20251226;2025-12-26;C0025;P046;S011;1;46356.68;0.05;44038.85
SO01363;1;O04108;20251123;2025-11-23;C0341;P004;S011;1;22079.9;0;22079.9
SO01364;1;O04111;20251206;2025-12-06;C0235;P010;S007;1;43742.95;0;48117.24
SO01365;1;O04116;20251219;2025-12-19;C0002;P036;S013;1;200386.23;0.05;190366.92
SO01365;2;O04116;20251219;2025-12-19;C0002;P044;S013;2;34291.68;0.08;63096.69
SO01366;1;O04118;20251127;2025-11-27;C0018;P001;S010;1;67167.57;0;67167.57
SO01366;2;O04118;20251127;2025-11-27;C0018;P034;S010;1;100703.63;0.08;92647.34
SO01366;3;O04118;20251127;2025-11-27;C0018;P036;S010;1;123214.98;0.05;117054.23
SO01367;1;O04121;20251207;2025-12-07;C0036;P011;S033;1;54757.55;0;54757.55
SO01367;2;O04121;20251207;2025-12-07;C0036;P037;S033;1;9269.38;0.05;8805.91
SO01367;3;O04121;20251207;2025-12-07;C0036;P009;S033;1;132911.59;0.08;122278.67
SO01368;1;O04123;20251202;2025-12-02;C0231;P022;S038;1;24388.22;0.03;23656.57
SO01368;2;O04123;20251202;2025-12-02;C0231;P047;S038;1;29462.85;0.03;28578.96
SO01369;1;O04124;20251214;2025-12-14;C0546;P024;S012;1;13803.57;0.05;13113.39
SO01369;2;O04124;20251214;2025-12-14;C0546;P047;S012;1;18884.1;0;18884.1
SO01370;1;O04126;20251211;2025-12-11;C0651;P033;S011;1;12373.37;0;12373.37
SO01371;1;O04127;20251220;2025-12-20;C0062;P004;S033;1;51551.56;0.05;48973.98
SO01371;2;O04127;20251220;2025-12-20;C0062;P045;S033;1;82399.57;0.08;75807.61
SO01372;1;O04133;20251227;2025-12-27;C0239;P036;S026;1;40880.26;0.03;39653.85
SO01373;1;O04135;20251216;2025-12-16;C0082;P005;S033;1;72233.47;0.03;70066.47
SO01373;2;O04135;20251216;2025-12-16;C0082;P048;S033;1;50720.27;0.03;49198.66
SO01374;1;O04139;20251218;2025-12-18;C0171;P047;S040;1;27339.5;0.05;25972.52
SO01374;2;O04139;20251218;2025-12-18;C0171;P046;S040;1;29559.87;0.08;27195.08
SO01375;1;O04142;20251220;2025-12-20;C0115;P027;S040;1;46682.69;0.08;42948.08
SO01376;1;O04144;20251231;2025-12-31;C0017;P027;S007;1;148869.73;0.08;150656.17
SO01377;1;O04145;20251217;2025-12-17;C0013;P029;S004;1;155824.38;0.05;148033.16
SO01378;1;O04148;20251203;2025-12-03;C0086;P027;S022;1;70122.31;0.08;70963.77
SO01378;2;O04148;20251203;2025-12-03;C0086;P007;S022;1;57908.03;0.05;60513.89
SO01379;1;O04150;20251217;2025-12-17;C0055;P004;S039;1;70801.7;0.12;62305.49
SO01380;1;O04151;20251125;2025-11-25;C0667;P004;S029;1;19695.96;0.03;19105.08
SO01381;1;O04152;20251208;2025-12-08;C0002;P001;S027;1;136621.49;0.12;120226.92
SO01382;1;O04153;20251209;2025-12-09;C0087;P010;S007;1;97204.19;0.03;103716.87
SO01382;2;O04153;20251209;2025-12-09;C0087;P048;S007;1;61427.41;0;67570.15
SO01383;1;O04156;20251219;2025-12-19;C0077;P001;S001;1;60079.02;0.05;57075.07
SO01384;1;O04158;20251217;2025-12-17;C0165;P047;S023;1;27925.85;0;27925.85
SO01384;2;O04158;20251217;2025-12-17;C0165;P044;S023;1;11107.14;0.03;10773.92
SO01385;1;O04166;20251210;2025-12-10;C0041;P027;S010;1;64480.53;0;64480.53
SO01386;1;O04170;20251203;2025-12-03;C0024;P009;S030;1;130408.79;0;130408.79
SO01387;1;O04174;20251217;2025-12-17;C0258;P048;S010;1;26720.6;0;26720.6
SO01388;1;O04175;20251204;2025-12-04;C0695;P022;S008;1;10787.11;0.12;9492.66
SO01389;1;O04180;20251206;2025-12-06;C0059;P005;S022;1;124473.0;0.05;130074.29
SO01389;2;O04180;20251206;2025-12-06;C0059;P046;S022;1;47847.59;0.03;51053.37
SO01389;3;O04180;20251206;2025-12-06;C0059;P049;S022;1;86376.36;0.05;90263.29
SO01390;1;O04186;20251127;2025-11-27;C0131;P019;S036;3;17035.67;0.05;48551.67
SO01390;2;O04186;20251127;2025-11-27;C0131;P042;S036;1;33587.0;0;33587.0
SO01391;1;O04187;20251203;2025-12-03;C0469;P011;S021;1;13762.51;0.05;13074.38
SO01392;1;O04192;20251218;2025-12-18;C0087;P019;S007;2;40273.77;0;88602.29
SO01393;1;O04195;20251214;2025-12-14;C0007;P038;S012;1;35132.92;0;35132.92
SO01393;2;O04195;20251214;2025-12-14;C0007;P029;S012;1;154175.3;0.08;141841.27
SO01393;3;O04195;20251214;2025-12-14;C0007;P049;S012;1;144070.88;0;144070.88
SO01394;1;O04196;20251127;2025-11-27;C0200;P005;S002;1;46830.23;0.05;44488.72
SO01395;1;O04200;20251216;2025-12-16;C0075;P028;S020;1;107545.53;0.08;98941.89
SO01395;2;O04200;20251216;2025-12-16;C0075;P005;S020;1;89936.32;0;89936.32
SO01396;1;O04203;20251125;2025-11-25;C0030;P042;S007;1;50217.85;0.05;52477.66
SO01397;1;O04206;20251205;2025-12-05;C0127;P008;S023;1;74076.68;0;74076.68
SO01398;1;O04208;20251118;2025-11-18;C0055;P002;S013;1;120820.01;0;120820.01
SO01398;2;O04208;20251118;2025-11-18;C0055;P050;S013;2;32182.7;0.03;62434.44
SO01399;1;O04210;20251221;2025-12-21;C0296;P032;S023;1;13041.94;0.03;12650.68
SO01399;2;O04210;20251221;2025-12-21;C0296;P037;S023;3;4924.82;0.12;13001.52
SO01400;1;O04211;20251203;2025-12-03;C0078;P027;S040;1;93762.69;0.03;90949.81
SO01400;2;O04211;20251203;2025-12-03;C0078;P042;S040;1;62024.38;0.08;57062.43
SO01401;1;O04212;20251125;2025-11-25;C0064;P009;S011;1;129501.33;0;129501.33
SO01401;2;O04212;20251125;2025-11-25;C0064;P027;S011;1;72313.81;0;72313.81
SO01401;3;O04212;20251125;2025-11-25;C0064;P037;S011;1;10580.34;0;10580.34
SO01402;1;O04213;20251219;2025-12-19;C0624;P035;S023;1;36109.21;0;36109.21
SO01402;2;O04213;20251219;2025-12-19;C0624;P025;S023;1;17359.95;0.05;16491.95
SO01403;1;O04217;20251218;2025-12-18;C0436;P014;S040;1;20479.08;0.12;18021.59
SO01404;1;O04218;20251211;2025-12-11;C0120;P024;S039;1;21128.7;0.03;20494.84
SO01404;2;O04218;20251211;2025-12-11;C0120;P045;S039;1;54184.3;0.03;52558.77
SO01405;1;O04220;20251206;2025-12-06;C0284;P049;S025;1;38762.78;0;38762.78
SO01405;2;O04220;20251206;2025-12-06;C0284;P049;S025;1;47272.44;0.03;45854.27
SO01406;1;O04223;20251217;2025-12-17;C0094;P046;S039;1;14618.9;0.03;14180.33
SO01406;2;O04223;20251217;2025-12-17;C0094;P044;S039;1;9994.33;0.03;9694.5
SO01407;1;O04227;20251222;2025-12-22;C0539;P007;S030;1;21261.82;0.05;20198.73
SO01408;1;O04228;20251202;2025-12-02;C0144;P032;S005;2;10651.41;0;21302.81
SO01408;2;O04228;20251202;2025-12-02;C0144;P047;S005;1;23055.75;0.08;21211.29
SO01409;1;O04231;20251129;2025-11-29;C0144;P043;S015;2;15928.01;0.05;30263.22
SO01410;1;O04233;20251206;2025-12-06;C0060;P012;S034;1;61076.95;0.03;59244.64
SO01411;1;O04239;20251208;2025-12-08;C0032;P039;S038;1;18158.76;0.03;17614.0
SO01412;1;O04242;20251205;2025-12-05;C0085;P003;S022;1;31259.58;0;34385.54
SO01412;2;O04242;20251205;2025-12-05;C0085;P044;S022;1;19759.64;0.08;19996.75
SO01413;1;O04247;20251208;2025-12-08;C0463;P009;S003;1;36102.0;0.08;36535.23
SO01414;1;O04249;20251207;2025-12-07;C0203;P031;S040;1;10827.25;0;10827.25
SO01415;1;O04254;20251222;2025-12-22;C0384;P036;S007;1;22241.34;0.03;23731.51
SO01416;1;O04255;20251129;2025-11-29;C0285;P010;S027;1;53399.32;0.08;49127.37
SO01416;2;O04255;20251129;2025-11-29;C0285;P001;S027;1;28075.8;0.08;25829.73
SO01417;1;O04257;20251125;2025-11-25;C0337;P001;S014;1;12548.88;0.08;12699.47
SO01417;2;O04257;20251125;2025-11-25;C0337;P037;S014;3;2835.47;0;9357.04
SO01417;3;O04257;20251125;2025-11-25;C0337;P050;S014;1;4693.14;0.05;4904.33
SO01418;1;O04259;20251122;2025-11-22;C0698;P047;S007;1;13111.35;0;14422.48
SO01418;2;O04259;20251122;2025-11-22;C0698;P005;S007;1;22509.89;0.12;21789.57
SO01418;3;O04259;20251122;2025-11-22;C0698;P010;S007;1;31832.7;0.08;32214.69
SO01419;1;O04262;20251125;2025-11-25;C0083;P007;S013;1;72243.07;0;72243.07
SO01420;1;O04264;20251207;2025-12-07;C0004;P040;S007;1;73302.64;0.03;78213.92
SO01421;1;O04269;20251225;2025-12-25;C0003;P028;S036;1;277471.75;0.12;244175.14
SO01421;2;O04269;20251225;2025-12-25;C0003;P021;S036;1;122880.63;0.03;119194.21
SO01422;1;O04270;20251216;2025-12-16;C0014;P024;S003;1;69622.66;0.08;70458.13
SO01423;1;O04271;20251130;2025-11-30;C0152;P035;S025;1;56383.02;0.03;54691.53
SO01423;2;O04271;20251130;2025-11-30;C0152;P030;S025;1;14115.56;0.08;12986.31
SO01424;1;O04275;20251214;2025-12-14;C0215;P020;S028;1;58255.85;0.05;55343.06
SO01424;2;O04275;20251214;2025-12-14;C0215;P030;S028;1;28044.25;0.03;27202.92
SO01424;3;O04275;20251214;2025-12-14;C0215;P028;S028;1;71665.65;0.03;69515.68
SO01425;1;O04278;20251209;2025-12-09;C0087;P001;S015;1;46614.05;0;46614.05
SO01425;2;O04278;20251209;2025-12-09;C0087;P044;S015;2;20183.04;0;40366.09
SO01425;3;O04278;20251209;2025-12-09;C0087;P045;S015;1;111827.8;0.03;108472.97
SO01426;1;O04280;20251212;2025-12-12;C0405;P012;S029;1;25343.32;0.12;22302.12
SO01427;1;O04285;20251205;2025-12-05;C0033;P037;S036;2;13448.42;0.03;26089.93
SO01427;2;O04285;20251205;2025-12-05;C0033;P048;S036;1;69488.87;0.05;66014.42
SO01428;1;O04290;20251213;2025-12-13;C0268;P009;S027;1;62094.94;0.05;58990.2
SO01428;2;O04290;20251213;2025-12-13;C0268;P049;S027;1;44484.62;0.05;42260.39
SO01428;3;O04290;20251213;2025-12-13;C0268;P042;S027;1;37331.67;0.03;36211.72
SO01429;1;O04295;20251116;2025-11-16;C0687;P007;S038;1;13753.96;0.03;13341.34
SO01430;1;O04296;20251219;2025-12-19;C0021;P030;S040;1;44028.53;0.05;41827.1
SO01431;1;O04298;20251225;2025-12-25;C0299;P002;S003;1;45525.41;0.05;47574.05
SO01431;2;O04298;20251225;2025-12-25;C0299;P050;S003;1;10093.32;0.05;10547.52
SO01432;1;O04300;20251222;2025-12-22;C0009;P022;S038;1;59121.82;0.08;54392.07
SO01433;1;O04302;20251123;2025-11-23;C0008;P048;S014;1;94234.71;0;103658.18
SO01434;1;O04303;20251219;2025-12-19;C0220;P041;S022;1;29877.51;0.03;31879.3
SO01435;1;O04309;20251206;2025-12-06;C0048;P027;S036;1;77434.75;0;77434.75
SO01435;2;O04309;20251206;2025-12-06;C0048;P004;S036;1;93639.89;0.12;82403.11
SO01435;3;O04309;20251206;2025-12-06;C0048;P042;S036;1;94455.65;0.03;91621.98
SO01436;1;O04316;20251221;2025-12-21;C0575;P015;S017;1;30183.24;0.03;29277.74
SO01437;1;O04317;20251221;2025-12-21;C0009;P018;S040;1;68268.32;0.08;62806.85
SO01438;1;O04320;20251205;2025-12-05;C0029;P023;S014;1;90134.46;0.03;96173.46
SO01438;2;O04320;20251205;2025-12-05;C0029;P047;S014;1;80276.06;0.05;83888.48
SO01439;1;O04327;20251213;2025-12-13;C0698;P024;S005;1;12571.73;0;12571.73
SO01439;2;O04327;20251213;2025-12-13;C0698;P049;S005;1;18161.45;0.05;17253.37
SO01439;3;O04327;20251213;2025-12-13;C0698;P043;S005;1;7074.27;0.08;6508.33
SO01440;1;O04335;20251212;2025-12-12;C0587;P019;S016;2;8952.61;0.05;17009.95
SO01441;1;O04337;20251125;2025-11-25;C0053;P008;S033;1;133443.45;0.05;126771.28
SO01441;2;O04337;20251125;2025-11-25;C0053;P011;S033;1;36872.48;0;36872.48
SO01441;3;O04337;20251125;2025-11-25;C0053;P012;S033;1;55336.87;0.08;50909.92
SO01442;1;O04339;20251209;2025-12-09;C0163;P002;S010;1;34150.15;0.12;30052.13
SO01442;2;O04339;20251209;2025-12-09;C0163;P041;S010;1;19664.16;0.03;19074.24
SO01443;1;O04343;20251211;2025-12-11;C0272;P037;S024;3;3728.74;0.03;10850.63
SO01443;2;O04343;20251211;2025-12-11;C0272;P010;S024;1;51752.77;0.05;49165.13
SO01443;3;O04343;20251211;2025-12-11;C0272;P020;S024;1;25359.65;0.08;23330.87
SO01444;1;O04344;20251201;2025-12-01;C0157;P015;S005;1;68238.02;0.08;62778.98
SO01445;1;O04350;20251201;2025-12-01;C0001;P038;S032;1;18757.95;0;18757.95
SO01445;2;O04350;20251201;2025-12-01;C0001;P045;S032;1;164574.04;0.05;156345.34
SO01446;1;O04356;20251217;2025-12-17;C0297;P026;S028;1;46305.01;0.05;43989.76
SO01447;1;O04363;20251223;2025-12-23;C0203;P008;S001;1;89192.08;0.08;82056.71
SO01448;1;O04364;20251123;2025-11-23;C0051;P004;S010;1;98850.67;0.12;86988.59
SO01448;2;O04364;20251123;2025-11-23;C0051;P044;S010;1;29176.4;0.03;28301.1
SO01449;1;O04373;20251228;2025-12-28;C0055;P024;S027;1;43839.81;0;43839.81
SO01450;1;O04375;20251129;2025-11-29;C0069;P005;S021;1;69308.91;0.05;65843.47
SO01450;2;O04375;20251129;2025-11-29;C0069;P019;S021;1;36736.58;0.05;34899.75
SO01451;1;O04384;20251125;2025-11-25;C0019;P017;S027;1;272849.86;0.05;259207.37
SO01452;1;O04386;20251217;2025-12-17;C0112;P001;S023;1;20667.57;0.08;19014.16
SO01453;1;O04388;20251128;2025-11-28;C0004;P035;S016;1;209310.19;0.03;203030.88
SO01454;1;O04390;20251210;2025-12-10;C0549;P011;S014;1;10494.73;0.08;10620.67
SO01454;2;O04390;20251210;2025-12-10;C0549;P049;S014;1;14059.95;0.03;15001.97
SO01455;1;O04393;20251130;2025-11-30;C0550;P017;S003;1;31366.5;0;34503.15
SO01456;1;O04394;20251215;2025-12-15;C0541;P032;S014;3;5322.66;0.08;16159.6
SO01457;1;O04398;20251209;2025-12-09;C0006;P043;S014;1;55844.5;0.05;58357.5
SO01458;1;O04399;20251206;2025-12-06;C0057;P012;S009;1;74155.02;0.03;71930.37
SO01459;1;O04401;20251122;2025-11-22;C0474;P013;S003;1;32054.09;0.08;32438.74
SO01460;1;O04403;20251201;2025-12-01;C0093;P035;S014;1;69049.51;0;75954.46
SO01461;1;O04405;20251126;2025-11-26;C0064;P045;S009;1;72747.05;0.12;64017.4
SO01461;2;O04405;20251126;2025-11-26;C0064;P025;S009;1;43858.91;0;43858.91
SO01462;1;O04407;20251203;2025-12-03;C0207;P045;S013;1;56458.34;0;56458.34
SO01462;2;O04407;20251203;2025-12-03;C0207;P025;S013;1;25570.37;0.03;24803.26
SO01463;1;O04408;20251122;2025-11-22;C0077;P019;S018;1;38042.67;0;38042.67
SO01463;2;O04408;20251122;2025-11-22;C0077;P022;S018;1;57571.9;0.08;52966.15
SO01464;1;O04410;20251122;2025-11-22;C0239;P027;S013;1;37250.63;0.05;35388.1
SO01464;2;O04410;20251122;2025-11-22;C0239;P028;S013;1;61574.23;0.03;59727.0
SO01465;1;O04413;20251225;2025-12-25;C0119;P032;S004;2;13417.91;0;26835.81
SO01465;2;O04413;20251225;2025-12-25;C0119;P001;S004;1;33315.27;0.03;32315.81
SO01466;1;O04414;20251230;2025-12-30;C0504;P005;S038;1;33568.28;0.12;29540.08
SO01466;2;O04414;20251230;2025-12-30;C0504;P042;S038;1;17996.16;0.08;16556.47
SO01466;3;O04414;20251230;2025-12-30;C0504;P050;S038;1;5869.01;0.03;5692.94
SO01467;1;O04416;20251124;2025-11-24;C0461;P047;S019;1;21926.88;0.08;20172.73
SO01468;1;O04417;20251223;2025-12-23;C0204;P008;S009;1;90123.29;0.05;85617.12
SO01469;1;O04420;20251124;2025-11-24;C0204;P015;S008;1;76905.55;0;76905.55
SO01469;2;O04420;20251124;2025-11-24;C0204;P019;S008;3;19500.08;0.03;56745.23
SO01470;1;O04422;20251213;2025-12-13;C0229;P029;S040;1;52144.3;0.05;49537.08
SO01470;2;O04422;20251213;2025-12-13;C0229;P026;S040;1;43649.19;0;43649.19
SO01471;1;O04424;20251215;2025-12-15;C0085;P049;S008;1;52921.55;0.03;51333.9
SO01472;1;O04429;20251220;2025-12-20;C0655;P007;S024;1;25820.8;0.08;23755.13
SO01473;1;O04430;20251215;2025-12-15;C0553;P038;S025;2;3960.55;0;7921.1
SO01474;1;O04436;20251201;2025-12-01;C0646;P001;S030;1;10431.92;0.05;9910.33
SO01474;2;O04436;20251201;2025-12-01;C0646;P019;S030;3;8840.75;0.05;25196.12
SO01475;1;O04439;20251207;2025-12-07;C0071;P009;S014;1;97691.03;0.03;104236.33
SO01476;1;O04440;20251203;2025-12-03;C0614;P036;S003;1;24643.31;0.05;25752.26
SO01477;1;O04444;20251216;2025-12-16;C0058;P013;S003;1;105052.97;0.08;106313.6
SO01477;2;O04444;20251216;2025-12-16;C0058;P049;S003;1;56615.24;0.03;60408.46
SO01478;1;O04450;20251202;2025-12-02;C0534;P038;S009;3;3542.21;0.03;10307.83
SO01478;2;O04450;20251202;2025-12-02;C0534;P049;S009;1;19016.96;0.03;18446.45
SO01479;1;O04454;20251218;2025-12-18;C0428;P035;S004;1;21324.14;0.03;20684.42
SO01479;2;O04454;20251218;2025-12-18;C0428;P047;S004;1;16770.06;0.12;14757.65
SO01480;1;O04455;20251228;2025-12-28;C0138;P014;S040;1;37222.39;0.05;35361.27
SO01480;2;O04455;20251228;2025-12-28;C0138;P042;S040;1;41764.26;0.03;40511.33
SO01480;3;O04455;20251228;2025-12-28;C0138;P042;S040;1;36781.2;0.08;33838.7
SO01481;1;O04456;20251207;2025-12-07;C0014;P010;S024;1;158122.98;0.03;153379.29
SO01482;1;O04460;20251210;2025-12-10;C0099;P025;S021;1;19805.41;0.12;17428.76
SO01482;2;O04460;20251210;2025-12-10;C0099;P046;S021;1;14910.28;0.05;14164.76
SO01483;1;O04462;20251211;2025-12-11;C0541;P043;S024;1;9612.41;0.05;9131.79
SO01484;1;O04463;20251214;2025-12-14;C0193;P006;S039;1;78017.32;0.05;74116.45
SO01484;2;O04463;20251214;2025-12-14;C0193;P050;S039;2;14437.39;0;28874.79
SO01485;1;O04465;20251224;2025-12-24;C0283;P029;S016;1;40245.88;0;40245.88
SO01486;1;O04471;20251122;2025-11-22;C0125;P029;S005;1;42341.07;0.05;40224.02
SO01486;2;O04471;20251122;2025-11-22;C0125;P042;S005;1;50618.44;0.08;46568.96
SO01486;3;O04471;20251122;2025-11-22;C0125;P004;S005;1;40974.59;0.08;37696.62
SO01487;1;O04473;20251130;2025-11-30;C0184;P019;S003;1;15071.81;0.03;16081.62
SO01488;1;O04475;20251123;2025-11-23;C0123;P013;S005;1;54884.43;0.05;52140.21
SO01489;1;O04476;20251129;2025-11-29;C0028;P010;S010;1;125105.75;0.03;121352.58
SO01490;1;O04478;20251223;2025-12-23;C0232;P044;S022;1;12555.08;0.05;13120.05
SO01491;1;O04482;20251124;2025-11-24;C0257;P005;S015;1;55778.7;0.03;54105.34
SO01492;1;O04487;20251216;2025-12-16;C0237;P047;S009;1;37135.44;0.03;36021.37
SO01492;2;O04487;20251216;2025-12-16;C0237;P047;S009;1;28566.21;0.03;27709.22
SO01493;1;O04490;20251209;2025-12-09;C0451;P014;S022;1;23241.21;0.12;22497.49
SO01494;1;O04494;20251214;2025-12-14;C0020;P028;S030;1;236766.43;0.03;229663.44
SO01495;1;O04500;20251127;2025-11-27;C0537;P018;S018;1;13642.3;0.08;12550.92
SO01495;2;O04500;20251127;2025-11-27;C0537;P027;S018;1;25651.24;0.03;24881.7
SO01496;1;O04503;20251207;2025-12-07;C0144;P024;S002;1;16834.21;0.08;15487.47
SO01497;1;O04504;20251223;2025-12-23;C0283;P020;S003;1;34728.68;0;38201.55
SO01498;1;O04508;20251129;2025-11-29;C0217;P008;S003;1;91106.52;0.08;92199.8
SO01499;1;O04509;20251129;2025-11-29;C0341;P049;S034;1;18518.54;0.05;17592.61
SO01500;1;O04510;20251217;2025-12-17;C0100;P021;S007;1;34218.7;0.03;36511.35
SO01500;2;O04510;20251217;2025-12-17;C0100;P012;S007;1;41753.9;0;45929.28
SO01500;3;O04510;20251217;2025-12-17;C0100;P047;S007;1;25877.69;0.05;27042.19
SO01501;1;O04515;20251129;2025-11-29;C0170;P024;S014;1;31147.41;0.05;32549.05
SO01502;1;O04519;20251222;2025-12-22;C0155;P030;S035;1;20606.7;0;20606.7
SO01503;1;O04523;20251211;2025-12-11;C0572;P047;S030;1;17861.26;0.05;16968.2
SO01504;1;O04524;20251207;2025-12-07;C0665;P018;S023;1;19692.29;0;19692.29
SO01504;2;O04524;20251207;2025-12-07;C0665;P012;S023;1;19283.24;0;19283.24
SO01505;1;O04525;20251214;2025-12-14;C0331;P047;S029;1;16415.32;0.12;14445.48
SO01506;1;O04529;20251217;2025-12-17;C0117;P017;S005;1;103744.29;0.03;100631.96
SO01506;2;O04529;20251217;2025-12-17;C0117;P048;S005;1;28722.18;0;28722.18
SO01507;1;O04530;20251228;2025-12-28;C0124;P025;S034;1;14402.88;0.03;13970.79
SO01508;1;O04533;20260104;2026-01-04;C0249;P026;S025;1;25917.03;0.03;25139.52
SO01508;2;O04533;20260104;2026-01-04;C0249;P043;S025;2;14204.77;0.08;26136.78
SO01508;3;O04533;20260104;2026-01-04;C0249;P024;S025;1;24596.44;0.08;22628.72
SO01509;1;O04534;20260108;2026-01-08;C0182;P038;S013;1;10598.17;0.08;9750.32
SO01509;2;O04534;20260108;2026-01-08;C0182;P010;S013;1;81915.97;0.05;77820.17
SO01510;1;O04535;20251225;2025-12-25;C0081;P048;S014;1;54751.06;0;60226.17
SO01511;1;O04536;20260103;2026-01-03;C0004;P030;S017;1;61179.03;0.03;59343.66
SO01511;2;O04536;20260103;2026-01-03;C0004;P042;S017;1;122150.26;0;122150.26
SO01512;1;O04538;20251228;2025-12-28;C0215;P049;S006;1;35177.63;0.03;34122.3
SO01513;1;O04539;20260120;2026-01-20;C0267;P005;S014;1;72294.55;0;79524.01
SO01514;1;O04543;20260122;2026-01-22;C0204;P019;S011;3;18638.14;0.03;54236.97
SO01515;1;O04545;20260106;2026-01-06;C0649;P005;S021;1;37991.22;0.05;36091.66
SO01516;1;O04547;20251221;2025-12-21;C0269;P016;S002;1;28296.01;0;28296.01
SO01517;1;O04550;20260104;2026-01-04;C0525;P008;S014;1;35763.12;0.05;37372.46
SO01518;1;O04551;20260105;2026-01-05;C0003;P024;S040;1;117338.11;0.03;113817.97
SO01518;2;O04551;20260105;2026-01-05;C0003;P046;S040;1;123976.82;0.05;117777.98
SO01519;1;O04554;20260123;2026-01-23;C0014;P005;S007;1;180635.54;0.08;182803.17
SO01519;2;O04554;20260123;2026-01-23;C0014;P041;S007;1;109632.47;0.05;114565.93
SO01520;1;O04557;20251229;2025-12-29;C0204;P007;S013;1;58685.82;0;58685.82
SO01520;2;O04557;20251229;2025-12-29;C0204;P046;S013;1;23196.02;0.05;22036.22
SO01520;3;O04557;20251229;2025-12-29;C0204;P040;S013;1;22954.94;0.05;21807.19
SO01521;1;O04560;20260127;2026-01-27;C0133;P001;S028;1;21512.88;0;21512.88
SO01522;1;O04562;20251222;2025-12-22;C0035;P025;S036;1;35887.67;0;35887.67
SO01523;1;O04566;20260115;2026-01-15;C0191;P040;S012;1;25737.0;0.08;23678.04
SO01523;2;O04566;20260115;2026-01-15;C0191;P047;S012;1;43217.56;0.08;39760.16
SO01523;3;O04566;20260115;2026-01-15;C0191;P031;S012;2;16342.74;0.03;31704.91
SO01524;1;O04575;20260114;2026-01-14;C0140;P043;S008;2;18405.75;0.03;35707.16
SO01525;1;O04576;20251231;2025-12-31;C0049;P008;S009;1;144361.06;0;144361.06
SO01526;1;O04582;20260113;2026-01-13;C0123;P019;S038;3;20347.79;0.05;57991.2
SO01526;2;O04582;20260113;2026-01-13;C0123;P030;S038;1;22398.35;0.05;21278.43
SO01527;1;O04585;20260120;2026-01-20;C0120;P004;S040;1;44036.43;0.12;38752.05
SO01528;1;O04589;20260105;2026-01-05;C0535;P031;S035;2;9503.25;0.08;17485.99
SO01528;2;O04589;20260105;2026-01-05;C0535;P042;S035;1;20404.5;0;20404.5
SO01529;1;O04595;20260124;2026-01-24;C0031;P047;S025;1;43062.84;0.08;39617.81
SO01530;1;O04596;20251228;2025-12-28;C0428;P028;S030;1;35297.06;0.03;34238.15
SO01530;2;O04596;20251228;2025-12-28;C0428;P049;S030;1;16728.44;0.05;15892.01
SO01531;1;O04597;20260101;2026-01-01;C0006;P045;S027;1;156466.66;0.03;151772.66
SO01532;1;O04599;20260121;2026-01-21;C0012;P046;S030;1;57994.94;0.08;53355.35
SO01533;1;O04601;20260108;2026-01-08;C0671;P006;S003;1;47036.54;0.03;50187.99
SO01534;1;O04602;20260119;2026-01-19;C0107;P030;S028;1;14839.17;0.05;14097.22
SO01534;2;O04602;20260119;2026-01-19;C0107;P049;S028;1;31634.71;0.03;30685.66
SO01535;1;O04603;20251227;2025-12-27;C0087;P007;S019;1;65683.18;0.12;57801.2
SO01536;1;O04605;20260128;2026-01-28;C0057;P006;S029;1;149548.0;0.05;142070.6
SO01536;2;O04605;20260128;2026-01-28;C0057;P049;S029;1;89197.94;0;89197.94
SO01537;1;O04608;20260128;2026-01-28;C0063;P049;S027;1;58766.93;0.05;55828.58
SO01537;2;O04608;20260128;2026-01-28;C0063;P007;S027;1;53801.83;0.03;52187.77
SO01538;1;O04609;20260119;2026-01-19;C0137;P021;S009;1;41806.83;0.03;40552.62
SO01538;2;O04609;20260119;2026-01-19;C0137;P043;S009;2;19925.3;0;39850.6
SO01539;1;O04610;20260114;2026-01-14;C0042;P030;S036;1;35843.58;0.08;32976.1
SO01539;2;O04610;20260114;2026-01-14;C0042;P047;S036;1;67544.23;0;67544.23
SO01540;1;O04613;20260102;2026-01-02;C0652;P004;S008;1;24991.81;0.05;23742.22
SO01541;1;O04614;20260108;2026-01-08;C0182;P038;S008;1;7340.85;0.05;6973.81
SO01542;1;O04618;20260104;2026-01-04;C0396;P040;S030;1;13389.55;0.05;12720.07
SO01543;1;O04620;20251227;2025-12-27;C0298;P050;S040;3;11425.27;0.08;31533.74
SO01543;2;O04620;20251227;2025-12-27;C0298;P022;S040;1;19791.38;0.08;18208.07
SO01544;1;O04629;20260102;2026-01-02;C0044;P024;S032;1;40962.33;0.05;38914.22
SO01544;2;O04629;20260102;2026-01-02;C0044;P007;S032;1;86967.08;0.03;84358.07
SO01545;1;O04630;20251227;2025-12-27;C0087;P037;S017;2;9459.92;0.05;17973.84
SO01546;1;O04633;20251229;2025-12-29;C0029;P013;S014;1;93683.87;0.05;97899.65
SO01547;1;O04638;20260101;2026-01-01;C0016;P004;S020;1;169828.34;0.03;164733.49
SO01548;1;O04639;20260110;2026-01-10;C0186;P024;S014;1;28053.14;0.03;29932.7
SO01548;2;O04639;20260110;2026-01-10;C0186;P044;S014;2;13815.3;0;30393.67
SO01549;1;O04640;20260117;2026-01-17;C0055;P030;S014;1;49188.35;0.05;51401.82
SO01550;1;O04643;20260125;2026-01-25;C0007;P018;S023;1;111165.56;0;111165.56
SO01551;1;O04644;20260105;2026-01-05;C0040;P039;S003;1;14929.74;0.03;15930.03
SO01552;1;O04649;20251228;2025-12-28;C0019;P024;S013;1;76463.46;0.03;74169.56
SO01552;2;O04649;20251228;2025-12-28;C0019;P024;S013;1;80170.14;0;80170.14
SO01553;1;O04651;20260123;2026-01-23;C0404;P020;S028;1;16587.27;0.12;14596.8
SO01554;1;O04652;20260109;2026-01-09;C0035;P021;S036;1;54861.58;0.08;50472.66
SO01554;2;O04652;20260109;2026-01-09;C0035;P046;S036;1;50932.71;0.05;48386.07
SO01555;1;O04653;20260120;2026-01-20;C0205;P015;S008;1;64846.44;0.08;59658.73
SO01556;1;O04656;20260109;2026-01-09;C0017;P010;S021;1;183413.42;0;183413.42
SO01557;1;O04662;20260103;2026-01-03;C0391;P041;S033;1;10390.14;0.08;9558.93
SO01557;2;O04662;20260103;2026-01-03;C0391;P047;S033;1;12264.81;0.05;11651.57
SO01558;1;O04664;20260106;2026-01-06;C0607;P022;S030;1;11949.2;0.08;10993.26
SO01558;2;O04664;20260106;2026-01-06;C0607;P048;S030;1;13002.6;0.12;11442.29
SO01559;1;O04667;20260118;2026-01-18;C0456;P037;S011;2;3050.45;0;6100.91
SO01560;1;O04668;20260105;2026-01-05;C0503;P008;S007;1;36620.3;0.12;35448.45
SO01561;1;O04679;20251230;2025-12-30;C0026;P017;S032;1;106448.56;0.08;97932.67
SO01562;1;O04680;20260113;2026-01-13;C0002;P006;S022;1;254170.04;0.05;265607.69
SO01563;1;O04684;20260114;2026-01-14;C0016;P019;S007;1;53909.74;0.08;54556.66
SO01564;1;O04685;20251229;2025-12-29;C0355;P007;S023;1;21982.45;0;21982.45
SO01564;2;O04685;20251229;2025-12-29;C0355;P008;S023;1;45070.84;0.08;41465.17
SO01565;1;O04687;20260109;2026-01-09;C0574;P016;S012;1;9333.75;0.08;8587.05
SO01565;2;O04687;20260109;2026-01-09;C0574;P004;S012;1;22209.55;0.12;19544.4
SO01566;1;O04689;20260110;2026-01-10;C0035;P043;S040;3;30884.58;0.05;88021.06
SO01567;1;O04692;20260109;2026-01-09;C0620;P030;S013;1;12802.04;0;12802.04
SO01568;1;O04695;20260109;2026-01-09;C0263;P027;S003;1;35006.08;0.12;33885.88
SO01569;1;O04697;20260127;2026-01-27;C0201;P001;S015;1;25087.19;0;25087.19
SO01569;2;O04697;20260127;2026-01-27;C0201;P013;S015;1;37759.85;0.12;33228.67
SO01569;3;O04697;20260127;2026-01-27;C0201;P048;S015;1;31868.67;0.05;30275.23
SO01570;1;O04698;20251222;2025-12-22;C0314;P021;S008;1;14944.17;0.08;13748.64
SO01571;1;O04701;20251230;2025-12-30;C0093;P025;S003;1;21570.93;0.03;23016.19
SO01572;1;O04703;20251229;2025-12-29;C0171;P015;S040;1;71551.49;0.08;65827.37
SO01573;1;O04704;20251230;2025-12-30;C0173;P049;S014;1;23441.52;0.03;25012.11
SO01573;2;O04704;20251230;2025-12-30;C0173;P015;S014;1;66268.14;0.03;70708.11
SO01573;3;O04704;20251230;2025-12-30;C0173;P012;S014;1;32134.76;0.03;34287.79
SO01574;1;O04707;20260101;2026-01-01;C0019;P018;S023;1;110850.98;0.03;107525.45
SO01575;1;O04715;20260120;2026-01-20;C0258;P033;S011;1;22445.32;0.05;21323.05
SO01575;2;O04715;20260120;2026-01-20;C0258;P004;S011;1;38647.72;0;38647.72
SO01576;1;O04716;20260104;2026-01-04;C0105;P044;S022;2;15655.04;0.05;32719.03
SO01577;1;O04717;20260116;2026-01-16;C0353;P007;S023;1;21692.71;0.08;19957.29
SO01578;1;O04720;20260104;2026-01-04;C0144;P040;S015;1;24664.25;0.08;22691.11
SO01579;1;O04725;20260115;2026-01-15;C0027;P036;S003;1;66558.8;0.03;71018.23
SO01579;2;O04725;20260115;2026-01-15;C0027;P017;S003;1;179413.44;0.05;187487.04
SO01580;1;O04726;20260117;2026-01-17;C0041;P033;S024;1;44848.62;0;44848.62
SO01581;1;O04727;20260102;2026-01-02;C0607;P049;S035;1;18911.94;0;18911.94
SO01581;2;O04727;20260102;2026-01-02;C0607;P050;S035;2;5707.16;0.05;10843.6
SO01582;1;O04730;20251218;2025-12-18;C0126;P043;S029;1;23150.72;0.05;21993.19
SO01583;1;O04735;20260108;2026-01-08;C0413;P006;S025;1;43120.79;0.05;40964.75
SO01584;1;O04737;20251231;2025-12-31;C0261;P008;S027;1;82175.85;0.03;79710.57
SO01585;1;O04739;20260111;2026-01-11;C0094;P050;S035;2;9920.81;0.03;19246.36
SO01586;1;O04740;20251221;2025-12-21;C0488;P012;S011;1;15471.32;0.12;13614.77
SO01586;2;O04740;20251221;2025-12-21;C0488;P043;S011;1;8593.17;0.03;8335.37
SO01586;3;O04740;20251221;2025-12-21;C0488;P046;S011;1;9972.81;0.03;9673.63
SO01587;1;O04742;20260101;2026-01-01;C0282;P003;S011;1;15724.5;0;15724.5
SO01588;1;O04743;20260121;2026-01-21;C0038;P007;S014;1;62161.09;0.03;66325.89
SO01589;1;O04745;20251222;2025-12-22;C0211;P015;S022;1;65907.56;0.08;66698.45
SO01590;1;O04749;20251229;2025-12-29;C0213;P033;S015;1;14789.87;0;14789.87
SO01590;2;O04749;20251229;2025-12-29;C0213;P044;S015;1;10450.08;0.03;10136.58
SO01591;1;O04751;20260105;2026-01-05;C0028;P050;S022;1;28530.61;0.12;27617.63
SO01592;1;O04754;20260108;2026-01-08;C0111;P040;S029;1;30674.59;0.03;29754.36
SO01593;1;O04756;20251219;2025-12-19;C0508;P012;S015;1;11727.87;0.03;11376.04
SO01594;1;O04758;20260121;2026-01-21;C0074;P030;S010;1;31453.79;0.12;27679.33
SO01595;1;O04759;20260117;2026-01-17;C0192;P026;S028;1;34175.62;0.08;31441.57
SO01595;2;O04759;20260117;2026-01-17;C0192;P033;S028;1;13961.8;0;13961.8
SO01596;1;O04763;20260121;2026-01-21;C0318;P024;S010;1;15121.12;0.08;13911.43
SO01597;1;O04764;20260113;2026-01-13;C0262;P032;S007;3;10525.53;0.05;32997.53
SO01597;2;O04764;20260113;2026-01-13;C0262;P047;S007;1;42400.61;0.05;44308.64
SO01597;3;O04764;20260113;2026-01-13;C0262;P012;S007;1;28754.43;0.05;30048.38
SO01598;1;O04767;20260122;2026-01-22;C0038;P009;S013;1;119517.68;0;119517.68
SO01598;2;O04767;20260122;2026-01-22;C0038;P045;S013;1;86904.4;0.03;84297.27
SO01599;1;O04769;20260108;2026-01-08;C0134;P021;S009;1;38881.04;0;38881.04
SO01600;1;O04773;20260119;2026-01-19;C0344;P001;S003;1;14686.68;0.03;15670.69
SO01600;2;O04773;20260119;2026-01-19;C0344;P002;S003;1;25551.84;0.03;27263.81
SO01600;3;O04773;20260119;2026-01-19;C0344;P015;S003;1;36120.24;0.03;38540.29
SO01601;1;O04775;20260128;2026-01-28;C0088;P029;S009;1;77674.81;0.05;73791.07
SO01602;1;O04776;20260115;2026-01-15;C0003;P033;S038;1;107052.77;0.08;98488.55
SO01602;2;O04776;20260115;2026-01-15;C0003;P048;S038;1;99784.18;0;99784.18
SO01603;1;O04777;20260113;2026-01-13;C0059;P007;S032;1;80070.38;0.08;73664.75
SO01604;1;O04780;20260122;2026-01-22;C0295;P003;S033;1;25232.59;0.12;22204.68
SO01604;2;O04780;20260122;2026-01-22;C0295;P012;S033;1;29765.81;0.05;28277.52
SO01604;3;O04780;20260122;2026-01-22;C0295;P046;S033;1;25528.08;0.05;24251.68
SO01605;1;O04784;20260120;2026-01-20;C0280;P016;S009;1;19069.17;0.12;16780.87
SO01605;2;O04784;20260120;2026-01-20;C0280;P050;S009;1;8731.28;0.08;8032.78
SO01606;1;O04787;20251228;2025-12-28;C0003;P042;S040;1;131684.53;0.05;125100.3
SO01607;1;O04789;20251226;2025-12-26;C0083;P018;S029;1;69868.02;0.03;67771.98
SO01608;1;O04797;20260120;2026-01-20;C0024;P004;S033;1;57936.76;0.03;56198.66
SO01608;2;O04797;20260120;2026-01-20;C0024;P021;S033;1;48140.39;0.08;44289.16
SO01609;1;O04800;20251230;2025-12-30;C0210;P001;S015;1;25910.23;0.05;24614.72
SO01610;1;O04801;20260110;2026-01-10;C0298;P031;S023;1;12702.63;0.03;12321.55
SO01610;2;O04801;20260110;2026-01-10;C0298;P028;S023;1;60873.02;0;60873.02
SO01611;1;O04804;20260119;2026-01-19;C0016;P031;S001;1;51927.52;0.12;45696.22
SO01612;1;O04812;20260119;2026-01-19;C0099;P037;S040;3;4140.33;0.03;12048.37
SO01613;1;O04816;20251228;2025-12-28;C0110;P011;S003;1;20888.62;0.08;21139.29
SO01614;1;O04817;20251226;2025-12-26;C0019;P034;S010;1;117094.35;0.03;113581.52
SO01614;2;O04817;20251226;2025-12-26;C0019;P027;S010;1;136819.76;0.08;125874.18
SO01615;1;O04823;20260111;2026-01-11;C0174;P038;S014;2;7255.56;0.05;15164.11
SO01615;2;O04823;20260111;2026-01-11;C0174;P049;S014;1;50209.92;0;55230.92
SO01616;1;O04824;20260121;2026-01-21;C0049;P015;S014;1;97618.62;0.03;104159.07
SO01617;1;O04826;20251215;2025-12-15;C0016;P002;S015;1;168022.97;0.03;162982.28
SO01617;2;O04826;20251215;2025-12-15;C0016;P050;S015;2;46099.68;0;92199.37
SO01617;3;O04826;20251215;2025-12-15;C0016;P045;S015;1;127557.93;0.08;117353.3
SO01618;1;O04829;20260121;2026-01-21;C0367;P003;S026;1;9190.99;0.05;8731.44
SO01619;1;O04830;20260118;2026-01-18;C0300;P007;S003;1;39309.48;0.05;41078.41
SO01620;1;O04837;20251220;2025-12-20;C0007;P018;S012;1;142017.67;0;142017.67
SO01621;1;O04842;20251231;2025-12-31;C0680;P014;S024;1;28653.27;0.08;26361.01
SO01622;1;O04846;20260106;2026-01-06;C0085;P050;S028;2;23928.72;0.03;46421.72
SO01622;2;O04846;20260106;2026-01-06;C0085;P024;S028;1;39177.74;0;39177.74
SO01623;1;O04847;20260125;2026-01-25;C0171;P004;S036;1;48869.15;0.08;44959.62
SO01624;1;O04853;20260112;2026-01-12;C0269;P029;S015;1;51207.02;0.08;47110.46
SO01624;2;O04853;20260112;2026-01-12;C0269;P003;S015;1;18149.73;0;18149.73
SO01625;1;O04855;20251227;2025-12-27;C0134;P038;S009;3;7800.63;0.05;22231.81
SO01625;2;O04855;20251227;2025-12-27;C0134;P047;S009;1;26011.24;0.05;24710.68
SO01626;1;O04859;20260108;2026-01-08;C0079;P009;S016;1;98033.27;0.05;93131.6
SO01627;1;O04860;20260108;2026-01-08;C0008;P007;S008;1;199889.38;0;199889.38
SO01628;1;O04870;20251230;2025-12-30;C0355;P026;S013;1;19050.69;0.08;17526.64
SO01629;1;O04871;20251230;2025-12-30;C0393;P004;S023;1;22002.67;0.08;20242.45
SO01629;2;O04871;20251230;2025-12-30;C0393;P036;S023;1;20968.04;0.08;19290.6
SO01629;3;O04871;20251230;2025-12-30;C0393;P029;S023;1;16153.7;0.03;15669.09
SO01630;1;O04872;20260113;2026-01-13;C0287;P049;S008;1;49536.77;0.12;43592.36
SO01630;2;O04872;20260113;2026-01-13;C0287;P025;S008;1;24610.44;0.03;23872.13
SO01631;1;O04875;20251216;2025-12-16;C0166;P002;S004;1;46283.13;0;46283.13
SO01631;2;O04875;20251216;2025-12-16;C0166;P047;S004;1;36891.21;0.08;33939.91
SO01632;1;O04878;20251230;2025-12-30;C0438;P022;S012;1;11931.71;0;11931.71
SO01633;1;O04883;20260110;2026-01-10;C0004;P005;S021;1;188782.42;0.08;173679.82
SO01633;2;O04883;20260110;2026-01-10;C0004;P042;S021;1;98540.85;0.12;86715.95
SO01634;1;O04885;20260117;2026-01-17;C0273;P039;S029;3;11394.53;0.08;31448.9
SO01634;2;O04885;20260117;2026-01-17;C0273;P005;S029;1;67361.85;0.05;63993.75
SO01635;1;O04889;20251225;2025-12-25;C0150;P010;S029;1;52903.47;0;52903.47
SO01635;2;O04889;20251225;2025-12-25;C0150;P041;S029;1;31742.53;0;31742.53
SO01635;3;O04889;20251225;2025-12-25;C0150;P050;S029;3;17580.24;0;52740.71
SO01636;1;O04890;20260119;2026-01-19;C0180;P049;S009;1;34410.44;0.03;33378.12
SO01636;2;O04890;20260119;2026-01-19;C0180;P047;S009;1;25028.45;0.08;23026.17
SO01637;1;O04892;20251229;2025-12-29;C0437;P034;S023;1;19810.05;0;19810.05
SO01638;1;O04895;20260101;2026-01-01;C0096;P009;S022;1;81725.28;0.03;87200.87
SO01638;2;O04895;20260101;2026-01-01;C0096;P048;S022;1;25489.57;0.03;27197.37
SO01639;1;O04897;20260106;2026-01-06;C0046;P007;S017;1;86227.21;0;86227.21
SO01639;2;O04897;20260106;2026-01-06;C0046;P041;S017;1;72913.32;0.08;67080.26
SO01640;1;O04902;20251230;2025-12-30;C0013;P018;S017;1;75893.98;0;75893.98
SO01641;1;O04906;20251228;2025-12-28;C0243;P013;S005;1;48098.29;0.08;44250.43
SO01641;2;O04906;20251228;2025-12-28;C0243;P014;S005;1;34545.4;0.03;33509.04
SO01642;1;O04909;20251229;2025-12-29;C0013;P001;S020;1;98137.86;0.05;93230.97
SO01643;1;O04910;20251216;2025-12-16;C0366;P032;S038;3;7960.79;0.12;21016.49
SO01644;1;O04912;20260110;2026-01-10;C0002;P037;S012;1;24881.05;0.03;24134.61
SO01645;1;O04918;20260109;2026-01-09;C0198;P049;S017;1;32044.18;0;32044.18
SO01646;1;O04919;20260115;2026-01-15;C0086;P011;S022;1;32742.93;0;36017.22
SO01646;2;O04919;20260115;2026-01-15;C0086;P050;S022;2;20576.92;0.12;39836.92
SO01647;1;O04920;20260106;2026-01-06;C0004;P016;S005;1;72326.5;0.05;68710.18
SO01648;1;O04921;20260121;2026-01-21;C0137;P005;S011;1;77957.42;0.03;75618.69
SO01649;1;O04922;20260103;2026-01-03;C0115;P023;S010;1;56820.86;0.08;52275.19
SO01649;2;O04922;20260103;2026-01-03;C0115;P034;S010;1;34459.72;0.05;32736.74
SO01649;3;O04922;20260103;2026-01-03;C0115;P031;S010;2;14724.01;0.08;27092.17
SO01650;1;O04924;20260101;2026-01-01;C0641;P042;S022;1;13805.37;0.03;14730.33
SO01650;2;O04924;20260101;2026-01-01;C0641;P002;S022;1;20550.59;0.03;21927.48
SO01650;3;O04924;20260101;2026-01-01;C0641;P050;S022;2;5357.43;0;11786.35
SO01651;1;O04928;20251226;2025-12-26;C0003;P019;S007;2;62827.39;0.12;121633.83
SO01652;1;O04930;20260122;2026-01-22;C0233;P015;S009;1;48064.1;0.05;45660.89
SO01653;1;O04931;20260105;2026-01-05;C0493;P010;S021;1;38882.65;0.05;36938.51
SO01654;1;O04938;20251224;2025-12-24;C0206;P014;S022;1;31703.03;0.03;33827.13
SO01655;1;O04941;20260112;2026-01-12;C0248;P042;S038;1;57365.22;0.03;55644.27
SO01655;2;O04941;20260112;2026-01-12;C0248;P044;S038;1;17123.18;0.08;15753.32
SO01656;1;O04942;20260123;2026-01-23;C0207;P037;S011;3;6343.44;0.05;18078.8
SO01656;2;O04942;20260123;2026-01-23;C0207;P023;S011;1;66210.62;0.08;60913.77
SO01657;1;O04943;20251225;2025-12-25;C0005;P023;S025;1;162416.07;0.05;154295.27
SO01657;2;O04943;20251225;2025-12-25;C0005;P012;S025;1;123990.91;0.03;120271.18
SO01658;1;O04945;20260106;2026-01-06;C0270;P047;S007;1;27858.59;0;30644.45
SO01658;2;O04945;20260106;2026-01-06;C0270;P048;S007;1;34634.12;0.12;33525.83
SO01659;1;O04946;20251225;2025-12-25;C0220;P008;S024;1;77242.11;0.03;74924.85
SO01660;1;O04947;20260123;2026-01-23;C0227;P028;S007;1;81911.32;0.05;85597.33
SO01661;1;O04949;20260101;2026-01-01;C0297;P045;S013;1;53190.19;0.12;46807.37
SO01661;2;O04949;20260101;2026-01-01;C0297;P046;S013;1;31506.3;0.08;28985.79
SO01661;3;O04949;20260101;2026-01-01;C0297;P047;S013;1;29890.34;0;29890.34
SO01662;1;O04952;20260110;2026-01-10;C0114;P005;S029;1;44341.21;0.03;43010.98
SO01662;2;O04952;20260110;2026-01-10;C0114;P021;S029;1;22145.96;0.03;21481.58
SO01663;1;O04953;20260101;2026-01-01;C0299;P029;S013;1;38619.19;0.08;35529.65
SO01664;1;O04956;20260103;2026-01-03;C0340;P007;S024;1;20276.04;0;20276.04
SO01665;1;O04958;20260106;2026-01-06;C0186;P025;S014;1;16579.44;0.12;16048.9
SO01666;1;O04960;20260101;2026-01-01;C0107;P006;S022;1;57598.22;0.05;60190.14
SO01667;1;O04961;20260124;2026-01-24;C0008;P048;S019;1;115588.66;0.08;106341.57
SO01668;1;O04966;20260117;2026-01-17;C0026;P033;S003;1;37135.1;0;40848.61
SO01668;2;O04966;20260117;2026-01-17;C0026;P047;S003;1;45831.25;0.08;46381.23
SO01669;1;O04969;20251223;2025-12-23;C0008;P006;S014;1;298929.6;0;328822.56
SO01670;1;O04971;20260115;2026-01-15;C0064;P049;S014;1;55173.17;0.05;57655.96
SO01670;2;O04971;20260115;2026-01-15;C0064;P045;S014;1;89172.2;0.08;90242.26
SO01671;1;O04972;20260103;2026-01-03;C0151;P008;S022;1;72462.31;0.03;77317.29
SO01672;1;O04974;20260124;2026-01-24;C0024;P005;S007;1;116212.62;0.05;121442.18
SO01672;2;O04974;20260124;2026-01-24;C0024;P006;S007;1;128699.74;0.05;134491.23
SO01673;1;O04977;20260216;2026-02-16;C0605;P042;S038;1;18945.79;0.03;18377.41
SO01674;1;O04991;20260219;2026-02-19;C0109;P017;S028;1;72799.67;0;72799.67
SO01674;2;O04991;20260219;2026-02-19;C0109;P049;S028;1;37387.66;0.03;36266.03
SO01675;1;O04997;20260208;2026-02-08;C0066;P003;S033;1;40538.91;0.08;37295.8
SO01676;1;O04998;20260129;2026-01-29;C0030;P015;S007;1;125786.79;0;138365.47
SO01677;1;O05003;20260221;2026-02-21;C0046;P001;S014;1;48305.92;0.03;51542.42
SO01677;2;O05003;20260221;2026-02-21;C0046;P011;S014;1;60868.77;0.03;64946.98
SO01678;1;O05005;20260130;2026-01-30;C0206;P030;S014;1;22527.91;0.08;22798.25
SO01678;2;O05005;20260130;2026-01-30;C0206;P008;S014;1;71009.44;0.08;71861.55
SO01679;1;O05009;20260208;2026-02-08;C0049;P013;S014;1;84809.27;0;93290.2
SO01680;1;O05010;20260128;2026-01-28;C0203;P007;S016;1;48358.52;0;48358.52
SO01680;2;O05010;20260128;2026-01-28;C0203;P045;S016;1;50917.34;0.12;44807.26
SO01681;1;O05012;20260213;2026-02-13;C0403;P004;S034;1;25340.16;0;25340.16
SO01682;1;O05014;20260205;2026-02-05;C0181;P014;S011;1;46581.02;0.03;45183.59
SO01682;2;O05014;20260205;2026-02-05;C0181;P049;S011;1;43317.79;0.12;38119.66
SO01682;3;O05014;20260205;2026-02-05;C0181;P008;S011;1;67514.29;0;67514.29
SO01683;1;O05019;20260121;2026-01-21;C0033;P003;S026;1;45769.29;0;45769.29
SO01683;2;O05019;20260121;2026-01-21;C0033;P013;S026;1;75590.11;0;75590.11
SO01684;1;O05020;20260204;2026-02-04;C0115;P041;S026;1;27577.56;0.03;26750.24
SO01685;1;O05021;20260202;2026-02-02;C0020;P016;S032;1;60227.74;0.05;57216.35
SO01685;2;O05021;20260202;2026-02-02;C0020;P009;S032;1;264127.49;0.12;232432.19
SO01685;3;O05021;20260202;2026-02-02;C0020;P041;S032;1;69132.07;0.08;63601.51
SO01686;1;O05023;20260217;2026-02-17;C0072;P015;S035;1;95088.38;0;95088.38
SO01687;1;O05024;20260213;2026-02-13;C0036;P016;S030;1;41401.01;0;41401.01
SO01687;2;O05024;20260213;2026-02-13;C0036;P016;S030;1;34938.18;0;34938.18
SO01688;1;O05025;20260128;2026-01-28;C0164;P037;S014;2;5567.08;0.08;11267.77
SO01689;1;O05029;20260127;2026-01-27;C0136;P045;S009;1;58960.28;0.05;56012.27
SO01689;2;O05029;20260127;2026-01-27;C0136;P049;S009;1;27523.17;0.05;26147.01
SO01690;1;O05035;20260130;2026-01-30;C0085;P016;S025;1;35183.19;0.12;30961.2
SO01691;1;O05037;20260201;2026-02-01;C0020;P018;S033;1;79630.1;0.08;73259.69
SO01691;2;O05037;20260201;2026-02-01;C0020;P045;S033;1;174841.42;0.08;160854.11
SO01691;3;O05037;20260201;2026-02-01;C0020;P034;S033;1;124508.72;0.05;118283.28
SO01692;1;O05049;20260227;2026-02-27;C0534;P006;S021;1;25408.48;0;25408.48
SO01693;1;O05050;20260206;2026-02-06;C0214;P023;S007;1;55451.8;0.05;57947.13
SO01693;2;O05050;20260206;2026-02-06;C0214;P049;S007;1;38010.45;0.03;40557.15
SO01694;1;O05052;20260221;2026-02-21;C0195;P005;S031;1;48861.9;0.12;42998.47
SO01695;1;O05054;20260130;2026-01-30;C0049;P024;S010;1;36028.65;0.03;34947.79
SO01696;1;O05055;20260129;2026-01-29;C0045;P004;S003;1;84644.99;0.03;90316.21
SO01697;1;O05056;20260222;2026-02-22;C0033;P019;S022;3;36293.71;0.12;105396.92
SO01698;1;O05057;20260228;2026-02-28;C0059;P009;S032;1;164395.62;0.12;144668.14
SO01699;1;O05058;20260205;2026-02-05;C0247;P019;S012;2;17167.32;0.12;30214.48
SO01700;1;O05062;20260213;2026-02-13;C0063;P008;S022;1;88637.58;0.03;94576.3
SO01701;1;O05063;20260203;2026-02-03;C0634;P047;S011;1;22603.16;0.08;20794.91
SO01702;1;O05065;20260209;2026-02-09;C0174;P027;S033;1;42879.65;0;42879.65
SO01703;1;O05073;20260214;2026-02-14;C0587;P011;S006;1;11577.22;0.03;11229.9
SO01704;1;O05075;20260214;2026-02-14;C0019;P001;S011;1;72347.37;0;72347.37
SO01705;1;O05077;20260205;2026-02-05;C0157;P040;S016;1;22355.85;0.12;19673.15
SO01706;1;O05081;20260124;2026-01-24;C0641;P025;S023;1;9320.53;0.08;8574.89
SO01707;1;O05084;20260207;2026-02-07;C0123;P013;S013;1;53697.58;0.08;49401.78
SO01707;2;O05084;20260207;2026-02-07;C0123;P046;S013;1;23254.98;0;23254.98
SO01708;1;O05085;20260216;2026-02-16;C0002;P002;S014;1;175398.95;0.08;177503.73
SO01709;1;O05088;20260130;2026-01-30;C0465;P043;S011;3;9223.67;0.05;26287.45
SO01709;2;O05088;20260130;2026-01-30;C0465;P041;S011;1;15930.72;0.08;14656.26
SO01710;1;O05090;20260201;2026-02-01;C0626;P044;S040;3;6860.87;0.05;19553.48
SO01711;1;O05092;20260129;2026-01-29;C0009;P010;S038;1;169135.44;0.12;148839.18
SO01711;2;O05092;20260129;2026-01-29;C0009;P050;S038;2;42899.6;0.03;83225.22
SO01712;1;O05097;20260213;2026-02-13;C0110;P015;S013;1;68770.41;0.05;65331.89
SO01712;2;O05097;20260213;2026-02-13;C0110;P005;S013;1;59113.1;0.03;57339.71
SO01712;3;O05097;20260213;2026-02-13;C0110;P026;S013;1;38554.48;0.08;35470.12
SO01713;1;O05101;20260130;2026-01-30;C0272;P026;S035;1;34532.12;0.05;32805.51
SO01714;1;O05104;20260212;2026-02-12;C0148;P020;S036;1;35421.77;0.08;32588.02
SO01714;2;O05104;20260212;2026-02-12;C0148;P033;S036;1;18921.72;0.05;17975.63
SO01715;1;O05106;20260127;2026-01-27;C0046;P001;S014;1;55979.02;0;61576.93
SO01715;2;O05106;20260127;2026-01-27;C0046;P021;S014;1;76651.24;0.12;74198.4
SO01715;3;O05106;20260127;2026-01-27;C0046;P049;S014;1;82765.6;0.05;86490.05
SO01716;1;O05107;20260217;2026-02-17;C0541;P045;S026;1;26265.38;0;26265.38
SO01716;2;O05107;20260217;2026-02-17;C0541;P048;S026;1;15252.59;0.05;14489.96
SO01716;3;O05107;20260217;2026-02-17;C0541;P041;S026;1;12457.87;0.12;10962.92
SO01717;1;O05111;20260217;2026-02-17;C0240;P001;S014;1;21220.47;0.03;22642.25
SO01718;1;O05114;20260201;2026-02-01;C0022;P028;S022;1;183390.68;0.03;195677.86
SO01718;2;O05114;20260201;2026-02-01;C0022;P043;S022;1;33065.53;0.08;33462.32
SO01719;1;O05119;20260224;2026-02-24;C0042;P003;S038;1;39936.77;0.12;35144.36
SO01719;2;O05119;20260224;2026-02-24;C0042;P042;S038;1;89604.16;0.05;85123.95
SO01719;3;O05119;20260224;2026-02-24;C0042;P030;S038;1;29846.22;0.03;28950.83
SO01720;1;O05123;20260125;2026-01-25;C0046;P011;S010;1;42275.93;0.05;40162.13
SO01721;1;O05127;20260206;2026-02-06;C0012;P050;S034;2;36794.6;0.05;69909.74
SO01722;1;O05129;20260117;2026-01-17;C0003;P025;S007;1;84380.33;0.03;90033.82
SO01723;1;O05130;20260208;2026-02-08;C0682;P017;S024;1;37711.16;0.05;35825.61
SO01724;1;O05138;20260212;2026-02-12;C0593;P002;S028;1;28131.51;0.08;25880.99
SO01724;2;O05138;20260212;2026-02-12;C0593;P011;S028;1;16825.15;0.08;15479.14
SO01725;1;O05147;20260222;2026-02-22;C0090;P004;S038;1;72793.14;0.08;66969.69
SO01726;1;O05149;20260208;2026-02-08;C0577;P048;S033;1;21163.01;0.05;20104.86
SO01727;1;O05150;20260128;2026-01-28;C0207;P014;S023;1;52390.34;0.08;48199.12
SO01727;2;O05150;20260128;2026-01-28;C0207;P045;S023;1;55996.54;0.05;53196.72
SO01728;1;O05156;20260216;2026-02-16;C0150;P044;S036;2;17744.81;0.05;33715.13
SO01728;2;O05156;20260216;2026-02-16;C0150;P042;S036;1;55220.43;0.05;52459.41
SO01728;3;O05156;20260216;2026-02-16;C0150;P019;S036;2;21732.4;0.05;41291.56
SO01729;1;O05157;20260130;2026-01-30;C0528;P024;S026;1;17618.2;0;17618.2
SO01730;1;O05158;20260122;2026-01-22;C0444;P008;S014;1;39270.32;0.08;39741.56
SO01731;1;O05160;20260124;2026-01-24;C0545;P009;S033;1;40570.75;0.05;38542.21
SO01731;2;O05160;20260124;2026-01-24;C0545;P021;S033;1;13350.33;0;13350.33
SO01732;1;O05162;20260130;2026-01-30;C0667;P026;S015;1;21952.99;0.08;20196.75
SO01732;2;O05162;20260130;2026-01-30;C0667;P047;S015;1;14411.18;0;14411.18
SO01733;1;O05164;20260208;2026-02-08;C0226;P011;S024;1;23766.44;0.03;23053.45
SO01733;2;O05164;20260208;2026-02-08;C0226;P033;S024;1;20367.02;0.05;19348.67
SO01734;1;O05165;20260215;2026-02-15;C0035;P021;S007;1;47014.53;0.03;50164.5
SO01734;2;O05165;20260215;2026-02-15;C0035;P047;S007;1;47634.98;0.08;48206.6
SO01735;1;O05166;20260126;2026-01-26;C0058;P030;S010;1;46142.59;0.03;44758.31
SO01736;1;O05170;20260210;2026-02-10;C0008;P042;S023;1;166480.04;0.05;158156.04
SO01737;1;O05172;20260119;2026-01-19;C0246;P012;S025;1;38011.85;0.05;36111.25
SO01737;2;O05172;20260119;2026-01-19;C0246;P012;S025;1;29396.84;0.03;28514.93
SO01738;1;O05182;20260216;2026-02-16;C0004;P047;S022;1;112709.2;0;123980.12
SO01739;1;O05184;20260204;2026-02-04;C0063;P050;S014;3;17767.03;0;58631.22
SO01740;1;O05186;20260203;2026-02-03;C0150;P007;S040;1;46333.34;0.08;42626.67
SO01740;2;O05186;20260203;2026-02-03;C0150;P041;S040;1;33965.55;0.08;31248.31
SO01741;1;O05188;20260213;2026-02-13;C0042;P004;S039;1;56678.75;0.03;54978.39
SO01742;1;O05190;20260127;2026-01-27;C0191;P049;S027;1;31947.54;0.08;29391.74
SO01742;2;O05190;20260127;2026-01-27;C0191;P003;S027;1;28792.77;0.05;27353.14
SO01743;1;O05191;20260213;2026-02-13;C0423;P002;S011;1;26014.02;0.05;24713.32
SO01744;1;O05192;20260201;2026-02-01;C0576;P017;S010;1;34300.57;0.08;31556.52
SO01744;2;O05192;20260201;2026-02-01;C0576;P005;S010;1;19039.18;0.12;16754.48
SO01744;3;O05192;20260201;2026-02-01;C0576;P047;S010;1;14922.62;0.05;14176.49
SO01745;1;O05193;20260221;2026-02-21;C0253;P027;S027;1;47590.79;0.08;43783.53
SO01746;1;O05195;20260219;2026-02-19;C0340;P009;S022;1;32030.62;0.12;31005.64
SO01747;1;O05197;20260121;2026-01-21;C0047;P002;S030;1;105528.49;0.12;92865.07
SO01748;1;O05207;20260218;2026-02-18;C0086;P024;S020;1;35049.82;0;35049.82
SO01748;2;O05207;20260218;2026-02-18;C0086;P046;S020;1;37252.35;0;37252.35
SO01749;1;O05210;20260221;2026-02-21;C0005;P012;S007;1;103740.05;0.03;110690.63
SO01750;1;O05216;20260205;2026-02-05;C0005;P015;S005;1;152754.93;0;152754.93
SO01751;1;O05219;20260207;2026-02-07;C0083;P046;S029;1;40291.81;0;40291.81
SO01751;2;O05219;20260207;2026-02-07;C0083;P046;S029;1;53903.88;0.05;51208.69
SO01751;3;O05219;20260207;2026-02-07;C0083;P041;S029;1;54194.81;0.05;51485.07
SO01752;1;O05220;20260118;2026-01-18;C0257;P005;S017;1;46606.08;0;46606.08
SO01753;1;O05221;20260129;2026-01-29;C0038;P003;S025;1;30605.8;0.05;29075.51
SO01753;2;O05221;20260129;2026-01-29;C0038;P043;S025;3;25718.63;0.05;73298.1
SO01753;3;O05221;20260129;2026-01-29;C0038;P016;S025;1;27519.99;0.05;26143.99
SO01754;1;O05224;20260122;2026-01-22;C0006;P025;S014;1;64355.86;0.05;67251.87
SO01755;1;O05226;20260207;2026-02-07;C0586;P041;S032;1;13991.01;0;13991.01
SO01755;2;O05226;20260207;2026-02-07;C0586;P049;S032;1;15519.75;0.03;15054.16
SO01756;1;O05228;20260119;2026-01-19;C0511;P044;S020;1;7219.47;0.03;7002.88
SO01757;1;O05229;20260213;2026-02-13;C0031;P022;S014;1;40519.83;0.08;41006.07
SO01758;1;O05231;20260122;2026-01-22;C0007;P007;S001;1;166605.62;0.05;158275.34
SO01759;1;O05234;20260121;2026-01-21;C0218;P017;S027;1;95964.85;0.03;93085.9
SO01760;1;O05235;20260216;2026-02-16;C0016;P047;S022;1;104443.6;0.03;111441.32
SO01760;2;O05235;20260216;2026-02-16;C0016;P046;S022;1;85556.01;0.03;91288.26
SO01760;3;O05235;20260216;2026-02-16;C0016;P035;S022;1;229102.14;0.05;239411.73
SO01761;1;O05236;20260220;2026-02-20;C0358;P025;S007;1;17859.69;0;19645.66
SO01762;1;O05239;20260126;2026-01-26;C0151;P025;S014;1;30928.39;0.05;32320.17
SO01762;2;O05239;20260126;2026-01-26;C0151;P026;S014;1;40215.76;0.03;42910.22
SO01763;1;O05240;20260202;2026-02-02;C0061;P020;S032;1;62876.53;0.03;60990.23
SO01763;2;O05240;20260202;2026-02-02;C0061;P033;S032;1;36099.95;0.05;34294.95
SO01764;1;O05241;20260218;2026-02-18;C0176;P015;S001;1;88829.96;0.08;81723.56
SO01764;2;O05241;20260218;2026-02-18;C0176;P048;S001;1;29288.91;0;29288.91
SO01765;1;O05246;20260220;2026-02-20;C0679;P018;S003;1;15215.62;0.05;15900.32
SO01766;1;O05249;20260214;2026-02-14;C0031;P011;S014;1;39718.33;0.08;40194.95
SO01767;1;O05252;20260125;2026-01-25;C0012;P050;S029;2;47147.51;0.08;86751.41
SO01767;2;O05252;20260125;2026-01-25;C0012;P010;S029;1;210544.85;0.05;200017.61
SO01768;1;O05257;20260202;2026-02-02;C0120;P047;S022;1;25251.06;0.03;26942.88
SO01769;1;O05258;20260128;2026-01-28;C0018;P007;S034;1;143857.96;0;143857.96
SO01769;2;O05258;20260128;2026-01-28;C0018;P043;S034;3;48211.49;0.03;140295.45
SO01770;1;O05267;20260126;2026-01-26;C0038;P023;S022;1;76338.95;0.03;81453.66
SO01771;1;O05268;20260221;2026-02-21;C0221;P004;S014;1;44930.5;0.08;45469.66
SO01771;2;O05268;20260221;2026-02-21;C0221;P032;S014;1;12656.63;0.08;12808.51
SO01771;3;O05268;20260221;2026-02-21;C0221;P036;S014;1;34805.73;0.08;35223.4
SO01772;1;O05273;20260224;2026-02-24;C0291;P018;S005;1;31602.11;0;31602.11
SO01773;1;O05274;20260130;2026-01-30;C0026;P002;S030;1;58373.83;0.03;56622.61
SO01774;1;O05276;20260131;2026-01-31;C0074;P007;S011;1;91986.14;0;91986.14
SO01775;1;O05280;20260130;2026-01-30;C0006;P009;S023;1;175436.23;0.03;170173.14
SO01775;2;O05280;20260130;2026-01-30;C0006;P018;S023;1;106767.34;0.03;103564.32
SO01775;3;O05280;20260130;2026-01-30;C0006;P027;S023;1;128527.57;0;128527.57
SO01776;1;O05282;20260211;2026-02-11;C0632;P047;S023;1;14069.52;0;14069.52
SO01776;2;O05282;20260211;2026-02-11;C0632;P037;S023;1;2088.49;0.03;2025.83
SO01777;1;O05289;20260224;2026-02-24;C0031;P046;S008;1;43963.76;0;43963.76
SO01778;1;O05290;20260220;2026-02-20;C0022;P012;S026;1;64762.74;0.08;59581.72
SO01779;1;O05291;20260213;2026-02-13;C0154;P018;S026;1;30950.07;0;30950.07
SO01779;2;O05291;20260213;2026-02-13;C0154;P045;S026;1;47125.06;0;47125.06
SO01779;3;O05291;20260213;2026-02-13;C0154;P027;S026;1;40102.93;0.03;38899.84
SO01780;1;O05294;20260118;2026-01-18;C0380;P013;S009;1;30747.41;0;30747.41
SO01780;2;O05294;20260118;2026-01-18;C0380;P016;S009;1;14676.2;0.05;13942.39
SO01781;1;O05296;20260215;2026-02-15;C0689;P030;S005;1;13858.76;0.05;13165.82
SO01781;2;O05296;20260215;2026-02-15;C0689;P046;S005;1;13590.49;0;13590.49
SO01782;1;O05297;20260215;2026-02-15;C0074;P016;S024;1;40669.44;0;40669.44
SO01783;1;O05298;20260217;2026-02-17;C0136;P004;S004;1;28452.25;0.12;25037.98
SO01784;1;O05299;20260206;2026-02-06;C0273;P016;S029;1;28225.33;0.08;25967.3
SO01785;1;O05300;20260218;2026-02-18;C0092;P013;S010;1;56182.35;0.08;51687.76
SO01786;1;O05301;20260126;2026-01-26;C0139;P011;S035;1;15627.86;0;15627.86
SO01786;2;O05301;20260126;2026-01-26;C0139;P017;S035;1;51546.02;0.05;48968.72
SO01787;1;O05302;20260117;2026-01-17;C0040;P001;S004;1;50340.08;0;50340.08
SO01787;2;O05302;20260117;2026-01-17;C0040;P030;S004;1;34460.46;0.03;33426.64
SO01788;1;O05305;20260210;2026-02-10;C0084;P008;S023;1;129883.4;0.03;125986.9
SO01788;2;O05305;20260210;2026-02-10;C0084;P049;S023;1;71239.71;0.03;69102.52
SO01788;3;O05305;20260210;2026-02-10;C0084;P045;S023;1;89331.5;0.08;82184.98
SO01789;1;O05308;20260213;2026-02-13;C0068;P016;S027;1;40814.62;0.05;38773.89
SO01789;2;O05308;20260213;2026-02-13;C0068;P004;S027;1;86495.63;0.03;83900.76
SO01790;1;O05312;20260212;2026-02-12;C0028;P033;S028;1;58533.43;0.05;55606.76
SO01791;1;O05313;20260220;2026-02-20;C0020;P017;S032;1;271833.14;0.12;239213.17
SO01792;1;O05320;20260206;2026-02-06;C0090;P026;S001;1;83216.16;0;83216.16
SO01793;1;O05321;20260209;2026-02-09;C0616;P017;S017;1;58495.16;0.08;53815.54
SO01794;1;O05327;20260213;2026-02-13;C0005;P034;S015;1;115319.29;0.05;109553.33
SO01795;1;O05329;20260201;2026-02-01;C0373;P012;S025;1;21028.64;0.08;19346.35
SO01796;1;O05333;20260212;2026-02-12;C0282;P002;S014;1;43915.02;0;48306.53
SO01796;2;O05333;20260212;2026-02-12;C0282;P013;S014;1;30807.31;0.08;31177.0
SO01796;3;O05333;20260212;2026-02-12;C0282;P043;S014;3;14465.17;0.05;45348.31
SO01797;1;O05335;20260208;2026-02-08;C0580;P003;S013;1;7611.2;0;7611.2
SO01798;1;O05338;20260125;2026-01-25;C0442;P022;S035;1;15398.94;0.05;14628.99
SO01798;2;O05338;20260125;2026-01-25;C0442;P022;S035;1;18200.29;0.05;17290.28
SO01799;1;O05340;20260218;2026-02-18;C0186;P010;S020;1;51636.98;0.03;50087.87
SO01799;2;O05340;20260218;2026-02-18;C0186;P015;S020;1;63149.72;0.08;58097.74
SO01800;1;O05342;20260131;2026-01-31;C0001;P039;S003;3;34819.24;0.08;105711.23
SO01801;1;O05349;20260215;2026-02-15;C0243;P015;S019;1;64559.13;0.03;62622.36
SO01802;1;O05353;20260216;2026-02-16;C0227;P020;S015;1;44144.69;0;44144.69
SO01803;1;O05354;20260215;2026-02-15;C0523;P038;S013;1;2686.06;0.03;2605.48
SO01803;2;O05354;20260215;2026-02-15;C0523;P041;S013;1;14886.29;0.12;13099.93
SO01804;1;O05359;20260221;2026-02-21;C0355;P019;S040;3;11505.21;0.03;33480.16
SO01805;1;O05361;20260309;2026-03-09;C0097;P022;S015;1;23566.23;0.03;22859.25
SO01805;2;O05361;20260309;2026-03-09;C0097;P046;S015;1;23905.16;0;23905.16
SO01805;3;O05361;20260309;2026-03-09;C0097;P024;S015;1;28344.65;0;28344.65
SO01806;1;O05366;20260308;2026-03-08;C0327;P021;S014;1;18143.49;0;19957.83
SO01806;2;O05366;20260308;2026-03-08;C0327;P028;S014;1;41551.57;0;45706.72
SO01807;1;O05370;20260313;2026-03-13;C0141;P046;S009;1;33600.96;0.05;31920.91
SO01808;1;O05372;20260313;2026-03-13;C0688;P031;S030;2;8026.89;0.12;14127.32
SO01808;2;O05372;20260313;2026-03-13;C0688;P047;S030;1;20855.9;0.05;19813.11
SO01809;1;O05374;20260319;2026-03-19;C0015;P017;S039;1;409588.97;0;409588.97
SO01810;1;O05375;20260220;2026-02-20;C0017;P001;S013;1;107281.92;0;107281.92
SO01810;2;O05375;20260220;2026-02-20;C0017;P037;S013;1;19848.29;0.12;17466.5
SO01810;3;O05375;20260220;2026-02-20;C0017;P040;S013;1;73042.09;0.12;64277.04
SO01811;1;O05376;20260309;2026-03-09;C0009;P029;S038;1;116899.29;0.03;113392.31
SO01812;1;O05377;20260301;2026-03-01;C0240;P008;S029;1;55350.13;0.05;52582.63
SO01813;1;O05380;20260322;2026-03-22;C0106;P011;S005;1;20148.65;0.05;19141.22
SO01813;2;O05380;20260322;2026-03-22;C0106;P015;S005;1;60595.99;0.05;57566.19
SO01814;1;O05382;20260311;2026-03-11;C0109;P003;S023;1;21350.0;0.05;20282.5
SO01815;1;O05384;20260314;2026-03-14;C0044;P035;S030;1;117790.18;0.08;108366.96
SO01816;1;O05390;20260311;2026-03-11;C0264;P017;S014;1;93184.46;0;102502.9
SO01817;1;O05395;20260307;2026-03-07;C0201;P023;S007;1;59733.28;0.05;62421.27
SO01818;1;O05401;20260318;2026-03-18;C0043;P016;S003;1;44839.96;0.05;46857.76
SO01819;1;O05402;20260308;2026-03-08;C0313;P004;S004;1;21222.91;0.12;18676.16
SO01820;1;O05406;20260223;2026-02-23;C0059;P047;S029;1;53636.1;0.05;50954.29
SO01821;1;O05409;20260227;2026-02-27;C0198;P010;S007;1;64827.63;0;71310.39
SO01822;1;O05414;20260318;2026-03-18;C0029;P007;S033;1;108831.03;0.03;105566.09
SO01822;2;O05414;20260318;2026-03-18;C0029;P047;S033;1;61400.43;0.03;59558.42
SO01823;1;O05418;20260312;2026-03-12;C0006;P023;S013;1;161103.22;0.03;156270.13
SO01824;1;O05419;20260318;2026-03-18;C0067;P016;S028;1;45604.12;0.03;44235.99
SO01825;1;O05424;20260302;2026-03-02;C0657;P006;S031;1;27045.27;0.08;24881.65
SO01826;1;O05426;20260314;2026-03-14;C0190;P026;S035;1;43905.22;0.05;41709.96
SO01827;1;O05427;20260306;2026-03-06;C0042;P009;S036;1;144284.8;0.05;137070.56
SO01828;1;O05430;20260310;2026-03-10;C0699;P013;S022;1;33357.11;0.08;33757.4
SO01829;1;O05431;20260318;2026-03-18;C0028;P016;S011;1;47028.65;0.08;43266.36
SO01829;2;O05431;20260318;2026-03-18;C0028;P020;S011;1;93754.8;0.05;89067.06
SO01830;1;O05432;20260228;2026-02-28;C0013;P025;S010;1;76254.09;0.05;72441.39
SO01831;1;O05439;20260307;2026-03-07;C0053;P026;S038;1;52348.51;0.12;46066.69
SO01831;2;O05439;20260307;2026-03-07;C0053;P007;S038;1;76983.49;0.12;67745.47
SO01831;3;O05439;20260307;2026-03-07;C0053;P037;S038;1;7351.17;0;7351.17
SO01832;1;O05442;20260305;2026-03-05;C0274;P002;S039;1;58509.64;0;58509.64
SO01832;2;O05442;20260305;2026-03-05;C0274;P027;S039;1;39084.06;0.12;34393.97
SO01833;1;O05445;20260323;2026-03-23;C0039;P014;S034;1;92359.46;0;92359.46
SO01834;1;O05448;20260307;2026-03-07;C0098;P018;S034;1;35975.28;0.08;33097.26
SO01834;2;O05448;20260307;2026-03-07;C0098;P043;S034;1;18015.67;0.03;17475.2
SO01835;1;O05450;20260309;2026-03-09;C0103;P024;S025;1;32978.31;0.03;31988.96
SO01836;1;O05454;20260303;2026-03-03;C0211;P044;S002;3;12759.19;0.05;36363.7
SO01837;1;O05455;20260324;2026-03-24;C0023;P004;S040;1;83718.26;0.05;79532.35
SO01838;1;O05461;20260315;2026-03-15;C0700;P027;S005;1;26660.66;0.12;23461.38
SO01839;1;O05462;20260305;2026-03-05;C0069;P027;S007;1;57619.22;0.05;60212.08
SO01840;1;O05463;20260307;2026-03-07;C0640;P045;S010;1;18259.03;0;18259.03
SO01840;2;O05463;20260307;2026-03-07;C0640;P047;S010;1;11541.98;0.05;10964.88
SO01841;1;O05464;20260319;2026-03-19;C0249;P004;S026;1;28162.36;0;28162.36
SO01841;2;O05464;20260319;2026-03-19;C0249;P044;S026;2;8824.25;0.03;17119.05
SO01842;1;O05465;20260319;2026-03-19;C0041;P011;S014;1;42974.54;0.08;43490.23
SO01843;1;O05467;20260314;2026-03-14;C0438;P027;S038;1;16976.55;0.08;15618.42
SO01844;1;O05468;20260309;2026-03-09;C0222;P010;S017;1;54768.99;0.03;53125.92
SO01845;1;O05470;20260312;2026-03-12;C0574;P036;S014;1;26051.1;0;28656.21
SO01845;2;O05470;20260312;2026-03-12;C0574;P049;S014;1;15516.0;0.03;16555.57
SO01846;1;O05473;20260313;2026-03-13;C0172;P023;S038;1;45076.79;0.05;42822.95
SO01847;1;O05474;20260302;2026-03-02;C0577;P045;S032;1;32106.17;0;32106.17
SO01847;2;O05474;20260302;2026-03-02;C0577;P043;S032;2;10814.92;0;21629.84
SO01848;1;O05476;20260302;2026-03-02;C0001;P012;S034;1;89734.44;0.05;85247.71
SO01848;2;O05476;20260302;2026-03-02;C0001;P027;S034;1;151503.23;0.03;146958.13
SO01848;3;O05476;20260302;2026-03-02;C0001;P045;S034;1;129640.34;0.08;119269.11
SO01849;1;O05477;20260227;2026-02-27;C0144;P038;S007;3;7112.22;0.05;22296.82
SO01850;1;O05480;20260321;2026-03-21;C0231;P049;S040;1;27868.27;0.03;27032.22
SO01850;2;O05480;20260321;2026-03-21;C0231;P046;S040;1;26723.14;0.03;25921.44
SO01851;1;O05481;20260316;2026-03-16;C0168;P047;S012;1;26782.6;0.03;25979.12
SO01851;2;O05481;20260316;2026-03-16;C0168;P032;S012;2;7191.51;0.03;13951.52
SO01852;1;O05482;20260316;2026-03-16;C0041;P010;S028;1;102341.97;0.05;97224.87
SO01853;1;O05483;20260226;2026-02-26;C0051;P003;S014;1;35706.04;0.12;34563.45
SO01854;1;O05484;20260305;2026-03-05;C0003;P013;S011;1;150254.33;0.08;138233.98
SO01855;1;O05485;20260302;2026-03-02;C0293;P016;S032;1;19520.54;0.05;18544.51
SO01855;2;O05485;20260302;2026-03-02;C0293;P022;S032;1;27389.7;0.08;25198.53
SO01855;3;O05485;20260302;2026-03-02;C0293;P043;S032;3;13267.67;0.08;36618.77
SO01856;1;O05489;20260323;2026-03-23;C0671;P012;S021;1;24871.09;0;24871.09
SO01856;2;O05489;20260323;2026-03-23;C0671;P043;S021;3;11487.0;0.12;30325.69
SO01857;1;O05492;20260313;2026-03-13;C0215;P011;S028;1;29239.12;0.12;25730.42
SO01857;2;O05492;20260313;2026-03-13;C0215;P023;S028;1;49567.94;0.05;47089.54
SO01858;1;O05495;20260314;2026-03-14;C0220;P002;S027;1;51576.9;0;51576.9
SO01859;1;O05500;20260309;2026-03-09;C0516;P024;S022;1;20510.8;0.05;21433.78
SO01859;2;O05500;20260309;2026-03-09;C0516;P048;S022;1;22347.6;0;24582.36
SO01860;1;O05503;20260302;2026-03-02;C0285;P048;S011;1;28308.45;0.05;26893.02
SO01861;1;O05504;20260225;2026-02-25;C0083;P027;S023;1;92856.01;0.05;88213.21
SO01861;2;O05504;20260225;2026-02-25;C0083;P044;S023;2;27910.14;0.03;54145.68
SO01862;1;O05506;20260307;2026-03-07;C0252;P001;S003;1;16602.22;0.03;17714.57
SO01863;1;O05509;20260321;2026-03-21;C0438;P014;S014;1;15642.16;0.03;16690.19
SO01864;1;O05510;20260325;2026-03-25;C0077;P013;S007;1;92371.69;0.03;98560.59
SO01865;1;O05511;20260224;2026-02-24;C0192;P018;S022;1;26956.28;0.05;28169.32
SO01866;1;O05521;20260218;2026-02-18;C0135;P050;S003;3;8047.73;0.05;25229.64
SO01867;1;O05527;20260303;2026-03-03;C0060;P009;S033;1;130421.77;0.08;119988.02
SO01867;2;O05527;20260303;2026-03-03;C0060;P050;S033;1;23663.78;0.05;22480.59
SO01868;1;O05528;20260308;2026-03-08;C0262;P047;S017;1;31145.0;0.05;29587.75
SO01868;2;O05528;20260308;2026-03-08;C0262;P046;S017;1;26069.23;0.05;24765.77
SO01868;3;O05528;20260308;2026-03-08;C0262;P009;S017;1;86432.23;0.12;76060.36
SO01869;1;O05530;20260303;2026-03-03;C0238;P005;S014;1;70651.1;0.08;71498.92
SO01869;2;O05530;20260303;2026-03-03;C0238;P031;S014;2;12634.05;0;27794.92
SO01870;1;O05531;20260227;2026-02-27;C0541;P016;S027;1;8277.59;0.05;7863.71
SO01871;1;O05538;20260304;2026-03-04;C0020;P030;S015;1;63781.94;0;63781.94
SO01872;1;O05544;20260302;2026-03-02;C0466;P016;S038;1;8145.86;0;8145.86
SO01873;1;O05549;20260305;2026-03-05;C0238;P005;S030;1;60185.05;0.03;58379.5
SO01874;1;O05553;20260304;2026-03-04;C0040;P004;S001;1;48778.61;0.05;46339.68
SO01875;1;O05557;20260302;2026-03-02;C0285;P001;S022;1;23982.0;0.08;24269.79
SO01875;2;O05557;20260302;2026-03-02;C0285;P037;S022;3;5925.09;0.05;18575.14
SO01876;1;O05558;20260301;2026-03-01;C0019;P014;S015;1;138838.39;0.03;134673.24
SO01877;1;O05560;20260311;2026-03-11;C0561;P030;S012;1;11798.05;0.05;11208.15
SO01877;2;O05560;20260311;2026-03-11;C0561;P047;S012;1;19292.31;0.03;18713.54
SO01877;3;O05560;20260311;2026-03-11;C0561;P045;S012;1;32347.87;0.05;30730.47
SO01878;1;O05566;20260324;2026-03-24;C0061;P034;S014;1;55698.48;0;61268.33
SO01878;2;O05566;20260324;2026-03-24;C0061;P006;S014;1;80122.82;0;88135.11
SO01879;1;O05567;20260319;2026-03-19;C0084;P006;S011;1;123178.7;0.05;117019.77
SO01880;1;O05571;20260303;2026-03-03;C0683;P030;S008;1;15054.57;0.08;13850.2
SO01881;1;O05580;20260308;2026-03-08;C0008;P002;S013;1;178192.01;0;178192.01
SO01882;1;O05590;20260310;2026-03-10;C0081;P009;S012;1;128584.79;0;128584.79
SO01883;1;O05593;20260218;2026-02-18;C0261;P011;S008;1;27709.15;0.03;26877.88
SO01884;1;O05601;20260228;2026-02-28;C0105;P031;S014;2;16260.59;0.03;34700.09
SO01885;1;O05602;20260318;2026-03-18;C0018;P008;S038;1;213358.11;0.03;206957.36
SO01885;2;O05602;20260318;2026-03-18;C0018;P010;S038;1;172195.0;0.12;151531.6
SO01886;1;O05604;20260228;2026-02-28;C0017;P030;S020;1;86836.98;0;86836.98
SO01887;1;O05605;20260304;2026-03-04;C0482;P025;S005;1;17662.88;0;17662.88
SO01888;1;O05606;20260327;2026-03-27;C0417;P006;S040;1;26505.08;0.12;23324.47
SO01888;2;O05606;20260327;2026-03-27;C0417;P048;S040;1;13709.73;0.03;13298.44
SO01889;1;O05607;20260308;2026-03-08;C0356;P013;S030;1;21693.51;0.05;20608.84
SO01889;2;O05607;20260308;2026-03-08;C0356;P026;S030;1;18243.8;0.08;16784.3
SO01890;1;O05611;20260224;2026-02-24;C0015;P015;S039;1;268072.28;0.03;260030.11
SO01890;2;O05611;20260224;2026-02-24;C0015;P050;S039;2;54345.2;0.03;105429.69
SO01890;3;O05611;20260224;2026-02-24;C0015;P045;S039;1;187064.45;0.12;164616.72
SO01891;1;O05625;20260227;2026-02-27;C0600;P004;S031;1;17877.47;0.08;16447.27
SO01891;2;O05625;20260227;2026-02-27;C0600;P034;S031;1;14575.39;0.03;14138.13
SO01892;1;O05627;20260228;2026-02-28;C0253;P012;S016;1;35728.07;0;35728.07
SO01893;1;O05631;20260319;2026-03-19;C0087;P003;S007;1;46666.37;0.05;48766.35
SO01894;1;O05634;20260310;2026-03-10;C0109;P013;S038;1;38696.96;0.08;35601.2
SO01895;1;O05635;20260323;2026-03-23;C0266;P015;S004;1;67737.67;0.03;65705.54
SO01896;1;O05639;20260322;2026-03-22;C0005;P011;S016;1;68306.17;0.05;64890.86
SO01896;2;O05639;20260322;2026-03-22;C0005;P011;S016;1;73175.85;0;73175.85
SO01897;1;O05644;20260323;2026-03-23;C0657;P021;S029;1;19378.11;0;19378.11
SO01897;2;O05644;20260323;2026-03-23;C0657;P033;S029;1;14251.89;0.03;13824.33
SO01897;3;O05644;20260323;2026-03-23;C0657;P042;S029;1;21444.76;0.03;20801.41
SO01898;1;O05645;20260317;2026-03-17;C0093;P012;S014;1;34537.58;0.03;36851.6
SO01899;1;O05646;20260315;2026-03-15;C0027;P031;S024;1;21878.45;0.05;20784.53
SO01900;1;O05650;20260318;2026-03-18;C0455;P007;S012;1;20758.38;0;20758.38
SO01900;2;O05650;20260318;2026-03-18;C0455;P013;S012;1;20077.18;0;20077.18
SO01901;1;O05654;20260311;2026-03-11;C0004;P027;S024;1;123404.01;0.08;113531.69
SO01902;1;O05656;20260301;2026-03-01;C0017;P025;S005;1;103309.21;0.03;100209.93
SO01903;1;O05661;20260226;2026-02-26;C0021;P049;S039;1;71030.47;0.05;67478.95
SO01904;1;O05663;20260303;2026-03-03;C0046;P043;S017;3;37133.49;0.05;105830.46
SO01904;2;O05663;20260303;2026-03-03;C0046;P016;S017;1;46722.53;0.12;41115.83
SO01905;1;O05666;20260218;2026-02-18;C0124;P047;S010;1;20048.7;0.03;19447.24
SO01905;2;O05666;20260218;2026-02-18;C0124;P035;S010;1;41306.03;0.05;39240.73
SO01906;1;O05667;20260223;2026-02-23;C0287;P041;S023;1;36362.69;0;36362.69
SO01907;1;O05670;20260324;2026-03-24;C0121;P018;S011;1;27886.77;0;27886.77
SO01907;2;O05670;20260324;2026-03-24;C0121;P043;S011;1;20535.64;0;20535.64
SO01907;3;O05670;20260324;2026-03-24;C0121;P012;S011;1;25826.04;0.03;25051.26
SO01908;1;O05671;20260317;2026-03-17;C0010;P009;S035;1;165326.74;0.08;152100.6
SO01909;1;O05673;20260311;2026-03-11;C0178;P010;S040;1;59056.46;0.05;56103.64
SO01910;1;O05677;20260309;2026-03-09;C0159;P010;S011;1;38598.71;0.05;36668.78
SO01911;1;O05679;20260324;2026-03-24;C0001;P045;S030;1;164739.5;0;164739.5
SO01912;1;O05681;20260307;2026-03-07;C0001;P023;S029;1;167037.49;0.05;158685.61
SO01913;1;O05684;20260216;2026-02-16;C0503;P023;S017;1;21750.28;0;21750.28
SO01914;1;O05688;20260309;2026-03-09;C0575;P048;S015;1;16688.57;0.08;15353.48
SO01914;2;O05688;20260309;2026-03-09;C0575;P047;S015;1;19405.73;0.03;18823.56
SO01915;1;O05690;20260219;2026-02-19;C0256;P048;S030;1;26192.4;0.03;25406.63
SO01915;2;O05690;20260219;2026-02-19;C0256;P010;S030;1;68888.38;0.03;66821.73
SO01916;1;O05692;20260312;2026-03-12;C0257;P001;S021;1;24942.08;0.05;23694.98
SO01917;1;O05694;20260312;2026-03-12;C0051;P004;S011;1;82279.79;0.12;72406.21
SO01918;1;O05695;20260312;2026-03-12;C0279;P007;S040;1;36619.93;0.12;32225.54
SO01919;1;O05698;20260320;2026-03-20;C0043;P016;S013;1;50792.86;0;50792.86
SO01920;1;O05701;20260316;2026-03-16;C0019;P014;S009;1;169233.08;0.08;155694.43
SO01921;1;O05703;20260308;2026-03-08;C0040;P018;S023;1;52898.61;0;52898.61
SO01922;1;O05708;20260315;2026-03-15;C0011;P017;S008;1;301754.96;0.08;277614.57
SO01923;1;O05710;20260218;2026-02-18;C0038;P018;S008;1;50870.53;0.05;48327.0
SO01923;2;O05710;20260218;2026-02-18;C0038;P018;S008;1;36913.25;0.08;33960.19
SO01924;1;O05716;20260305;2026-03-05;C0110;P046;S015;1;29667.27;0.03;28777.25
SO01924;2;O05716;20260305;2026-03-05;C0110;P040;S015;1;32015.33;0.08;29454.11
SO01925;1;O05718;20260314;2026-03-14;C0680;P017;S023;1;57556.84;0;57556.84
SO01925;2;O05718;20260314;2026-03-14;C0680;P049;S023;1;26128.74;0;26128.74
SO01925;3;O05718;20260314;2026-03-14;C0680;P004;S023;1;23324.95;0.08;21458.96
SO01926;1;O05719;20260226;2026-02-26;C0221;P011;S021;1;25130.94;0.03;24377.01
SO01927;1;O05721;20260226;2026-02-26;C0011;P042;S008;1;101353.24;0;101353.24
SO01928;1;O05724;20260227;2026-02-27;C0101;P019;S033;3;15287.52;0.03;44486.67
SO01928;2;O05724;20260227;2026-02-27;C0101;P002;S033;1;34895.14;0;34895.14
SO01929;1;O05725;20260306;2026-03-06;C0018;P047;S013;1;74086.07;0.08;68159.18
SO01929;2;O05725;20260306;2026-03-06;C0018;P048;S013;1;102278.03;0.03;99209.69
SO01930;1;O05727;20260226;2026-02-26;C0249;P028;S025;1;49406.45;0.08;45453.93
SO01931;1;O05731;20260227;2026-02-27;C0311;P032;S029;2;7575.11;0.05;14392.7
SO01932;1;O05732;20260227;2026-02-27;C0061;P020;S023;1;53118.14;0.08;48868.68
SO01933;1;O05734;20260315;2026-03-15;C0017;P005;S015;1;211971.21;0.08;195013.51
SO01934;1;O05746;20260410;2026-04-10;C0023;P003;S038;1;44657.9;0.05;42425.01
SO01935;1;O05751;20260416;2026-04-16;C0012;P017;S029;1;288001.65;0.12;253441.45
SO01936;1;O05754;20260415;2026-04-15;C0009;P044;S019;1;38371.27;0.12;33766.72
SO01936;2;O05754;20260415;2026-04-15;C0009;P043;S019;2;50558.98;0.08;93028.52
SO01937;1;O05756;20260420;2026-04-20;C0206;P014;S040;1;30936.49;0;30936.49
SO01938;1;O05767;20260415;2026-04-15;C0700;P045;S007;1;28329.27;0.05;29604.09
SO01939;1;O05769;20260421;2026-04-21;C0660;P012;S004;1;28048.26;0.03;27206.81
SO01940;1;O05772;20260331;2026-03-31;C0382;P045;S022;1;29171.45;0.05;30484.17
SO01941;1;O05778;20260410;2026-04-10;C0086;P032;S026;2;20192.31;0.03;39173.08
SO01941;2;O05778;20260410;2026-04-10;C0086;P035;S026;1;96624.35;0;96624.35
SO01942;1;O05781;20260409;2026-04-09;C0023;P011;S007;1;47181.44;0.03;50342.6
SO01943;1;O05782;20260326;2026-03-26;C0015;P011;S039;1;107847.27;0.05;102454.9
SO01943;2;O05782;20260326;2026-03-26;C0015;P024;S039;1;118907.2;0.03;115339.99
SO01944;1;O05786;20260418;2026-04-18;C0624;P006;S022;1;44606.5;0.03;47595.13
SO01944;2;O05786;20260418;2026-04-18;C0624;P050;S022;3;6503.4;0.03;20817.37
SO01944;3;O05786;20260418;2026-04-18;C0624;P008;S022;1;60896.79;0.03;64976.88
SO01945;1;O05787;20260324;2026-03-24;C0186;P008;S008;1;89839.86;0.03;87144.67
SO01946;1;O05788;20260411;2026-04-11;C0126;P031;S032;1;13205.5;0.05;12545.22
SO01947;1;O05790;20260328;2026-03-28;C0034;P022;S025;1;40869.43;0.03;39643.35
SO01947;2;O05790;20260328;2026-03-28;C0034;P021;S025;1;48910.59;0.03;47443.27
SO01948;1;O05792;20260416;2026-04-16;C0364;P005;S036;1;25955.58;0.05;24657.8
SO01948;2;O05792;20260416;2026-04-16;C0364;P031;S036;1;5620.03;0.05;5339.03
SO01949;1;O05795;20260410;2026-04-10;C0171;P030;S038;1;23778.91;0.05;22589.96
SO01949;2;O05795;20260410;2026-04-10;C0171;P045;S038;1;45433.84;0.05;43162.15
SO01949;3;O05795;20260410;2026-04-10;C0171;P013;S038;1;37215.06;0;37215.06
SO01950;1;O05796;20260408;2026-04-08;C0125;P042;S001;1;51241.03;0.08;47141.75
SO01950;2;O05796;20260408;2026-04-08;C0125;P007;S001;1;48712.92;0.08;44815.88
SO01951;1;O05810;20260411;2026-04-11;C0208;P015;S011;1;52135.78;0.05;49528.99
SO01952;1;O05812;20260411;2026-04-11;C0107;P015;S010;1;69854.34;0.12;61471.82
SO01953;1;O05815;20260323;2026-03-23;C0124;P004;S029;1;27702.51;0.08;25486.31
SO01954;1;O05816;20260326;2026-03-26;C0320;P012;S034;1;19838.9;0;19838.9
SO01955;1;O05818;20260401;2026-04-01;C0650;P040;S029;1;11470.34;0.05;10896.82
SO01955;2;O05818;20260401;2026-04-01;C0650;P023;S029;1;26080.68;0;26080.68
SO01955;3;O05818;20260401;2026-04-01;C0650;P044;S029;3;5209.06;0.05;14845.81
SO01956;1;O05819;20260406;2026-04-06;C0046;P043;S024;2;30510.12;0.05;57969.23
SO01957;1;O05822;20260404;2026-04-04;C0001;P019;S033;2;53297.72;0.12;93803.98
SO01957;2;O05822;20260404;2026-04-04;C0001;P045;S033;1;148420.07;0.05;140999.06
SO01958;1;O05825;20260331;2026-03-31;C0553;P011;S014;1;17899.19;0;19689.11
SO01959;1;O05827;20260319;2026-03-19;C0207;P005;S010;1;77107.14;0.12;67854.28
SO01960;1;O05828;20260420;2026-04-20;C0063;P001;S008;1;44111.92;0;44111.92
SO01960;2;O05828;20260420;2026-04-20;C0063;P033;S008;1;38635.73;0.03;37476.66
SO01961;1;O05829;20260407;2026-04-07;C0204;P021;S024;1;35555.03;0.03;34488.38
SO01962;1;O05840;20260407;2026-04-07;C0031;P030;S005;1;29703.61;0.05;28218.43
SO01963;1;O05843;20260401;2026-04-01;C0316;P042;S017;1;31343.21;0.08;28835.75
SO01963;2;O05843;20260401;2026-04-01;C0316;P049;S017;1;23849.8;0;23849.8
SO01964;1;O05847;20260401;2026-04-01;C0083;P047;S039;1;75365.33;0;75365.33
SO01965;1;O05850;20260416;2026-04-16;C0058;P025;S022;1;49366.85;0.08;49959.25
SO01965;2;O05850;20260416;2026-04-16;C0058;P003;S022;1;33603.87;0.05;35116.05
SO01966;1;O05855;20260411;2026-04-11;C0242;P028;S007;1;53542.12;0.12;51828.78
SO01966;2;O05855;20260411;2026-04-11;C0242;P032;S007;2;11675.18;0;25685.39
SO01967;1;O05856;20260417;2026-04-17;C0055;P014;S010;1;92484.74;0.08;85085.96
SO01968;1;O05857;20260417;2026-04-17;C0048;P016;S040;1;41172.89;0.05;39114.24
SO01969;1;O05859;20260327;2026-03-27;C0637;P011;S027;1;17230.61;0.05;16369.08
SO01970;1;O05861;20260428;2026-04-28;C0233;P018;S007;1;26952.11;0;29647.32
SO01971;1;O05865;20260418;2026-04-18;C0119;P038;S022;2;6138.09;0.05;12828.6
SO01972;1;O05872;20260402;2026-04-02;C0049;P034;S023;1;53244.85;0.08;48985.26
SO01972;2;O05872;20260402;2026-04-02;C0049;P043;S023;1;28905.52;0.12;25436.86
SO01973;1;O05873;20260404;2026-04-04;C0622;P016;S017;1;6394.96;0.05;6075.21
SO01974;1;O05881;20260330;2026-03-30;C0471;P018;S003;1;12698.87;0.12;12292.5
SO01975;1;O05882;20260417;2026-04-17;C0043;P023;S005;1;111168.18;0.12;97828.0
SO01975;2;O05882;20260417;2026-04-17;C0043;P032;S005;3;21526.48;0.05;61350.47
SO01976;1;O05884;20260327;2026-03-27;C0003;P050;S038;3;56651.5;0;169954.49
SO01977;1;O05888;20260420;2026-04-20;C0332;P020;S009;1;31800.36;0;31800.36
SO01978;1;O05892;20260322;2026-03-22;C0055;P049;S014;1;64402.58;0.05;67300.7
SO01979;1;O05896;20260422;2026-04-22;C0444;P029;S009;1;23782.26;0.08;21879.68
SO01980;1;O05897;20260328;2026-03-28;C0359;P006;S022;1;29903.97;0;32894.36
SO01981;1;O05901;20260416;2026-04-16;C0155;P035;S023;1;53737.51;0;53737.51
SO01982;1;O05902;20260410;2026-04-10;C0088;P001;S011;1;60461.54;0.08;55624.61
SO01983;1;O05903;20260329;2026-03-29;C0611;P027;S008;1;19054.66;0;19054.66
SO01984;1;O05908;20260408;2026-04-08;C0090;P022;S022;1;47311.52;0.03;50481.39
SO01985;1;O05910;20260403;2026-04-03;C0065;P024;S025;1;45062.56;0.03;43710.68
SO01986;1;O05912;20260331;2026-03-31;C0097;P020;S038;1;36141.1;0.08;33249.81
SO01987;1;O05913;20260320;2026-03-20;C0069;P046;S015;1;35370.59;0.03;34309.47
SO01988;1;O05917;20260407;2026-04-07;C0074;P025;S025;1;51586.7;0.03;50039.1
SO01988;2;O05917;20260407;2026-04-07;C0074;P048;S025;1;62230.14;0;62230.14
SO01989;1;O05920;20260415;2026-04-15;C0030;P043;S003;2;24035.34;0.12;46532.42
SO01990;1;O05927;20260421;2026-04-21;C0236;P015;S004;1;61093.34;0;61093.34
SO01991;1;O05928;20260403;2026-04-03;C0413;P049;S008;1;26976.9;0.08;24818.75
SO01991;2;O05928;20260403;2026-04-03;C0413;P012;S008;1;22403.98;0;22403.98
SO01992;1;O05934;20260413;2026-04-13;C0063;P043;S012;3;27920.76;0.05;79574.17
SO01992;2;O05934;20260413;2026-04-13;C0063;P043;S012;2;31247.19;0;62494.38
SO01993;1;O05936;20260330;2026-03-30;C0017;P019;S040;1;76973.46;0.08;70815.58
SO01994;1;O05937;20260402;2026-04-02;C0020;P009;S031;1;206712.38;0.12;181906.9
SO01994;2;O05937;20260402;2026-04-02;C0020;P041;S031;1;104083.86;0;104083.86
SO01995;1;O05941;20260323;2026-03-23;C0188;P005;S014;1;53102.84;0.08;53740.07
SO01995;2;O05941;20260323;2026-03-23;C0188;P034;S014;1;22984.89;0;25283.38
SO01996;1;O05942;20260416;2026-04-16;C0128;P015;S030;1;65227.33;0.12;57400.05
SO01996;2;O05942;20260416;2026-04-16;C0128;P021;S030;1;36264.58;0;36264.58
SO01997;1;O05943;20260414;2026-04-14;C0034;P007;S024;1;50562.3;0.03;49045.43
SO01997;2;O05943;20260414;2026-04-14;C0034;P027;S024;1;75211.56;0.12;66186.17
SO01998;1;O05944;20260413;2026-04-13;C0025;P024;S003;1;55861.32;0.08;56531.65
SO01999;1;O05946;20260326;2026-03-26;C0055;P016;S013;1;53932.11;0;53932.11
SO02000;1;O05951;20260410;2026-04-10;C0030;P002;S002;1;86472.47;0;86472.47
SO02000;2;O05951;20260410;2026-04-10;C0030;P043;S002;3;31536.48;0.08;87040.69
SO02001;1;O05956;20260413;2026-04-13;C0084;P029;S011;1;48775.68;0.08;44873.63
SO02002;1;O05963;20260327;2026-03-27;C0052;P024;S016;1;35038.07;0.12;30833.51
SO02002;2;O05963;20260327;2026-03-27;C0052;P048;S016;1;44542.55;0.05;42315.42
SO02002;3;O05963;20260327;2026-03-27;C0052;P044;S016;3;21307.12;0.05;60725.3
SO02003;1;O05968;20260407;2026-04-07;C0069;P030;S005;1;33209.96;0;33209.96
SO02004;1;O05970;20260410;2026-04-10;C0274;P040;S038;1;35317.16;0.03;34257.64
SO02004;2;O05970;20260410;2026-04-10;C0274;P046;S038;1;23584.27;0.08;21697.53
SO02005;1;O05971;20260405;2026-04-05;C0079;P004;S016;1;74037.88;0.05;70335.98
SO02006;1;O05974;20260416;2026-04-16;C0164;P041;S022;1;32218.19;0.03;34376.8
SO02006;2;O05974;20260416;2026-04-16;C0164;P050;S022;2;14340.9;0.03;30603.48
SO02007;1;O05980;20260402;2026-04-02;C0320;P003;S030;1;11146.98;0.03;10812.57
SO02008;1;O05981;20260406;2026-04-06;C0068;P029;S022;1;58334.71;0.12;56468.0
SO02009;1;O05983;20260324;2026-03-24;C0388;P001;S025;1;17407.27;0;17407.27
SO02010;1;O05985;20260408;2026-04-08;C0515;P043;S014;1;8985.38;0;9883.91
SO02010;2;O05985;20260408;2026-04-08;C0515;P049;S014;1;18862.35;0.03;20126.12
SO02011;1;O05988;20260331;2026-03-31;C0028;P020;S014;1;102653.3;0;112918.63
SO02012;1;O05992;20260324;2026-03-24;C0009;P011;S035;1;65996.0;0;65996.0
SO02013;1;O05993;20260325;2026-03-25;C0057;P044;S020;2;33534.27;0.03;65056.48
SO02013;2;O05993;20260325;2026-03-25;C0057;P043;S020;2;43080.57;0.08;79268.26
SO02013;3;O05993;20260325;2026-03-25;C0057;P030;S020;1;51280.43;0.05;48716.41
SO02014;1;O05995;20260417;2026-04-17;C0374;P047;S007;1;10199.92;0.05;10658.92
SO02015;1;O05999;20260329;2026-03-29;C0262;P015;S018;1;83514.86;0;83514.86
SO02016;1;O06000;20260414;2026-04-14;C0574;P031;S028;3;8108.55;0.12;21406.58
SO02016;2;O06000;20260414;2026-04-14;C0574;P029;S028;1;23175.63;0.03;22480.36
SO02017;1;O06002;20260331;2026-03-31;C0016;P023;S003;1;158409.29;0.08;160310.2
SO02017;2;O06002;20260331;2026-03-31;C0016;P012;S003;1;99584.68;0;109543.14
SO02017;3;O06002;20260331;2026-03-31;C0016;P013;S003;1;194288.83;0.03;207306.18
SO02018;1;O06006;20260402;2026-04-02;C0348;P004;S007;1;14486.72;0;15935.39
SO02019;1;O06009;20260425;2026-04-25;C0007;P042;S012;1;154947.02;0;154947.02
SO02019;2;O06009;20260425;2026-04-25;C0007;P004;S012;1;140661.79;0.03;136441.93
SO02020;1;O06015;20260427;2026-04-27;C0049;P041;S010;1;35023.74;0.05;33272.56
SO02020;2;O06015;20260427;2026-04-27;C0049;P048;S010;1;51618.81;0;51618.81
SO02021;1;O06016;20260424;2026-04-24;C0380;P012;S011;1;18170.49;0.08;16716.85
SO02022;1;O06018;20260327;2026-03-27;C0139;P036;S035;1;31791.59;0.08;29248.26
SO02022;2;O06018;20260327;2026-03-27;C0139;P022;S035;1;16943.22;0.08;15587.76
SO02022;3;O06018;20260327;2026-03-27;C0139;P042;S035;1;31439.87;0.05;29867.87
SO02023;1;O06019;20260325;2026-03-25;C0134;P034;S012;1;37825.93;0.08;34799.86
SO02023;2;O06019;20260325;2026-03-25;C0134;P042;S012;1;41421.97;0.05;39350.87
SO02024;1;O06020;20260405;2026-04-05;C0628;P001;S015;1;12655.88;0.03;12276.2
SO02024;2;O06020;20260405;2026-04-05;C0628;P049;S015;1;20884.74;0.03;20258.2
SO02024;3;O06020;20260405;2026-04-05;C0628;P045;S015;1;27757.25;0.08;25536.67
SO02025;1;O06021;20260403;2026-04-03;C0068;P002;S007;1;90679.11;0.05;94759.67
SO02026;1;O06027;20260405;2026-04-05;C0078;P003;S038;1;31649.22;0;31649.22
SO02027;1;O06028;20260422;2026-04-22;C0019;P030;S023;1;59942.78;0.05;56945.64
SO02028;1;O06031;20260418;2026-04-18;C0045;P014;S003;1;65424.17;0.08;66209.26
SO02029;1;O06033;20260330;2026-03-30;C0279;P018;S035;1;25100.98;0.05;23845.93
SO02030;1;O06035;20260402;2026-04-02;C0150;P026;S037;1;40630.5;0;40630.5
SO02031;1;O06043;20260405;2026-04-05;C0456;P007;S007;1;21752.49;0;23927.74
SO02031;2;O06043;20260405;2026-04-05;C0456;P043;S007;1;10467.1;0.03;11168.4
SO02032;1;O06044;20260427;2026-04-27;C0078;P020;S035;1;81471.36;0;81471.36
SO02033;1;O06048;20260320;2026-03-20;C0212;P025;S040;1;14610.03;0.03;14171.73
SO02034;1;O06059;20260419;2026-04-19;C0159;P002;S022;1;34581.45;0.05;36137.62
SO02035;1;O06061;20260417;2026-04-17;C0401;P001;S003;1;13284.68;0;14613.15
SO02036;1;O06062;20260415;2026-04-15;C0570;P032;S039;2;4981.36;0.08;9165.71
SO02037;1;O06065;20260409;2026-04-09;C0400;P005;S008;1;18406.47;0.03;17854.27
SO02038;1;O06067;20260325;2026-03-25;C0257;P024;S002;1;19883.03;0;19883.03
SO02039;1;O06074;20260425;2026-04-25;C0013;P019;S004;3;50690.92;0.03;147510.59
SO02040;1;O06078;20260413;2026-04-13;C0442;P036;S027;1;21806.85;0.05;20716.5
SO02041;1;O06079;20260325;2026-03-25;C0143;P027;S003;1;55176.71;0.03;58873.55
SO02041;2;O06079;20260325;2026-03-25;C0143;P037;S003;1;6619.13;0;7281.05
SO02042;1;O06082;20260427;2026-04-27;C0082;P006;S009;1;81818.39;0.08;75272.91
SO02043;1;O06086;20260422;2026-04-22;C0023;P025;S024;1;49160.4;0.03;47685.58
SO02044;1;O06087;20260409;2026-04-09;C0098;P005;S029;1;58606.83;0;58606.83
SO02044;2;O06087;20260409;2026-04-09;C0098;P001;S029;1;36756.79;0;36756.79
SO02044;3;O06087;20260409;2026-04-09;C0098;P042;S029;1;48099.26;0.12;42327.34
SO02045;1;O06088;20260415;2026-04-15;C0269;P036;S015;1;41201.56;0.03;39965.51
SO02045;2;O06088;20260415;2026-04-15;C0269;P022;S015;1;37068.95;0.08;34103.43
SO02046;1;O06091;20260416;2026-04-16;C0107;P005;S024;1;52362.67;0.03;50791.79
SO02047;1;O06092;20260414;2026-04-14;C0282;P049;S012;1;21290.32;0.05;20225.8
SO02048;1;O06093;20260328;2026-03-28;C0369;P050;S035;3;4016.52;0;12049.56
SO02049;1;O06094;20260417;2026-04-17;C0210;P001;S002;1;33727.07;0.03;32715.26
SO02050;1;O06097;20260329;2026-03-29;C0047;P008;S021;1;162291.65;0.12;142816.65
SO02050;2;O06097;20260329;2026-03-29;C0047;P046;S021;1;57325.29;0.08;52739.27
SO02051;1;O06099;20260414;2026-04-14;C0637;P019;S015;2;14569.72;0;29139.44
SO02052;1;O06104;20260402;2026-04-02;C0173;P011;S011;1;21806.77;0;21806.77
SO02053;1;O06113;20260406;2026-04-06;C0087;P003;S003;1;45784.89;0.12;44319.77
SO02054;1;O06116;20260325;2026-03-25;C0014;P007;S004;1;138166.23;0.05;131257.92
SO02055;1;O06118;20260325;2026-03-25;C0578;P028;S030;1;27064.21;0.05;25711.0
SO02056;1;O06119;20260422;2026-04-22;C0638;P023;S014;1;33145.67;0.12;32085.01
SO02056;2;O06119;20260422;2026-04-22;C0638;P025;S014;1;11117.32;0.03;11862.18
SO02057;1;O06120;20260411;2026-04-11;C0014;P044;S017;2;33731.33;0.05;64089.53
SO02057;2;O06120;20260411;2026-04-11;C0014;P024;S017;1;93774.41;0;93774.41
SO02057;3;O06120;20260411;2026-04-11;C0014;P049;S017;1;122596.14;0.08;112788.45
SO02058;1;O06128;20260328;2026-03-28;C0388;P004;S009;1;23828.63;0;23828.63
SO02059;1;O06129;20260418;2026-04-18;C0005;P025;S032;1;66099.25;0.03;64116.27
SO02059;2;O06129;20260418;2026-04-18;C0005;P009;S032;1;248328.59;0.05;235912.16
SO02060;1;O06133;20260322;2026-03-22;C0142;P003;S007;1;21883.63;0.03;23349.83
SO02061;1;O06134;20260407;2026-04-07;C0010;P014;S038;1;120164.38;0.12;105744.65
SO02062;1;O06136;20260414;2026-04-14;C0364;P002;S039;1;23035.09;0.12;20270.88
SO02063;1;O06139;20260402;2026-04-02;C0452;P019;S033;3;9733.48;0.05;27740.41
SO02064;1;O06143;20260418;2026-04-18;C0012;P025;S033;1;86289.03;0.05;81974.58
SO02065;1;O06145;20260403;2026-04-03;C0169;P018;S019;1;21078.93;0.05;20024.98
SO02065;2;O06145;20260403;2026-04-03;C0169;P049;S019;1;30899.34;0.05;29354.37
SO02065;3;O06145;20260403;2026-04-03;C0169;P005;S019;1;60040.63;0;60040.63
SO02066;1;O06146;20260329;2026-03-29;C0148;P004;S022;1;33992.95;0.08;34400.87
SO02067;1;O06151;20260416;2026-04-16;C0040;P009;S007;1;132913.4;0.05;138894.51
SO02068;1;O06153;20260325;2026-03-25;C0514;P017;S007;1;58569.23;0.05;61204.85
SO02068;2;O06153;20260325;2026-03-25;C0514;P033;S007;1;11371.48;0.03;12133.37
SO02069;1;O06156;20260413;2026-04-13;C0026;P027;S015;1;74040.0;0.03;71818.8
SO02070;1;O06158;20260414;2026-04-14;C0339;P039;S014;2;4730.95;0.03;10095.85
SO02071;1;O06159;20260419;2026-04-19;C0663;P005;S007;1;19150.95;0.05;20012.74
SO02072;1;O06162;20260407;2026-04-07;C0077;P035;S017;1;166527.19;0.05;158200.83
SO02073;1;O06163;20260423;2026-04-23;C0099;P042;S028;1;29006.9;0.03;28136.7
SO02074;1;O06167;20260422;2026-04-22;C0653;P013;S007;1;25930.07;0.05;27096.92
SO02075;1;O06169;20260406;2026-04-06;C0200;P032;S003;2;10328.47;0.03;22040.95
SO02076;1;O06173;20260325;2026-03-25;C0209;P024;S008;1;27820.95;0.12;24482.44
SO02077;1;O06186;20260329;2026-03-29;C0191;P007;S012;1;52619.34;0;52619.34
SO02078;1;O06188;20260327;2026-03-27;C0036;P011;S033;1;55842.83;0;55842.83
SO02079;1;O06192;20260407;2026-04-07;C0006;P011;S025;1;93679.04;0.03;90868.67
SO02080;1;O06193;20260331;2026-03-31;C0010;P027;S036;1;122890.87;0.03;119204.14
SO02080;2;O06193;20260331;2026-03-31;C0010;P001;S036;1;92001.62;0.05;87401.54
SO02081;1;O06194;20260418;2026-04-18;C0167;P013;S014;1;32192.88;0;35412.17
SO02082;1;O06195;20260411;2026-04-11;C0028;P012;S023;1;88640.7;0;88640.7
SO02083;1;O06196;20260328;2026-03-28;C0612;P013;S036;1;30075.81;0.03;29173.54
SO02084;1;O06199;20260515;2026-05-15;C0167;P045;S009;1;38292.9;0;38292.9
SO02085;1;O06200;20260429;2026-04-29;C0176;P019;S001;3;22780.08;0.05;64923.23
SO02085;2;O06200;20260429;2026-04-29;C0176;P048;S001;1;30838.25;0.08;28371.19
SO02086;1;O06201;20260528;2026-05-28;C0479;P002;S007;1;21665.85;0.03;23117.46
SO02086;2;O06201;20260528;2026-05-28;C0479;P047;S007;1;9098.96;0.08;9208.15
SO02087;1;O06203;20260509;2026-05-09;C0617;P036;S013;1;20223.53;0.03;19616.83
SO02088;1;O06211;20260519;2026-05-19;C0015;P036;S027;1;174152.52;0;174152.52
SO02089;1;O06212;20260513;2026-05-13;C0297;P002;S014;1;44405.47;0.05;46403.72
SO02090;1;O06216;20260519;2026-05-19;C0647;P013;S019;1;20666.23;0.03;20046.24
SO02091;1;O06218;20260508;2026-05-08;C0100;P034;S020;1;42179.49;0;42179.49
SO02092;1;O06221;20260425;2026-04-25;C0587;P006;S001;1;46940.1;0.12;41307.29
SO02092;2;O06221;20260425;2026-04-25;C0587;P015;S001;1;34826.2;0.03;33781.41
SO02093;1;O06223;20260504;2026-05-04;C0043;P039;S024;1;24837.53;0;24837.53
SO02093;2;O06223;20260504;2026-05-04;C0043;P024;S024;1;57734.33;0;57734.33
SO02094;1;O06225;20260430;2026-04-30;C0038;P048;S023;1;49248.8;0.03;47771.34
SO02095;1;O06231;20260515;2026-05-15;C0006;P050;S014;3;36302.79;0.12;105423.29
SO02095;2;O06231;20260515;2026-05-15;C0006;P047;S014;1;94413.95;0;103855.34
SO02095;3;O06231;20260515;2026-05-15;C0006;P043;S014;1;45704.21;0;50274.63
SO02096;1;O06237;20260424;2026-04-24;C0607;P019;S011;2;8351.9;0.12;14699.35
SO02096;2;O06237;20260424;2026-04-24;C0607;P039;S011;3;3545.27;0;10635.81
SO02097;1;O06239;20260430;2026-04-30;C0248;P024;S028;1;29603.99;0.03;28715.87
SO02097;2;O06239;20260430;2026-04-30;C0248;P047;S028;1;40554.42;0.05;38526.7
SO02098;1;O06242;20260509;2026-05-09;C0431;P009;S027;1;36566.94;0.12;32178.91
SO02099;1;O06243;20260509;2026-05-09;C0169;P001;S019;1;24780.21;0.08;22797.79
SO02100;1;O06245;20260419;2026-04-19;C0138;P003;S040;1;16820.07;0.12;14801.66
SO02101;1;O06250;20260508;2026-05-08;C0126;P017;S033;1;69391.76;0.03;67310.01
SO02101;2;O06250;20260508;2026-05-08;C0126;P049;S033;1;31752.77;0;31752.77
SO02102;1;O06253;20260516;2026-05-16;C0094;P017;S022;1;61579.57;0.03;65705.41
SO02102;2;O06253;20260516;2026-05-16;C0094;P046;S022;1;15147.84;0;16662.62
SO02103;1;O06257;20260509;2026-05-09;C0181;P036;S027;1;51807.81;0;51807.81
SO02104;1;O06268;20260428;2026-04-28;C0126;P013;S005;1;59186.16;0.08;54451.27
SO02105;1;O06272;20260515;2026-05-15;C0067;P006;S008;1;121753.75;0.05;115666.06
SO02105;2;O06272;20260515;2026-05-15;C0067;P045;S008;1;98190.71;0;98190.71
SO02106;1;O06274;20260506;2026-05-06;C0303;P045;S003;1;28300.29;0.05;29573.81
SO02107;1;O06275;20260519;2026-05-19;C0504;P023;S017;1;36666.91;0.03;35566.9
SO02107;2;O06275;20260519;2026-05-19;C0504;P043;S017;3;12722.19;0.03;37021.58
SO02108;1;O06279;20260520;2026-05-20;C0018;P009;S030;1;173963.34;0.03;168744.44
SO02109;1;O06282;20260423;2026-04-23;C0548;P037;S010;3;2712.93;0.05;7731.84
SO02109;2;O06282;20260423;2026-04-23;C0548;P045;S010;1;34732.67;0.05;32996.04
SO02110;1;O06285;20260513;2026-05-13;C0007;P004;S014;1;147487.79;0.05;154124.74
SO02110;2;O06285;20260513;2026-05-13;C0007;P041;S014;1;95118.02;0.12;92074.24
SO02110;3;O06285;20260513;2026-05-13;C0007;P042;S014;1;123800.88;0.08;125286.49
SO02111;1;O06292;20260510;2026-05-10;C0262;P015;S007;1;83039.12;0.03;88602.74
SO02111;2;O06292;20260510;2026-05-10;C0262;P049;S007;1;49222.24;0;54144.46
SO02112;1;O06297;20260510;2026-05-10;C0582;P015;S022;1;54372.25;0.12;52632.34
SO02112;2;O06297;20260510;2026-05-10;C0582;P048;S022;1;17165.98;0.05;17938.45
SO02113;1;O06298;20260513;2026-05-13;C0499;P019;S010;1;12821.87;0.05;12180.77
SO02114;1;O06299;20260501;2026-05-01;C0204;P020;S013;1;52933.06;0.05;50286.41
SO02114;2;O06299;20260501;2026-05-01;C0204;P041;S013;1;28798.83;0.05;27358.89
SO02114;3;O06299;20260501;2026-05-01;C0204;P050;S013;2;14664.98;0;29329.96
SO02115;1;O06302;20260519;2026-05-19;C0148;P048;S011;1;33621.73;0.05;31940.64
SO02116;1;O06303;20260505;2026-05-05;C0011;P024;S026;1;92612.28;0;92612.28
SO02117;1;O06309;20260513;2026-05-13;C0563;P013;S030;1;31330.5;0.05;29763.97
SO02118;1;O06310;20260520;2026-05-20;C0091;P036;S008;1;38939.62;0.05;36992.64
SO02119;1;O06313;20260429;2026-04-29;C0639;P007;S037;1;27963.04;0.08;25725.99
SO02120;1;O06314;20260506;2026-05-06;C0282;P022;S023;1;24354.12;0.08;22405.79
SO02120;2;O06314;20260506;2026-05-06;C0282;P021;S023;1;19884.29;0.05;18890.07
SO02120;3;O06314;20260506;2026-05-06;C0282;P029;S023;1;29864.35;0.03;28968.42
SO02121;1;O06317;20260423;2026-04-23;C0003;P025;S035;1;77541.64;0.05;73664.55
SO02122;1;O06318;20260423;2026-04-23;C0173;P019;S014;3;15077.96;0.08;45776.69
SO02123;1;O06319;20260418;2026-04-18;C0264;P008;S009;1;63881.24;0.08;58770.74
SO02124;1;O06322;20260517;2026-05-17;C0012;P011;S009;1;58737.81;0.05;55800.92
SO02124;2;O06322;20260517;2026-05-17;C0012;P042;S009;1;90142.59;0.05;85635.46
SO02125;1;O06331;20260520;2026-05-20;C0307;P033;S021;1;12472.9;0.03;12098.71
SO02125;2;O06331;20260520;2026-05-20;C0307;P020;S021;1;24036.49;0.08;22113.57
SO02125;3;O06331;20260520;2026-05-20;C0307;P038;S021;2;4364.55;0.05;8292.64
SO02126;1;O06338;20260506;2026-05-06;C0498;P013;S027;1;24684.82;0.08;22710.04
SO02127;1;O06339;20260519;2026-05-19;C0289;P005;S038;1;65923.77;0;65923.77
SO02127;2;O06339;20260519;2026-05-19;C0289;P047;S038;1;28266.28;0.12;24874.32
SO02128;1;O06345;20260427;2026-04-27;C0152;P006;S014;1;58928.97;0.05;61580.77
SO02129;1;O06347;20260429;2026-04-29;C0013;P050;S015;3;53779.22;0.03;156497.54
SO02130;1;O06352;20260520;2026-05-20;C0609;P050;S027;2;9402.9;0.08;17301.34
SO02131;1;O06356;20260511;2026-05-11;C0564;P024;S033;1;20936.17;0.05;19889.36
SO02131;2;O06356;20260511;2026-05-11;C0564;P020;S033;1;27350.01;0.03;26529.51
SO02132;1;O06365;20260509;2026-05-09;C0085;P047;S025;1;53861.0;0.05;51167.95
SO02132;2;O06365;20260509;2026-05-09;C0085;P003;S025;1;34305.29;0;34305.29
SO02133;1;O06370;20260522;2026-05-22;C0169;P029;S007;1;27993.58;0.08;28329.5
SO02134;1;O06371;20260501;2026-05-01;C0049;P019;S026;1;32828.94;0;32828.94
SO02135;1;O06372;20260529;2026-05-29;C0467;P019;S001;3;5833.03;0.12;15399.2
SO02136;1;O06376;20260517;2026-05-17;C0003;P022;S039;1;98097.65;0.03;95154.72
SO02137;1;O06384;20260513;2026-05-13;C0039;P008;S011;1;150459.34;0.05;142936.37
SO02137;2;O06384;20260513;2026-05-13;C0039;P018;S011;1;58346.92;0.08;53679.17
SO02137;3;O06384;20260513;2026-05-13;C0039;P046;S011;1;55141.71;0.05;52384.63
SO02138;1;O06388;20260504;2026-05-04;C0023;P031;S040;2;32294.85;0.08;59422.53
SO02138;2;O06388;20260504;2026-05-04;C0023;P035;S040;1;92117.28;0.05;87511.42
SO02138;3;O06388;20260504;2026-05-04;C0023;P028;S040;1;151378.14;0.03;146836.8
SO02139;1;O06389;20260427;2026-04-27;C0113;P033;S009;1;21802.14;0;21802.14
SO02140;1;O06397;20260424;2026-04-24;C0353;P040;S014;1;16817.69;0.05;17574.49
SO02141;1;O06402;20260523;2026-05-23;C0261;P016;S027;1;19887.67;0.08;18296.65
SO02142;1;O06405;20260430;2026-04-30;C0448;P002;S008;1;25234.18;0.08;23215.45
SO02143;1;O06413;20260506;2026-05-06;C0085;P049;S014;1;58720.25;0.05;61362.67
SO02144;1;O06416;20260520;2026-05-20;C0010;P031;S038;3;37489.92;0.12;98973.39
SO02144;2;O06416;20260520;2026-05-20;C0010;P007;S038;1;159759.16;0.05;151771.2
SO02144;3;O06416;20260520;2026-05-20;C0010;P044;S038;1;29112.64;0.08;26783.63
SO02145;1;O06419;20260418;2026-04-18;C0008;P001;S013;1;121592.99;0.03;117945.2
SO02146;1;O06425;20260424;2026-04-24;C0532;P020;S014;1;21142.93;0;23257.22
SO02147;1;O06426;20260529;2026-05-29;C0148;P012;S011;1;28723.58;0.08;26425.69
SO02147;2;O06426;20260529;2026-05-29;C0148;P043;S011;2;17530.79;0.08;32256.66
SO02148;1;O06427;20260514;2026-05-14;C0034;P041;S001;1;48479.35;0.08;44601.0
SO02148;2;O06427;20260514;2026-05-14;C0034;P044;S001;2;17450.37;0.03;33853.71
SO02149;1;O06430;20260429;2026-04-29;C0413;P025;S022;1;15381.92;0.12;14889.7
SO02150;1;O06434;20260525;2026-05-25;C0469;P035;S039;1;36206.34;0.05;34396.02
SO02150;2;O06434;20260525;2026-05-25;C0469;P023;S039;1;22274.26;0.05;21160.55
SO02151;1;O06435;20260520;2026-05-20;C0407;P011;S007;1;19797.96;0;21777.76
SO02152;1;O06439;20260517;2026-05-17;C0278;P016;S023;1;26109.49;0.03;25326.21
SO02153;1;O06441;20260423;2026-04-23;C0035;P047;S039;1;40995.96;0.08;37716.28
SO02154;1;O06444;20260519;2026-05-19;C0020;P033;S033;1;84405.25;0.03;81873.09
SO02155;1;O06445;20260512;2026-05-12;C0223;P014;S019;1;40073.69;0.12;35264.85
SO02155;2;O06445;20260512;2026-05-12;C0223;P031;S019;1;12624.33;0.12;11109.41
SO02156;1;O06450;20260518;2026-05-18;C0052;P041;S006;1;37107.12;0.12;32654.27
SO02156;2;O06450;20260518;2026-05-18;C0052;P041;S006;1;35943.41;0.08;33067.93
SO02157;1;O06452;20260520;2026-05-20;C0102;P038;S039;2;5781.52;0.05;10984.88
SO02158;1;O06456;20260507;2026-05-07;C0035;P015;S007;1;133373.77;0;146711.15
SO02158;2;O06456;20260507;2026-05-07;C0035;P037;S007;3;8596.88;0.05;26951.23
SO02159;1;O06461;20260503;2026-05-03;C0088;P037;S029;1;9417.61;0.05;8946.73
SO02159;2;O06461;20260503;2026-05-03;C0088;P023;S029;1;102802.73;0.08;94578.51
SO02160;1;O06462;20260503;2026-05-03;C0046;P038;S014;2;17777.98;0.08;35982.64
SO02161;1;O06465;20260521;2026-05-21;C0468;P010;S023;1;29816.07;0.08;27430.78
SO02161;2;O06465;20260521;2026-05-21;C0468;P016;S023;1;10427.47;0.08;9593.27
SO02162;1;O06466;20260507;2026-05-07;C0256;P041;S015;1;37652.48;0.05;35769.86
SO02163;1;O06468;20260514;2026-05-14;C0069;P022;S038;1;43203.56;0;43203.56
SO02164;1;O06472;20260516;2026-05-16;C0436;P019;S038;1;7752.88;0;7752.88
SO02164;2;O06472;20260516;2026-05-16;C0436;P010;S038;1;24303.73;0.05;23088.54
SO02165;1;O06477;20260518;2026-05-18;C0067;P018;S010;1;68555.6;0;68555.6
SO02165;2;O06477;20260518;2026-05-18;C0067;P029;S010;1;58778.54;0;58778.54
SO02166;1;O06494;20260518;2026-05-18;C0027;P018;S003;1;44053.96;0.08;44582.6
SO02166;2;O06494;20260518;2026-05-18;C0027;P025;S003;1;43976.62;0.03;46923.05
SO02167;1;O06501;20260428;2026-04-28;C0068;P006;S023;1;113185.56;0.05;107526.28
SO02168;1;O06509;20260501;2026-05-01;C0230;P036;S038;1;46063.82;0.05;43760.63
SO02169;1;O06512;20260505;2026-05-05;C0034;P043;S014;2;26535.9;0.03;56627.6
SO02169;2;O06512;20260505;2026-05-05;C0034;P049;S014;1;57751.38;0.05;60350.19
SO02169;3;O06512;20260505;2026-05-05;C0034;P019;S014;1;32501.2;0.05;33963.75
SO02170;1;O06514;20260519;2026-05-19;C0285;P025;S014;1;19304.3;0.05;20172.99
SO02171;1;O06516;20260514;2026-05-14;C0244;P017;S022;1;94499.48;0.05;98751.96
SO02171;2;O06516;20260514;2026-05-14;C0244;P036;S022;1;37552.44;0.03;40068.45
SO02171;3;O06516;20260514;2026-05-14;C0244;P035;S022;1;52914.29;0;58205.72
SO02172;1;O06517;20260422;2026-04-22;C0006;P040;S014;1;112480.88;0.12;108881.49
SO02172;2;O06517;20260422;2026-04-22;C0006;P035;S014;1;163331.65;0.03;174274.87
SO02173;1;O06523;20260517;2026-05-17;C0628;P037;S005;3;3171.0;0.05;9037.35
SO02173;2;O06523;20260517;2026-05-17;C0628;P013;S005;1;21833.32;0.12;19213.32
SO02174;1;O06529;20260519;2026-05-19;C0033;P003;S025;1;42349.76;0;42349.76
SO02174;2;O06529;20260519;2026-05-19;C0033;P049;S025;1;80544.74;0.05;76517.51
SO02175;1;O06534;20260510;2026-05-10;C0035;P018;S039;1;55212.26;0;55212.26
SO02176;1;O06537;20260515;2026-05-15;C0057;P017;S007;1;241039.11;0.03;257188.73
SO02176;2;O06537;20260515;2026-05-15;C0057;P048;S007;1;73531.93;0.08;74414.32
SO02177;1;O06544;20260504;2026-05-04;C0457;P022;S005;1;14024.37;0;14024.37
SO02178;1;O06545;20260507;2026-05-07;C0444;P010;S014;1;29879.36;0.05;31223.93
SO02178;2;O06545;20260507;2026-05-07;C0444;P044;S014;2;6294.07;0.03;13431.55
SO02179;1;O06550;20260505;2026-05-05;C0021;P016;S039;1;44958.65;0;44958.65
SO02179;2;O06550;20260505;2026-05-05;C0021;P049;S039;1;82026.77;0.05;77925.43
SO02179;3;O06550;20260505;2026-05-05;C0021;P044;S039;3;21442.54;0.03;62397.79
SO02180;1;O06554;20260519;2026-05-19;C0253;P005;S014;1;52355.29;0.03;55863.1
SO02180;2;O06554;20260519;2026-05-19;C0253;P050;S014;1;14358.74;0.12;13899.26
SO02181;1;O06559;20260521;2026-05-21;C0197;P007;S009;1;38656.49;0.05;36723.67
SO02182;1;O06568;20260502;2026-05-02;C0220;P020;S009;1;38241.85;0.05;36329.76
SO02183;1;O06573;20260501;2026-05-01;C0368;P013;S022;1;22712.47;0.08;22985.02
SO02183;2;O06573;20260501;2026-05-01;C0368;P043;S022;2;10483.6;0.03;22372.0
SO02184;1;O06574;20260422;2026-04-22;C0017;P014;S019;1;151954.54;0;151954.54
SO02184;2;O06574;20260422;2026-04-22;C0017;P048;S019;1;94731.31;0.05;89994.75
SO02185;1;O06579;20260511;2026-05-11;C0243;P030;S025;1;28450.84;0.05;27028.3
SO02185;2;O06579;20260511;2026-05-11;C0243;P047;S025;1;41522.01;0.03;40276.35
SO02186;1;O06581;20260523;2026-05-23;C0045;P042;S002;1;97608.5;0.05;92728.07
SO02186;2;O06581;20260523;2026-05-23;C0045;P043;S002;3;40275.34;0.12;106326.9
SO02187;1;O06583;20260517;2026-05-17;C0555;P011;S031;1;12666.31;0.08;11653.0
SO02187;2;O06583;20260517;2026-05-17;C0555;P012;S031;1;21602.93;0.05;20522.79
SO02187;3;O06583;20260517;2026-05-17;C0555;P024;S031;1;13789.0;0.05;13099.55
SO02188;1;O06584;20260502;2026-05-02;C0011;P049;S013;1;93167.92;0.05;88509.53
SO02189;1;O06587;20260512;2026-05-12;C0099;P019;S001;1;16936.18;0.03;16428.09
SO02189;2;O06587;20260512;2026-05-12;C0099;P050;S001;3;11214.2;0.08;30951.18
SO02189;3;O06587;20260512;2026-05-12;C0099;P050;S001;1;12180.19;0.03;11814.78
SO02190;1;O06588;20260421;2026-04-21;C0630;P038;S032;3;3890.59;0.03;11321.63
SO02190;2;O06588;20260421;2026-04-21;C0630;P041;S032;1;19175.33;0.05;18216.56
SO02191;1;O06589;20260424;2026-04-24;C0299;P037;S023;2;6353.18;0.05;12071.03
SO02192;1;O06592;20260513;2026-05-13;C0446;P027;S038;1;20459.83;0;20459.83
SO02192;2;O06592;20260513;2026-05-13;C0446;P002;S038;1;19623.66;0;19623.66
SO02193;1;O06597;20260515;2026-05-15;C0064;P006;S024;1;83399.74;0;83399.74
SO02194;1;O06600;20260527;2026-05-27;C0223;P046;S007;1;26831.6;0.03;28629.32
SO02194;2;O06600;20260527;2026-05-27;C0223;P016;S007;1;21255.95;0;23381.54
SO02194;3;O06600;20260527;2026-05-27;C0223;P048;S007;1;30158.34;0.08;30520.24
SO02195;1;O06601;20260502;2026-05-02;C0045;P011;S004;1;51159.49;0.08;47066.73
SO02195;2;O06601;20260502;2026-05-02;C0045;P026;S004;1;74575.09;0.05;70846.33
SO02196;1;O06603;20260522;2026-05-22;C0188;P016;S002;1;15736.82;0.12;13848.4
SO02197;1;O06604;20260430;2026-04-30;C0088;P001;S027;1;57817.71;0.03;56083.18
SO02198;1;O06605;20260429;2026-04-29;C0655;P026;S032;1;26235.83;0.08;24136.97
SO02199;1;O06609;20260506;2026-05-06;C0070;P039;S022;3;17432.05;0;57525.78
SO02200;1;O06613;20260513;2026-05-13;C0560;P011;S014;1;11222.27;0.03;11974.17
SO02201;1;O06614;20260514;2026-05-14;C0009;P001;S009;1;66466.71;0;66466.71
SO02201;2;O06614;20260514;2026-05-14;C0009;P044;S009;3;25308.36;0.08;69851.06
SO02202;1;O06616;20260503;2026-05-03;C0132;P048;S023;1;20356.98;0.05;19339.13
SO02203;1;O06620;20260508;2026-05-08;C0005;P009;S002;1;250623.7;0.03;243104.98
SO02204;1;O06622;20260517;2026-05-17;C0366;P017;S040;1;59606.63;0;59606.63
SO02205;1;O06624;20260427;2026-04-27;C0060;P028;S030;1;183271.25;0.05;174107.69
SO02206;1;O06630;20260502;2026-05-02;C0217;P014;S004;1;40715.49;0.12;35829.63
SO02206;2;O06630;20260502;2026-05-02;C0217;P046;S004;1;27246.18;0.08;25066.49
SO02206;3;O06630;20260502;2026-05-02;C0217;P050;S004;1;14020.6;0;14020.6
SO02207;1;O06632;20260505;2026-05-05;C0205;P019;S026;2;21538.17;0.03;41784.05
SO02207;2;O06632;20260505;2026-05-05;C0205;P049;S026;1;30521.89;0.03;29606.23
SO02208;1;O06633;20260521;2026-05-21;C0012;P034;S034;1;135721.12;0.05;128935.07
SO02208;2;O06633;20260521;2026-05-21;C0012;P038;S034;1;18981.63;0.05;18032.55
SO02209;1;O06640;20260503;2026-05-03;C0173;P006;S022;1;60192.64;0;66211.9
SO02210;1;O06654;20260501;2026-05-01;C0433;P050;S022;1;6874.43;0.08;6956.92
SO02211;1;O06673;20260525;2026-05-25;C0262;P018;S026;1;31066.16;0.05;29512.85
SO02211;2;O06673;20260525;2026-05-25;C0262;P042;S026;1;51901.02;0.05;49305.97
SO02212;1;O06674;20260525;2026-05-25;C0011;P029;S011;1;111794.17;0.12;98378.87
SO02213;1;O06677;20260525;2026-05-25;C0424;P026;S011;1;15036.67;0.03;14585.57
SO02214;1;O06679;20260530;2026-05-30;C0026;P015;S030;1;76083.42;0;76083.42
SO02214;2;O06679;20260530;2026-05-30;C0026;P043;S030;1;25318.87;0.05;24052.92
SO02215;1;O06680;20260528;2026-05-28;C0036;P009;S016;1;125050.68;0.12;110044.6
SO02216;1;O06681;20260603;2026-06-03;C0086;P025;S009;1;39378.58;0.05;37409.65
SO02217;1;O06688;20260621;2026-06-21;C0638;P041;S012;1;14088.64;0.03;13665.98
SO02217;2;O06688;20260621;2026-06-21;C0638;P014;S012;1;23846.64;0.03;23131.24
SO02218;1;O06691;20260611;2026-06-11;C0007;P010;S014;1;196797.78;0.05;205653.68
SO02218;2;O06691;20260611;2026-06-11;C0007;P039;S014;2;31517.79;0.05;65872.17
SO02219;1;O06695;20260603;2026-06-03;C0369;P043;S039;2;6313.73;0;12627.46
SO02220;1;O06704;20260604;2026-06-04;C0411;P018;S033;1;13708.01;0.03;13296.77
SO02221;1;O06706;20260519;2026-05-19;C0092;P012;S038;1;33343.17;0;33343.17
SO02221;2;O06706;20260519;2026-05-19;C0092;P045;S038;1;62554.54;0.12;55048.0
SO02222;1;O06708;20260525;2026-05-25;C0170;P036;S023;1;46615.58;0.08;42886.33
SO02223;1;O06709;20260617;2026-06-17;C0647;P013;S039;1;20711.03;0.12;18225.71
SO02224;1;O06710;20260615;2026-06-15;C0085;P012;S022;1;50818.54;0.03;54223.39
SO02225;1;O06711;20260603;2026-06-03;C0002;P007;S014;1;209852.46;0.03;223912.57
SO02225;2;O06711;20260603;2026-06-03;C0002;P047;S014;1;136331.12;0.03;145465.3
SO02226;1;O06712;20260603;2026-06-03;C0034;P026;S024;1;59889.08;0.03;58092.41
SO02226;2;O06712;20260603;2026-06-03;C0034;P027;S024;1;64044.12;0.08;58920.59
SO02227;1;O06715;20260608;2026-06-08;C0224;P024;S023;1;26688.82;0.03;25888.16
SO02227;2;O06715;20260608;2026-06-08;C0224;P010;S023;1;54472.82;0.05;51749.18
SO02228;1;O06717;20260615;2026-06-15;C0075;P023;S003;1;88855.66;0.03;94808.99
SO02229;1;O06719;20260526;2026-05-26;C0026;P020;S029;1;57977.51;0;57977.51
SO02229;2;O06719;20260526;2026-05-26;C0026;P037;S029;1;8593.1;0.03;8335.31
SO02230;1;O06720;20260621;2026-06-21;C0087;P002;S007;1;102104.29;0.03;108945.28
SO02230;2;O06720;20260621;2026-06-21;C0087;P026;S007;1;62307.48;0.08;63055.17
SO02230;3;O06720;20260621;2026-06-21;C0087;P042;S007;1;63706.34;0;70076.98
SO02231;1;O06724;20260608;2026-06-08;C0240;P026;S022;1;26195.29;0.05;27374.07
SO02232;1;O06728;20260622;2026-06-22;C0595;P001;S007;1;11041.97;0.05;11538.85
SO02233;1;O06729;20260524;2026-05-24;C0536;P032;S003;1;4291.39;0.05;4484.5
SO02234;1;O06731;20260529;2026-05-29;C0100;P017;S007;1;80526.95;0.05;84150.66
SO02234;2;O06731;20260529;2026-05-29;C0100;P050;S007;1;16002.15;0.08;16194.17
SO02234;3;O06731;20260529;2026-05-29;C0100;P042;S007;1;41406.49;0.12;40081.48
SO02235;1;O06733;20260603;2026-06-03;C0124;P001;S031;1;23232.33;0.03;22535.36
SO02235;2;O06733;20260603;2026-06-03;C0124;P049;S031;1;24897.46;0;24897.46
SO02236;1;O06736;20260529;2026-05-29;C0043;P045;S016;1;87618.36;0.08;80608.89
SO02237;1;O06737;20260614;2026-06-14;C0300;P024;S011;1;17613.22;0.05;16732.56
SO02237;2;O06737;20260614;2026-06-14;C0300;P050;S011;2;9861.32;0;19722.63
SO02237;3;O06737;20260614;2026-06-14;C0300;P041;S011;1;17892.35;0.03;17355.58
SO02238;1;O06739;20260617;2026-06-17;C0029;P037;S011;2;14606.11;0;29212.21
SO02239;1;O06741;20260601;2026-06-01;C0500;P008;S036;1;36086.3;0.05;34281.98
SO02239;2;O06741;20260601;2026-06-01;C0500;P012;S036;1;16601.73;0.05;15771.64
SO02239;3;O06741;20260601;2026-06-01;C0500;P044;S036;1;5707.63;0.05;5422.25
SO02240;1;O06751;20260608;2026-06-08;C0064;P036;S014;1;79457.49;0.03;84781.14
SO02240;2;O06751;20260608;2026-06-08;C0064;P003;S014;1;30799.74;0.03;32863.32
SO02241;1;O06752;20260524;2026-05-24;C0028;P018;S022;1;61144.85;0.05;63896.37
SO02242;1;O06753;20260614;2026-06-14;C0275;P002;S025;1;35273.7;0.05;33510.01
SO02243;1;O06758;20260615;2026-06-15;C0105;P027;S022;1;51376.27;0;56513.9
SO02243;2;O06758;20260615;2026-06-15;C0105;P002;S022;1;44009.25;0.05;45989.67
SO02243;3;O06758;20260615;2026-06-15;C0105;P015;S022;1;68543.72;0;75398.09
SO02244;1;O06760;20260605;2026-06-05;C0643;P004;S010;1;18961.18;0;18961.18
SO02245;1;O06761;20260603;2026-06-03;C0038;P018;S008;1;48553.11;0.03;47096.52
SO02246;1;O06762;20260530;2026-05-30;C0012;P023;S032;1;176436.9;0.05;167615.05
SO02246;2;O06762;20260530;2026-05-30;C0012;P045;S032;1;153820.76;0.08;141515.1
SO02246;3;O06762;20260530;2026-05-30;C0012;P046;S032;1;53221.48;0.12;46834.9
SO02247;1;O06763;20260601;2026-06-01;C0579;P027;S011;1;16850.16;0.03;16344.66
SO02248;1;O06766;20260522;2026-05-22;C0130;P048;S038;1;31711.02;0;31711.02
SO02249;1;O06769;20260609;2026-06-09;C0202;P005;S025;1;65618.21;0.08;60368.75
SO02250;1;O06773;20260615;2026-06-15;C0157;P009;S001;1;62806.41;0;62806.41
SO02251;1;O06774;20260601;2026-06-01;C0212;P020;S038;1;36627.14;0.08;33696.97
SO02251;2;O06774;20260601;2026-06-01;C0212;P044;S038;2;10468.72;0;20937.44
SO02252;1;O06776;20260607;2026-06-07;C0119;P020;S020;1;44149.96;0.03;42825.47
SO02252;2;O06776;20260607;2026-06-07;C0119;P043;S020;2;14611.94;0.12;25717.01
SO02253;1;O06778;20260614;2026-06-14;C0614;P016;S006;1;12933.17;0.03;12545.18
SO02253;2;O06778;20260614;2026-06-14;C0614;P050;S006;3;5396.37;0.08;14893.97
SO02254;1;O06781;20260627;2026-06-27;C0088;P012;S028;1;73084.38;0.05;69430.16
SO02255;1;O06786;20260604;2026-06-04;C0079;P010;S003;1;79590.62;0;87549.69
SO02255;2;O06786;20260604;2026-06-04;C0079;P016;S003;1;26943.03;0.05;28155.47
SO02256;1;O06788;20260611;2026-06-11;C0413;P021;S011;1;22618.25;0;22618.25
SO02257;1;O06794;20260605;2026-06-05;C0406;P023;S039;1;22444.85;0.08;20649.26
SO02258;1;O06797;20260614;2026-06-14;C0056;P020;S014;1;99881.21;0.08;101079.79
SO02258;2;O06797;20260614;2026-06-14;C0056;P029;S014;1;76258.06;0.08;77173.16
SO02259;1;O06801;20260614;2026-06-14;C0015;P032;S039;2;41702.06;0;83404.13
SO02260;1;O06808;20260520;2026-05-20;C0371;P049;S024;1;13157.91;0.08;12105.28
SO02260;2;O06808;20260520;2026-05-20;C0371;P048;S024;1;9204.21;0.05;8744.0
SO02261;1;O06811;20260614;2026-06-14;C0071;P036;S022;1;88475.44;0.08;89537.15
SO02262;1;O06812;20260619;2026-06-19;C0483;P016;S028;1;11404.03;0.03;11061.91
SO02263;1;O06824;20260525;2026-05-25;C0067;P001;S022;1;64725.26;0;71197.79
SO02264;1;O06829;20260612;2026-06-12;C0210;P031;S020;2;12932.8;0.05;24572.33
SO02265;1;O06833;20260531;2026-05-31;C0614;P030;S007;1;10914.51;0.05;11405.67
SO02265;2;O06833;20260531;2026-05-31;C0614;P042;S007;1;19434.88;0.03;20737.02
SO02266;1;O06839;20260521;2026-05-21;C0462;P017;S009;1;38650.55;0.05;36718.02
SO02266;2;O06839;20260521;2026-05-21;C0462;P036;S009;1;16665.8;0;16665.8
SO02267;1;O06844;20260517;2026-05-17;C0071;P012;S013;1;56190.73;0.03;54505.0
SO02268;1;O06846;20260614;2026-06-14;C0207;P023;S009;1;63048.68;0.05;59896.24
SO02268;2;O06846;20260614;2026-06-14;C0207;P007;S009;1;46079.49;0;46079.49
SO02269;1;O06856;20260613;2026-06-13;C0282;P027;S009;1;25367.08;0;25367.08
SO02270;1;O06859;20260525;2026-05-25;C0538;P026;S021;1;29301.18;0.08;26957.08
SO02270;2;O06859;20260525;2026-05-25;C0538;P049;S021;1;26380.28;0.08;24269.86
SO02271;1;O06860;20260614;2026-06-14;C0145;P035;S028;1;60322.16;0.03;58512.49
SO02271;2;O06860;20260614;2026-06-14;C0145;P021;S028;1;25451.11;0.03;24687.58
SO02272;1;O06865;20260627;2026-06-27;C0114;P018;S010;1;30146.35;0.12;26528.78
SO02273;1;O06869;20260517;2026-05-17;C0042;P039;S038;3;20077.75;0.05;57221.59
SO02274;1;O06870;20260521;2026-05-21;C0436;P022;S036;1;11186.46;0;11186.46
SO02274;2;O06870;20260521;2026-05-21;C0436;P049;S036;1;14973.46;0.03;14524.25
SO02275;1;O06875;20260524;2026-05-24;C0044;P036;S034;1;85652.43;0.03;83082.85
SO02275;2;O06875;20260524;2026-05-24;C0044;P045;S034;1;78951.78;0;78951.78
SO02276;1;O06877;20260527;2026-05-27;C0038;P013;S012;1;71843.24;0.08;66095.78
SO02277;1;O06882;20260601;2026-06-01;C0427;P048;S039;1;13465.01;0.08;12387.81
SO02277;2;O06882;20260601;2026-06-01;C0427;P003;S039;1;11308.17;0.05;10742.76
SO02278;1;O06884;20260624;2026-06-24;C0022;P011;S004;1;50021.77;0.03;48521.11
SO02279;1;O06885;20260613;2026-06-13;C0092;P044;S026;1;12442.44;0.03;12069.16
SO02279;2;O06885;20260613;2026-06-13;C0092;P042;S026;1;39238.68;0.05;37276.74
SO02280;1;O06887;20260617;2026-06-17;C0008;P014;S014;1;177469.54;0.12;171790.52
SO02281;1;O06893;20260608;2026-06-08;C0291;P004;S004;1;44560.16;0.05;42332.16
SO02282;1;O06894;20260611;2026-06-11;C0006;P004;S028;1;174219.76;0;174219.76
SO02282;2;O06894;20260611;2026-06-11;C0006;P042;S028;1;124037.94;0.05;117836.05
SO02282;3;O06894;20260611;2026-06-11;C0006;P042;S028;1;110414.37;0;110414.37
SO02283;1;O06895;20260622;2026-06-22;C0499;P007;S028;1;27401.07;0.03;26579.04
SO02284;1;O06913;20260608;2026-06-08;C0446;P049;S037;1;14018.69;0.08;12897.19
SO02285;1;O06914;20260527;2026-05-27;C0251;P020;S029;1;34138.81;0.03;33114.64
SO02286;1;O06915;20260523;2026-05-23;C0659;P030;S004;1;11568.77;0;11568.77
SO02287;1;O06919;20260614;2026-06-14;C0489;P049;S028;1;12400.03;0.05;11780.03
SO02288;1;O06920;20260515;2026-05-15;C0002;P017;S009;1;365586.24;0.03;354618.66
SO02289;1;O06922;20260610;2026-06-10;C0535;P022;S040;1;18349.7;0;18349.7
SO02289;2;O06922;20260610;2026-06-10;C0535;P048;S040;1;15520.12;0.05;14744.12
SO02289;3;O06922;20260610;2026-06-10;C0535;P024;S040;1;12686.29;0.08;11671.39
SO02290;1;O06923;20260616;2026-06-16;C0172;P043;S038;1;12171.22;0.05;11562.66
SO02290;2;O06923;20260616;2026-06-16;C0172;P016;S038;1;13357.16;0.08;12288.59
SO02291;1;O06928;20260524;2026-05-24;C0474;P016;S020;1;12434.4;0.05;11812.68
SO02291;2;O06928;20260524;2026-05-24;C0474;P039;S020;2;5731.4;0.08;10545.77
SO02292;1;O06929;20260603;2026-06-03;C0011;P029;S014;1;118695.5;0;130565.06
SO02292;2;O06929;20260603;2026-06-03;C0011;P048;S014;1;80194.65;0;88214.12
SO02293;1;O06935;20260614;2026-06-14;C0003;P007;S036;1;179905.34;0.08;165512.91
SO02294;1;O06936;20260610;2026-06-10;C0190;P018;S027;1;33814.51;0.05;32123.78
SO02294;2;O06936;20260610;2026-06-10;C0190;P047;S027;1;37772.29;0;37772.29
SO02294;3;O06936;20260610;2026-06-10;C0190;P027;S027;1;53687.15;0.05;51002.79
SO02295;1;O06938;20260523;2026-05-23;C0452;P001;S030;1;12145.53;0;12145.53
SO02295;2;O06938;20260523;2026-05-23;C0452;P044;S030;1;5830.23;0;5830.23
SO02296;1;O06945;20260604;2026-06-04;C0264;P004;S035;1;35878.87;0;35878.87
SO02296;2;O06945;20260604;2026-06-04;C0264;P042;S035;1;39018.16;0.05;37067.25
SO02297;1;O06953;20260527;2026-05-27;C0533;P015;S007;1;24116.55;0.03;25732.36
SO02298;1;O06960;20260619;2026-06-19;C0242;P014;S017;1;31159.68;0;31159.68
SO02298;2;O06960;20260619;2026-06-19;C0242;P045;S017;1;51311.57;0.12;45154.18
SO02299;1;O06963;20260611;2026-06-11;C0240;P004;S014;1;29775.15;0.05;31115.03
SO02300;1;O06965;20260616;2026-06-16;C0484;P007;S036;1;24555.09;0.05;23327.33
SO02300;2;O06965;20260616;2026-06-16;C0484;P049;S036;1;17941.2;0.05;17044.14
SO02301;1;O06966;20260601;2026-06-01;C0007;P015;S033;1;265652.54;0.03;257682.97
SO02301;2;O06966;20260601;2026-06-01;C0007;P044;S033;3;50887.97;0;152663.91
SO02302;1;O06968;20260531;2026-05-31;C0135;P029;S019;1;24693.74;0;24693.74
SO02302;2;O06968;20260531;2026-05-31;C0135;P042;S019;1;28522.01;0.03;27666.35
SO02303;1;O06971;20260608;2026-06-08;C0347;P049;S015;1;25026.02;0.05;23774.72
SO02303;2;O06971;20260608;2026-06-08;C0347;P045;S015;1;27268.21;0.03;26450.17
SO02303;3;O06971;20260608;2026-06-08;C0347;P002;S015;1;37613.84;0.12;33100.18
SO02304;1;O06975;20260525;2026-05-25;C0494;P048;S037;1;11994.31;0.08;11034.77
SO02304;2;O06975;20260525;2026-05-25;C0494;P050;S037;1;5912.65;0.03;5735.27
SO02305;1;O06980;20260521;2026-05-21;C0075;P014;S019;1;55511.16;0.08;51070.27
SO02306;1;O06990;20260621;2026-06-21;C0038;P014;S009;1;53400.11;0;53400.11
SO02307;1;O06991;20260618;2026-06-18;C0258;P016;S025;1;24014.93;0.12;21133.14
SO02308;1;O06997;20260609;2026-06-09;C0207;P015;S011;1;56482.01;0.03;54787.55
SO02308;2;O06997;20260609;2026-06-09;C0207;P023;S011;1;45934.93;0;45934.93
SO02309;1;O07000;20260617;2026-06-17;C0591;P008;S008;1;39613.12;0.08;36444.07
SO02310;1;O07001;20260623;2026-06-23;C0168;P008;S029;1;66296.24;0.03;64307.36
SO02310;2;O07001;20260623;2026-06-23;C0168;P050;S029;2;12527.76;0.05;23802.75
SO02311;1;O07002;20260620;2026-06-20;C0651;P019;S028;3;11227.14;0.05;31997.36
SO02312;1;O07003;20260521;2026-05-21;C0072;P015;S029;1;76221.3;0.03;73934.66
SO02313;1;O07004;20260528;2026-05-28;C0164;P003;S013;1;27853.9;0.03;27018.29
SO02314;1;O07016;20260612;2026-06-12;C0004;P024;S007;1;80658.53;0.05;84288.16
SO02315;1;O07021;20260608;2026-06-08;C0165;P039;S019;2;10090.35;0.05;19171.66
SO02316;1;O07026;20260520;2026-05-20;C0604;P018;S010;1;16903.03;0.05;16057.88
SO02316;2;O07026;20260520;2026-05-20;C0604;P040;S010;1;13631.12;0.05;12949.57
SO02317;1;O07036;20260608;2026-06-08;C0390;P039;S007;3;5853.0;0.03;18735.45
SO02317;2;O07036;20260608;2026-06-08;C0390;P050;S007;2;9321.89;0.05;19482.75
SO02318;1;O07038;20260625;2026-06-25;C0083;P010;S033;1;105674.5;0.12;92993.56
SO02319;1;O07040;20260615;2026-06-15;C0005;P039;S014;3;35196.05;0.03;112662.56
SO02320;1;O07043;20260616;2026-06-16;C0045;P037;S017;2;13922.54;0.05;26452.83
SO02321;1;O07045;20260522;2026-05-22;C0011;P019;S025;2;71252.16;0.03;138229.19
SO02322;1;O07050;20260608;2026-06-08;C0022;P050;S010;1;29159.17;0.12;25660.07
SO02322;2;O07050;20260608;2026-06-08;C0022;P040;S010;1;51696.41;0;51696.41
SO02323;1;O07051;20260603;2026-06-03;C0208;P012;S011;1;32247.18;0;32247.18
SO02324;1;O07052;20260606;2026-06-06;C0024;P019;S033;1;29217.76;0.12;25711.63
SO02324;2;O07052;20260606;2026-06-06;C0024;P050;S033;1;24219.38;0.03;23492.8
SO02325;1;O07054;20260614;2026-06-14;C0490;P007;S007;1;32177.22;0.08;32563.35
SO02325;2;O07054;20260614;2026-06-14;C0490;P035;S007;1;31008.97;0.03;33086.57
SO02326;1;O07060;20260606;2026-06-06;C0262;P010;S003;1;70269.64;0;77296.61
SO02326;2;O07060;20260606;2026-06-06;C0262;P007;S003;1;57228.25;0;62951.07
SO02327;1;O07065;20260610;2026-06-10;C0682;P001;S014;1;13832.98;0.05;14455.46
SO02328;1;O07066;20260623;2026-06-23;C0498;P046;S039;1;11005.65;0.05;10455.36
SO02329;1;O07072;20260601;2026-06-01;C0038;P022;S012;1;45730.53;0;45730.53
SO02330;1;O07074;20260615;2026-06-15;C0563;P016;S032;1;9819.92;0.05;9328.92
SO02331;1;O07078;20260525;2026-05-25;C0249;P032;S008;1;8955.54;0.12;7880.87
SO02331;2;O07078;20260525;2026-05-25;C0249;P041;S008;1;25734.53;0.08;23675.77
SO02332;1;O07085;20260624;2026-06-24;C0209;P023;S003;1;47564.03;0.08;48134.8
SO02333;1;O07088;20260607;2026-06-07;C0082;P032;S026;1;17975.94;0.03;17436.66
SO02333;2;O07088;20260607;2026-06-07;C0082;P048;S026;1;53625.36;0.05;50944.09
SO02334;1;O07089;20260613;2026-06-13;C0072;P035;S022;1;106921.61;0.08;108204.67
SO02334;2;O07089;20260613;2026-06-13;C0072;P047;S022;1;42708.79;0.03;45570.28
SO02334;3;O07089;20260613;2026-06-13;C0072;P046;S022;1;42849.02;0.05;44777.23
SO02335;1;O07093;20260611;2026-06-11;C0235;P028;S002;1;86482.0;0.05;82157.9
SO02335;2;O07093;20260611;2026-06-11;C0235;P006;S002;1;51859.78;0.12;45636.61
SO02335;3;O07093;20260611;2026-06-11;C0235;P013;S002;1;56252.65;0.08;51752.43
SO02336;1;O07098;20260628;2026-06-28;C0232;P010;S029;1;51634.02;0.05;49052.32
SO02337;1;O07099;20260623;2026-06-23;C0015;P016;S038;1;65506.05;0.03;63540.86
SO02338;1;O07105;20260619;2026-06-19;C0413;P020;S022;1;28081.72;0.05;29345.39
SO02338;2;O07105;20260619;2026-06-19;C0413;P016;S022;1;15879.64;0.08;16070.2
SO02339;1;O07106;20260608;2026-06-08;C0486;P012;S014;1;23398.95;0.05;24451.91
SO02339;2;O07106;20260608;2026-06-08;C0486;P044;S014;3;9585.55;0.05;30050.7
SO02340;1;O07108;20260609;2026-06-09;C0074;P015;S008;1;127032.94;0;127032.94
SO02341;1;O07109;20260623;2026-06-23;C0014;P015;S017;1;211938.2;0.05;201341.29
SO02341;2;O07109;20260623;2026-06-23;C0014;P036;S017;1;134147.23;0.03;130122.81
SO02342;1;O07111;20260613;2026-06-13;C0067;P001;S013;1;57238.78;0;57238.78
SO02343;1;O07112;20260604;2026-06-04;C0006;P032;S008;3;26821.71;0;80465.12
SO02343;2;O07112;20260604;2026-06-04;C0006;P046;S008;1;105768.51;0.05;100480.08
SO02343;3;O07112;20260604;2026-06-04;C0006;P049;S008;1;128372.28;0;128372.28
SO02344;1;O07113;20260623;2026-06-23;C0271;P030;S003;1;24590.86;0;27049.95
SO02345;1;O07114;20260604;2026-06-04;C0049;P019;S010;1;27260.06;0;27260.06
SO02345;2;O07114;20260604;2026-06-04;C0049;P036;S010;1;66470.81;0;66470.81
SO02346;1;O07117;20260616;2026-06-16;C0436;P049;S022;1;15599.82;0.05;16301.81
SO02347;1;O07118;20260612;2026-06-12;C0112;P001;S034;1;28865.65;0;28865.65
SO02348;1;O07119;20260529;2026-05-29;C0049;P046;S008;1;37967.12;0.05;36068.77
SO02349;1;O07121;20260609;2026-06-09;C0485;P019;S022;1;8583.2;0.08;8686.2
SO02349;2;O07121;20260609;2026-06-09;C0485;P019;S022;2;7945.69;0;17480.51
SO02349;3;O07121;20260609;2026-06-09;C0485;P042;S022;1;18838.56;0.03;20100.74
SO02350;1;O07123;20260523;2026-05-23;C0019;P003;S027;1;97028.27;0.05;92176.85
SO02351;1;O07124;20260618;2026-06-18;C0053;P015;S017;1;110832.22;0.08;101965.64
SO02352;1;O07128;20260625;2026-06-25;C0176;P020;S001;1;45487.31;0;45487.31
SO02352;2;O07128;20260625;2026-06-25;C0176;P013;S001;1;57812.42;0.03;56078.05
SO02353;1;O07129;20260619;2026-06-19;C0120;P012;S040;1;31889.13;0.03;30932.46
SO02353;2;O07129;20260619;2026-06-19;C0120;P044;S040;1;8807.74;0;8807.74
SO02353;3;O07129;20260619;2026-06-19;C0120;P044;S040;2;12315.08;0.03;23891.25
SO02354;1;O07132;20260531;2026-05-31;C0227;P036;S003;1;51525.58;0.05;53844.23
SO02355;1;O07136;20260606;2026-06-06;C0162;P049;S017;1;39038.78;0.05;37086.84
SO02356;1;O07138;20260527;2026-05-27;C0013;P025;S015;1;63819.67;0.05;60628.69
SO02357;1;O07140;20260609;2026-06-09;C0222;P028;S013;1;58754.64;0.03;56992.01
SO02357;2;O07140;20260609;2026-06-09;C0222;P044;S013;2;9078.36;0.03;17612.01
SO02358;1;O07143;20260609;2026-06-09;C0044;P011;S032;1;37024.02;0;37024.02
SO02359;1;O07145;20260524;2026-05-24;C0024;P018;S022;1;51713.34;0.12;50058.51
SO02360;1;O07146;20260604;2026-06-04;C0533;P026;S004;1;20511.83;0.08;18870.88
SO02361;1;O07147;20260627;2026-06-27;C0631;P015;S030;1;23244.87;0.03;22547.53
SO02362;1;O07148;20260527;2026-05-27;C0200;P001;S003;1;27445.59;0;30190.15
SO02363;1;O07155;20260602;2026-06-02;C0634;P009;S021;1;39834.9;0.08;36648.1
SO02363;2;O07155;20260602;2026-06-02;C0634;P002;S021;1;22644.52;0;22644.52
SO02364;1;O07156;20260607;2026-06-07;C0453;P013;S030;1;37932.39;0.08;34897.8
SO02364;2;O07156;20260607;2026-06-07;C0453;P026;S030;1;20978.3;0.08;19300.04
SO02365;1;O07157;20260613;2026-06-13;C0039;P015;S029;1;156730.68;0.05;148894.14
SO02366;1;O07162;20260617;2026-06-17;C0427;P028;S033;1;38848.14;0.03;37682.7
SO02366;2;O07162;20260617;2026-06-17;C0427;P050;S033;2;6876.42;0.05;13065.2
SO02366;3;O07162;20260617;2026-06-17;C0427;P030;S033;1;9735.16;0.08;8956.35
SO02367;1;O07164;20260629;2026-06-29;C0532;P038;S039;1;4760.5;0.05;4522.48
SO02367;2;O07164;20260629;2026-06-29;C0532;P050;S039;1;7576.53;0.03;7349.24
SO02367;3;O07164;20260629;2026-06-29;C0532;P044;S039;2;7727.78;0;15455.56
SO02368;1;O07166;20260529;2026-05-29;C0105;P009;S022;1;86117.9;0;94729.69
SO02369;1;O07170;20260622;2026-06-22;C0649;P037;S003;3;3816.48;0.08;11586.82
SO02370;1;O07174;20260529;2026-05-29;C0345;P005;S028;1;33598.72;0.08;30910.82
SO02370;2;O07174;20260529;2026-05-29;C0345;P036;S028;1;27951.22;0.12;24597.08
SO02370;3;O07174;20260529;2026-05-29;C0345;P018;S028;1;13613.54;0.03;13205.13
SO02371;1;O07177;20260605;2026-06-05;C0602;P011;S014;1;11384.57;0;12523.03
SO02371;2;O07177;20260605;2026-06-05;C0602;P046;S014;1;14850.46;0.05;15518.73
SO02372;1;O07178;20260614;2026-06-14;C0093;P015;S009;1;50916.04;0;50916.04
SO02373;1;O07179;20260626;2026-06-26;C0011;P015;S027;1;224986.06;0;224986.06
SO02374;1;O07182;20260630;2026-06-30;C0551;P028;S010;1;27318.66;0.05;25952.73
SO02375;1;O07186;20260703;2026-07-03;C0651;P046;S014;1;13011.7;0.05;13597.22
SO02375;2;O07186;20260703;2026-07-03;C0651;P047;S014;1;14297.78;0.08;14469.35
SO02376;1;O07188;20260705;2026-07-05;C0086;P019;S011;2;26008.62;0.08;47855.86
SO02377;1;O07190;20260628;2026-06-28;C0148;P039;S028;3;11707.34;0.05;33365.91
SO02378;1;O07196;20260715;2026-07-15;C0556;P025;S021;1;14732.52;0.08;13553.91
SO02379;1;O07197;20260710;2026-07-10;C0270;P047;S024;1;28175.79;0.05;26767.0
SO02380;1;O07198;20260702;2026-07-02;C0229;P043;S035;1;22229.55;0;22229.55
SO02381;1;O07199;20260713;2026-07-13;C0077;P011;S022;1;49793.45;0.03;53129.61
SO02382;1;O07201;20260719;2026-07-19;C0010;P045;S035;1;209685.75;0.05;199201.47
SO02383;1;O07209;20260702;2026-07-02;C0198;P030;S020;1;14268.37;0.03;13840.32
SO02384;1;O07214;20260718;2026-07-18;C0222;P022;S032;1;27104.0;0.03;26290.88
SO02384;2;O07214;20260718;2026-07-18;C0222;P011;S032;1;16070.7;0;16070.7
SO02385;1;O07215;20260701;2026-07-01;C0581;P022;S022;1;12146.72;0;13361.4
SO02386;1;O07218;20260727;2026-07-27;C0098;P023;S027;1;62830.47;0.08;57804.03
SO02387;1;O07224;20260712;2026-07-12;C0263;P019;S005;2;14044.27;0;28088.55
SO02388;1;O07225;20260725;2026-07-25;C0295;P021;S038;1;31568.22;0.08;29042.77
SO02388;2;O07225;20260725;2026-07-25;C0295;P044;S038;2;13026.29;0.05;24749.96
SO02388;3;O07225;20260725;2026-07-25;C0295;P043;S038;1;21004.49;0;21004.49
SO02389;1;O07227;20260628;2026-06-28;C0272;P050;S011;1;11408.9;0.03;11066.64
SO02390;1;O07235;20260717;2026-07-17;C0205;P014;S014;1;42622.18;0.12;41258.27
SO02390;2;O07235;20260717;2026-07-17;C0205;P032;S014;3;10586.49;0.05;33188.66
SO02391;1;O07236;20260712;2026-07-12;C0004;P007;S026;1;129845.1;0.12;114263.69
SO02391;2;O07236;20260712;2026-07-12;C0004;P045;S026;1;161832.28;0.05;153740.67
SO02392;1;O07240;20260620;2026-06-20;C0222;P036;S015;1;31259.26;0.05;29696.3
SO02393;1;O07244;20260625;2026-06-25;C0060;P043;S032;1;37862.98;0.12;33319.42
SO02394;1;O07247;20260709;2026-07-09;C0079;P018;S015;1;47453.07;0;47453.07
SO02395;1;O07248;20260627;2026-06-27;C0412;P025;S009;1;10074.94;0.08;9268.94
SO02396;1;O07253;20260712;2026-07-12;C0299;P014;S022;1;25678.37;0.05;26833.89
SO02396;2;O07253;20260712;2026-07-12;C0299;P025;S022;1;20311.96;0.12;19661.97
SO02397;1;O07257;20260709;2026-07-09;C0089;P031;S039;3;25844.42;0;77533.26
SO02397;2;O07257;20260709;2026-07-09;C0089;P046;S039;1;60924.39;0.08;56050.44
SO02398;1;O07258;20260624;2026-06-24;C0030;P014;S007;1;51548.5;0;56703.35
SO02398;2;O07258;20260624;2026-06-24;C0030;P036;S007;1;66127.65;0.03;70558.21
SO02399;1;O07263;20260717;2026-07-17;C0539;P010;S029;1;29245.93;0.05;27783.63
SO02400;1;O07267;20260705;2026-07-05;C0013;P016;S020;1;57959.84;0.12;51004.66
SO02401;1;O07271;20260621;2026-06-21;C0018;P020;S033;1;122365.83;0.08;112576.56
SO02402;1;O07273;20260703;2026-07-03;C0143;P029;S003;1;51648.26;0.03;55108.7
SO02402;2;O07273;20260703;2026-07-03;C0143;P049;S003;1;44797.41;0.03;47798.84
SO02403;1;O07274;20260713;2026-07-13;C0198;P017;S007;1;65734.71;0.03;70138.93
SO02403;2;O07274;20260713;2026-07-13;C0198;P042;S007;1;40093.31;0.03;42779.56
SO02404;1;O07275;20260705;2026-07-05;C0011;P016;S014;1;61924.49;0.05;64711.1
SO02405;1;O07277;20260712;2026-07-12;C0013;P039;S017;2;37477.49;0;74954.97
SO02405;2;O07277;20260712;2026-07-12;C0013;P005;S017;1;153322.47;0.03;148722.8
SO02406;1;O07278;20260619;2026-06-19;C0063;P049;S014;1;63901.66;0.08;64668.48
SO02407;1;O07280;20260721;2026-07-21;C0693;P029;S038;1;12593.22;0.05;11963.56
SO02407;2;O07280;20260721;2026-07-21;C0693;P007;S038;1;13603.91;0;13603.91
SO02408;1;O07283;20260623;2026-06-23;C0087;P039;S002;2;14127.09;0.08;25993.85
SO02408;2;O07283;20260623;2026-06-23;C0087;P047;S002;1;63191.15;0.03;61295.42
SO02409;1;O07284;20260705;2026-07-05;C0156;P018;S003;1;28804.08;0.03;30733.95
SO02410;1;O07286;20260721;2026-07-21;C0019;P011;S010;1;91085.3;0;91085.3
SO02410;2;O07286;20260721;2026-07-21;C0019;P047;S010;1;76078.58;0;76078.58
SO02411;1;O07288;20260702;2026-07-02;C0170;P015;S012;1;76781.03;0.03;74477.6
SO02411;2;O07288;20260702;2026-07-02;C0170;P026;S012;1;37440.49;0.05;35568.47
SO02412;1;O07293;20260708;2026-07-08;C0214;P017;S011;1;73064.99;0.05;69411.74
SO02412;2;O07293;20260708;2026-07-08;C0214;P045;S011;1;47227.99;0.08;43449.75
SO02413;1;O07294;20260718;2026-07-18;C0406;P049;S035;1;14460.45;0.03;14026.63
SO02414;1;O07297;20260629;2026-06-29;C0140;P035;S023;1;55303.07;0.05;52537.91
SO02415;1;O07298;20260705;2026-07-05;C0463;P041;S017;1;12541.06;0.08;11537.78
SO02416;1;O07300;20260716;2026-07-16;C0009;P039;S035;3;28189.65;0.08;77803.42
SO02417;1;O07313;20260627;2026-06-27;C0093;P046;S028;1;27329.83;0.03;26509.93
SO02418;1;O07316;20260627;2026-06-27;C0063;P012;S025;1;54735.73;0.08;50356.87
SO02419;1;O07317;20260620;2026-06-20;C0327;P039;S022;3;6290.31;0.08;19097.39
SO02419;2;O07317;20260620;2026-06-20;C0327;P018;S022;1;13036.11;0.03;13909.53
SO02420;1;O07318;20260621;2026-06-21;C0016;P038;S015;3;23999.46;0.12;63358.57
SO02420;2;O07318;20260621;2026-06-21;C0016;P006;S015;1;259174.5;0.03;251399.27
SO02420;3;O07318;20260621;2026-06-21;C0016;P041;S015;1;91698.27;0.12;80694.48
SO02421;1;O07322;20260710;2026-07-10;C0045;P032;S017;2;27008.95;0.12;47535.76
SO02421;2;O07322;20260710;2026-07-10;C0045;P045;S017;1;104341.36;0.03;101211.12
SO02422;1;O07325;20260713;2026-07-13;C0294;P028;S020;1;62594.9;0.05;59465.16
SO02423;1;O07329;20260724;2026-07-24;C0014;P019;S039;2;71350.16;0.08;131284.3
SO02424;1;O07332;20260706;2026-07-06;C0008;P025;S024;1;94294.4;0;94294.4
SO02424;2;O07332;20260706;2026-07-06;C0008;P006;S024;1;271595.27;0;271595.27
SO02424;3;O07332;20260706;2026-07-06;C0008;P003;S024;1;82055.27;0;82055.27
SO02425;1;O07334;20260629;2026-06-29;C0223;P030;S010;1;24161.83;0.08;22228.88
SO02426;1;O07338;20260707;2026-07-07;C0195;P040;S034;1;32812.76;0.12;28875.23
SO02427;1;O07340;20260701;2026-07-01;C0068;P016;S014;1;43943.16;0.08;44470.48
SO02427;2;O07340;20260701;2026-07-01;C0068;P004;S014;1;65379.07;0.05;68321.13
SO02428;1;O07346;20260725;2026-07-25;C0100;P050;S017;3;15545.3;0;46635.91
SO02428;2;O07346;20260725;2026-07-25;C0100;P044;S017;2;12113.35;0;24226.7
SO02428;3;O07346;20260725;2026-07-25;C0100;P041;S017;1;24574.39;0.05;23345.67
SO02429;1;O07349;20260714;2026-07-14;C0001;P004;S019;1;155258.78;0.12;136627.72
SO02430;1;O07350;20260705;2026-07-05;C0003;P015;S007;1;289596.05;0.08;293071.21
SO02431;1;O07352;20260718;2026-07-18;C0649;P009;S036;1;45405.21;0;45405.21
SO02431;2;O07352;20260718;2026-07-18;C0649;P023;S036;1;37483.63;0;37483.63
SO02432;1;O07354;20260715;2026-07-15;C0042;P003;S038;1;46551.41;0;46551.41
SO02432;2;O07354;20260715;2026-07-15;C0042;P041;S038;1;38831.7;0.08;35725.16
SO02432;3;O07354;20260715;2026-07-15;C0042;P038;S038;3;14125.84;0.08;38987.33
SO02433;1;O07356;20260708;2026-07-08;C0239;P001;S009;1;21752.49;0.05;20664.87
SO02434;1;O07359;20260712;2026-07-12;C0645;P012;S027;1;16207.65;0.03;15721.42
SO02435;1;O07360;20260630;2026-06-30;C0284;P001;S022;1;25834.47;0.08;26144.49
SO02435;2;O07360;20260630;2026-06-30;C0284;P004;S022;1;33456.8;0;36802.48
SO02436;1;O07361;20260717;2026-07-17;C0054;P001;S003;1;41331.81;0;45464.99
SO02437;1;O07363;20260707;2026-07-07;C0009;P031;S039;1;37372.44;0.05;35503.82
SO02438;1;O07364;20260710;2026-07-10;C0387;P010;S017;1;40900.51;0;40900.51
SO02439;1;O07366;20260717;2026-07-17;C0428;P045;S005;1;19871.83;0.05;18878.24
SO02440;1;O07370;20260713;2026-07-13;C0058;P028;S015;1;162963.45;0.05;154815.27
SO02440;2;O07370;20260713;2026-07-13;C0058;P028;S015;1;161051.59;0;161051.59
SO02440;3;O07370;20260713;2026-07-13;C0058;P046;S015;1;51916.07;0.12;45686.14
SO02441;1;O07371;20260630;2026-06-30;C0154;P044;S014;3;9951.8;0.05;31198.9
SO02442;1;O07374;20260629;2026-06-29;C0059;P039;S007;1;15926.88;0;17519.57
SO02443;1;O07378;20260703;2026-07-03;C0201;P015;S019;1;71923.02;0.12;63292.25
SO02443;2;O07378;20260703;2026-07-03;C0201;P014;S019;1;39472.73;0.05;37499.09
SO02444;1;O07379;20260704;2026-07-04;C0019;P032;S013;3;42463.99;0.03;123570.22
SO02445;1;O07380;20260630;2026-06-30;C0087;P035;S002;1;89040.64;0.05;84588.61
SO02445;2;O07380;20260630;2026-06-30;C0087;P050;S002;3;20204.89;0;60614.66
SO02446;1;O07382;20260702;2026-07-02;C0040;P003;S002;1;38948.98;0.05;37001.53
SO02447;1;O07383;20260710;2026-07-10;C0064;P042;S010;1;49518.96;0.05;47043.01
SO02448;1;O07384;20260626;2026-06-26;C0464;P027;S032;1;22538.23;0;22538.23
SO02448;2;O07384;20260626;2026-06-26;C0464;P049;S032;1;17934.92;0.05;17038.17
SO02449;1;O07387;20260715;2026-07-15;C0018;P018;S019;1;91234.36;0.08;83935.61
SO02450;1;O07388;20260719;2026-07-19;C0026;P013;S029;1;77176.11;0.08;71002.02
SO02451;1;O07389;20260629;2026-06-29;C0028;P018;S028;1;58630.43;0;58630.43
SO02451;2;O07389;20260629;2026-06-29;C0028;P034;S028;1;93642.05;0.05;88959.95
SO02452;1;O07393;20260723;2026-07-23;C0689;P027;S030;1;23965.18;0;23965.18
SO02452;2;O07393;20260723;2026-07-23;C0689;P045;S030;1;30306.17;0.05;28790.86
SO02453;1;O07399;20260625;2026-06-25;C0005;P049;S003;1;108536.46;0.05;113420.6
SO02453;2;O07399;20260625;2026-06-25;C0005;P049;S003;1;144960.01;0.08;146699.53
SO02454;1;O07400;20260719;2026-07-19;C0028;P012;S012;1;55092.84;0.03;53440.05
SO02454;2;O07400;20260719;2026-07-19;C0028;P041;S012;1;66448.72;0.12;58474.87
SO02455;1;O07401;20260701;2026-07-01;C0175;P021;S015;1;25936.73;0;25936.73
SO02456;1;O07402;20260701;2026-07-01;C0058;P015;S032;1;121529.0;0.05;115452.55
SO02456;2;O07402;20260701;2026-07-01;C0058;P005;S032;1;96731.02;0;96731.02
SO02456;3;O07402;20260701;2026-07-01;C0058;P027;S032;1;105972.59;0.08;97494.78
SO02457;1;O07403;20260712;2026-07-12;C0297;P018;S008;1;34689.4;0.03;33648.72
SO02457;2;O07403;20260712;2026-07-12;C0297;P031;S008;3;18052.12;0.05;51448.53
SO02458;1;O07404;20260705;2026-07-05;C0238;P026;S022;1;44471.57;0.03;47451.16
SO02459;1;O07412;20260701;2026-07-01;C0005;P028;S016;1;282905.8;0.05;268760.51
SO02460;1;O07413;20260702;2026-07-02;C0700;P011;S014;1;9662.0;0.03;10309.36
SO02461;1;O07418;20260716;2026-07-16;C0504;P022;S035;1;14742.58;0;14742.58
SO02461;2;O07418;20260716;2026-07-16;C0504;P046;S035;1;11543.41;0.03;11197.1
SO02461;3;O07418;20260716;2026-07-16;C0504;P007;S035;1;22274.76;0.05;21161.03
SO02462;1;O07419;20260722;2026-07-22;C0022;P048;S036;1;63283.59;0.03;61385.08
SO02463;1;O07422;20260717;2026-07-17;C0518;P033;S011;1;14045.27;0.08;12921.65
SO02464;1;O07425;20260716;2026-07-16;C0011;P002;S009;1;141580.12;0.03;137332.71
SO02464;2;O07425;20260716;2026-07-16;C0011;P045;S009;1;182310.15;0.08;167725.34
SO02465;1;O07427;20260621;2026-06-21;C0254;P033;S011;1;15602.73;0.05;14822.59
SO02465;2;O07427;20260621;2026-06-21;C0254;P045;S011;1;40105.97;0.03;38902.79
SO02466;1;O07428;20260625;2026-06-25;C0308;P010;S033;1;26923.65;0.03;26115.95
SO02467;1;O07429;20260714;2026-07-14;C0027;P049;S007;1;60413.99;0;66455.39
SO02468;1;O07432;20260721;2026-07-21;C0050;P015;S033;1;178203.07;0.12;156818.7
SO02469;1;O07433;20260710;2026-07-10;C0186;P021;S014;1;24725.08;0.05;25837.71
SO02470;1;O07435;20260716;2026-07-16;C0136;P019;S015;3;19805.79;0;59417.37
SO02471;1;O07436;20260706;2026-07-06;C0627;P018;S005;1;15277.87;0.08;14055.64
SO02472;1;O07438;20260701;2026-07-01;C0071;P018;S009;1;52856.87;0.05;50214.02
SO02473;1;O07441;20260717;2026-07-17;C0035;P046;S037;1;42456.94;0;42456.94
SO02474;1;O07443;20260702;2026-07-02;C0082;P009;S022;1;97924.34;0.05;102330.93
SO02475;1;O07457;20260715;2026-07-15;C0525;P027;S038;1;25699.18;0.03;24928.2
SO02476;1;O07473;20260625;2026-06-25;C0016;P018;S003;1;93818.21;0.08;94944.03
SO02477;1;O07474;20260720;2026-07-20;C0695;P026;S017;1;14880.3;0.03;14433.89
SO02477;2;O07474;20260720;2026-07-20;C0695;P048;S017;1;14431.73;0;14431.73
SO02478;1;O07475;20260709;2026-07-09;C0574;P016;S022;1;14591.63;0.08;14766.73
SO02479;1;O07476;20260709;2026-07-09;C0033;P014;S022;1;62777.27;0.03;66983.35
SO02480;1;O07480;20260711;2026-07-11;C0031;P045;S022;1;87119.46;0.08;88164.89
SO02481;1;O07485;20260708;2026-07-08;C0011;P040;S011;1;80397.66;0.12;70749.94
SO02481;2;O07485;20260708;2026-07-08;C0011;P046;S011;1;62877.33;0.05;59733.46
SO02482;1;O07487;20260717;2026-07-17;C0031;P015;S024;1;123963.56;0;123963.56
SO02483;1;O07491;20260705;2026-07-05;C0385;P009;S032;1;32620.94;0.03;31642.31
SO02484;1;O07492;20260709;2026-07-09;C0500;P034;S038;1;19124.5;0.03;18550.76
SO02484;2;O07492;20260709;2026-07-09;C0500;P042;S038;1;20228.37;0;20228.37
SO02485;1;O07493;20260614;2026-06-14;C0665;P039;S014;3;6187.4;0.08;18784.95
SO02485;2;O07493;20260614;2026-06-14;C0665;P007;S014;1;27596.48;0.05;28838.32
SO02486;1;O07494;20260719;2026-07-19;C0018;P027;S034;1;131345.46;0;131345.46
SO02486;2;O07494;20260719;2026-07-19;C0018;P015;S034;1;150730.54;0.05;143194.01
SO02487;1;O07495;20260711;2026-07-11;C0459;P015;S015;1;38289.51;0.03;37140.83
SO02488;1;O07496;20260705;2026-07-05;C0218;P031;S014;2;14992.0;0.03;31992.94
SO02488;2;O07496;20260705;2026-07-05;C0218;P045;S014;1;43373.98;0.03;46280.03
SO02489;1;O07498;20260703;2026-07-03;C0060;P018;S034;1;55032.72;0.05;52281.08
SO02490;1;O07499;20260624;2026-06-24;C0022;P015;S022;1;133998.06;0.05;140027.98
SO02491;1;O07504;20260727;2026-07-27;C0001;P013;S029;1;163886.9;0.05;155692.55
SO02492;1;O07505;20260728;2026-07-28;C0160;P008;S015;1;77386.79;0.12;68100.38
SO02493;1;O07514;20260712;2026-07-12;C0639;P035;S033;1;34108.92;0.05;32403.48
SO02494;1;O07515;20260725;2026-07-25;C0013;P002;S001;1;127773.94;0.08;117552.02
SO02495;1;O07520;20260630;2026-06-30;C0014;P039;S004;3;40762.31;0.08;112503.98
SO02496;1;O07522;20260701;2026-07-01;C0016;P021;S020;1;90223.08;0.12;79396.31
SO02496;2;O07522;20260701;2026-07-01;C0016;P038;S020;2;34033.32;0.03;66024.63
SO02497;1;O07525;20260716;2026-07-16;C0299;P013;S013;1;38691.41;0.08;35596.1
SO02498;1;O07533;20260710;2026-07-10;C0189;P009;S030;1;55938.87;0.03;54260.7
SO02498;2;O07533;20260710;2026-07-10;C0189;P009;S030;1;60201.92;0.03;58395.87
SO02499;1;O07534;20260623;2026-06-23;C0163;P043;S015;3;19051.11;0.08;52581.07
SO02500;1;O07540;20260708;2026-07-08;C0415;P016;S023;1;14304.55;0.08;13160.19
SO02501;1;O07542;20260718;2026-07-18;C0070;P012;S025;1;65946.79;0.03;63968.38
SO02502;1;O07543;20260721;2026-07-21;C0061;P028;S014;1;150485.84;0.03;160568.39
SO02503;1;O07544;20260721;2026-07-21;C0249;P041;S022;1;16871.99;0;18559.19
SO02504;1;O07545;20260711;2026-07-11;C0016;P026;S020;1;134824.97;0.05;128083.72
SO02504;2;O07545;20260711;2026-07-11;C0016;P008;S020;1;226125.31;0;226125.31
SO02504;3;O07545;20260711;2026-07-11;C0016;P044;S020;3;46908.55;0;140725.66
SO02505;1;O07550;20260724;2026-07-24;C0004;P022;S019;1;76513.59;0.08;70392.5
SO02505;2;O07550;20260724;2026-07-24;C0004;P041;S019;1;86263.86;0.03;83675.95
SO02506;1;O07554;20260627;2026-06-27;C0013;P026;S003;1;113331.29;0.03;120924.48
SO02507;1;O07561;20260626;2026-06-26;C0002;P015;S025;1;222755.45;0;222755.45
SO02508;1;O07564;20260708;2026-07-08;C0074;P027;S014;1;76809.52;0.05;80265.95
SO02509;1;O07576;20260714;2026-07-14;C0066;P036;S029;1;66349.06;0.03;64358.58
SO02509;2;O07576;20260714;2026-07-14;C0066;P025;S029;1;32395.45;0;32395.45
SO02510;1;O07579;20260713;2026-07-13;C0238;P022;S011;1;34818.15;0;34818.15
SO02510;2;O07579;20260713;2026-07-13;C0238;P046;S011;1;21435.16;0.03;20792.11
SO02511;1;O07580;20260630;2026-06-30;C0320;P027;S033;1;28863.08;0.08;26554.04
SO02512;1;O07584;20260727;2026-07-27;C0641;P035;S022;1;24577.58;0.08;24872.51
SO02512;2;O07584;20260727;2026-07-27;C0641;P027;S022;1;14752.39;0.03;15740.8
SO02513;1;O07587;20260629;2026-06-29;C0233;P041;S022;1;21598.06;0;23757.87
SO02514;1;O07591;20260714;2026-07-14;C0193;P016;S039;1;18404.08;0.08;16931.76
SO02514;2;O07591;20260714;2026-07-14;C0193;P037;S039;3;7679.95;0.03;22348.66
SO02515;1;O07592;20260621;2026-06-21;C0493;P036;S026;1;31067.81;0.05;29514.42
SO02516;1;O07596;20260621;2026-06-21;C0497;P050;S038;2;6947.21;0.05;13199.7
SO02516;2;O07596;20260621;2026-06-21;C0497;P016;S038;1;11145.39;0.05;10588.12
SO02517;1;O07598;20260703;2026-07-03;C0323;P029;S030;1;20269.06;0.03;19660.99
SO02518;1;O07600;20260713;2026-07-13;C0537;P014;S035;1;19685.81;0;19685.81
SO02519;1;O07601;20260718;2026-07-18;C0036;P013;S036;1;85188.55;0.08;78373.46
SO02519;2;O07601;20260718;2026-07-18;C0036;P050;S036;1;29272.92;0.08;26931.09
SO02519;3;O07601;20260718;2026-07-18;C0036;P023;S036;1;115380.47;0.03;111919.05
SO02520;1;O07602;20260628;2026-06-28;C0128;P033;S028;1;22892.33;0;22892.33
SO02520;2;O07602;20260628;2026-06-28;C0128;P041;S028;1;36447.71;0;36447.71
SO02521;1;O07604;20260617;2026-06-17;C0211;P004;S023;1;39285.83;0.05;37321.54
SO02522;1;O07606;20260717;2026-07-17;C0296;P015;S003;1;77541.63;0.05;81031.0
SO02523;1;O07613;20260717;2026-07-17;C0425;P045;S015;1;37390.69;0.08;34399.44
SO02523;2;O07613;20260717;2026-07-17;C0425;P048;S015;1;21638.86;0.03;20989.69
SO02523;3;O07613;20260717;2026-07-17;C0425;P044;S015;1;6648.93;0;6648.93
SO02524;1;O07614;20260706;2026-07-06;C0425;P048;S026;1;19786.12;0.08;18203.23
SO02525;1;O07615;20260704;2026-07-04;C0006;P031;S012;3;47292.68;0.03;137621.69
SO02526;1;O07620;20260723;2026-07-23;C0026;P018;S033;1;41632.65;0;41632.65
SO02527;1;O07621;20260626;2026-06-26;C0239;P013;S022;1;31878.32;0.05;33312.84
SO02527;2;O07621;20260626;2026-06-26;C0239;P028;S022;1;56787.16;0.05;59342.58
SO02528;1;O07647;20260626;2026-06-26;C0004;P034;S011;1;93641.41;0.08;86150.1
SO02529;1;O07649;20260629;2026-06-29;C0014;P002;S015;1;161495.66;0.05;153420.88
SO02530;1;O07652;20260703;2026-07-03;C0061;P049;S023;1;70437.16;0.03;68324.05
SO02531;1;O07653;20260703;2026-07-03;C0158;P029;S037;1;23539.43;0.05;22362.46
SO02532;1;O07654;20260713;2026-07-13;C0041;P044;S012;1;16327.58;0.08;15021.37
SO02533;1;O07655;20260714;2026-07-14;C0135;P022;S016;1;19861.43;0.08;18272.51
SO02534;1;O07656;20260715;2026-07-15;C0278;P001;S010;1;32027.56;0.12;28184.25
SO02535;1;O07657;20260625;2026-06-25;C0335;P013;S024;1;27990.21;0.05;26590.69
SO02535;2;O07657;20260625;2026-06-25;C0335;P045;S024;1;37741.65;0.05;35854.56
SO02536;1;O07659;20260714;2026-07-14;C0069;P018;S002;1;41111.45;0.08;37822.53
SO02536;2;O07659;20260714;2026-07-14;C0069;P013;S002;1;61036.7;0;61036.7
SO02537;1;O07660;20260702;2026-07-02;C0623;P027;S007;1;23351.65;0.08;23631.87
SO02538;1;O07663;20260625;2026-06-25;C0322;P038;S007;2;2928.36;0.05;6120.27
SO02539;1;O07666;20260723;2026-07-23;C0222;P049;S007;1;23768.3;0.12;23007.71
SO02540;1;O07670;20260717;2026-07-17;C0096;P030;S039;1;22382.74;0.08;20592.12
SO02541;1;O07671;20260628;2026-06-28;C0685;P030;S011;1;10910.73;0.08;10037.87
SO02541;2;O07671;20260628;2026-06-28;C0685;P005;S011;1;41450.76;0.08;38134.7
SO02542;1;O07672;20260715;2026-07-15;C0033;P013;S022;1;108460.11;0.12;104989.39
SO02542;2;O07672;20260715;2026-07-15;C0033;P020;S022;1;71464.9;0.03;76253.05
SO02543;1;O07673;20260619;2026-06-19;C0277;P043;S035;1;18801.37;0;18801.37
SO02544;1;O07678;20260706;2026-07-06;C0553;P023;S025;1;39137.09;0.05;37180.24
SO02545;1;O07680;20260705;2026-07-05;C0112;P010;S029;1;48016.6;0.05;45615.77
SO02546;1;O07682;20260628;2026-06-28;C0053;P015;S030;1;74377.03;0;74377.03
SO02546;2;O07682;20260628;2026-06-28;C0053;P048;S030;1;52766.65;0.05;50128.32
SO02546;3;O07682;20260628;2026-06-28;C0053;P041;S030;1;45810.83;0.08;42145.96
SO02547;1;O07685;20260715;2026-07-15;C0692;P003;S023;1;7219.04;0.05;6858.09
SO02548;1;O07686;20260729;2026-07-29;C0049;P048;S010;1;40457.56;0;40457.56
SO02549;1;O07696;20260701;2026-07-01;C0053;P034;S029;1;62757.79;0.03;60875.05
SO02549;2;O07696;20260701;2026-07-01;C0053;P016;S029;1;35264.76;0.03;34206.81
SO02550;1;O07698;20260713;2026-07-13;C0043;P049;S006;1;93226.04;0;93226.04
SO02550;2;O07698;20260713;2026-07-13;C0043;P048;S006;1;69915.43;0.03;67817.96
SO02551;1;O07704;20260723;2026-07-23;C0630;P005;S034;1;26417.44;0.05;25096.57
SO02551;2;O07704;20260723;2026-07-23;C0630;P044;S034;2;6559.93;0.05;12463.88
SO02552;1;O07706;20260802;2026-08-02;C0217;P023;S016;1;53538.64;0.12;47114.0
SO02553;1;O07709;20260818;2026-08-18;C0287;P027;S023;1;39295.22;0.12;34579.79
SO02553;2;O07709;20260818;2026-08-18;C0287;P010;S023;1;68015.53;0;68015.53
SO02553;3;O07709;20260818;2026-08-18;C0287;P013;S023;1;63328.73;0;63328.73
SO02554;1;O07711;20260727;2026-07-27;C0325;P027;S035;1;24465.84;0.05;23242.55
SO02554;2;O07711;20260727;2026-07-27;C0325;P030;S035;1;13792.27;0.03;13378.51
SO02554;3;O07711;20260727;2026-07-27;C0325;P047;S035;1;20459.89;0.03;19846.09
SO02555;1;O07713;20260820;2026-08-20;C0376;P045;S003;1;32000.11;0.12;30976.1
SO02555;2;O07713;20260820;2026-08-20;C0376;P035;S003;1;34879.01;0.05;36448.56
SO02556;1;O07722;20260807;2026-08-07;C0494;P016;S013;1;7368.81;0.08;6779.3
SO02557;1;O07727;20260725;2026-07-25;C0010;P029;S009;1;132100.92;0;132100.92
SO02558;1;O07732;20260803;2026-08-03;C0514;P030;S005;1;10999.46;0.12;9679.52
SO02558;2;O07732;20260803;2026-08-03;C0514;P049;S005;1;18276.56;0.08;16814.44
SO02559;1;O07733;20260819;2026-08-19;C0038;P016;S022;1;34552.98;0;38008.28
SO02559;2;O07733;20260819;2026-08-19;C0038;P034;S022;1;57905.11;0.03;61784.75
SO02560;1;O07734;20260726;2026-07-26;C0200;P006;S026;1;54212.79;0.05;51502.15
SO02561;1;O07739;20260803;2026-08-03;C0002;P007;S022;1;204763.9;0.03;218483.08
SO02561;2;O07739;20260803;2026-08-03;C0002;P026;S022;1;97137.06;0.05;101508.22
SO02561;3;O07739;20260803;2026-08-03;C0002;P038;S022;1;24152.1;0.08;24441.93
SO02562;1;O07742;20260818;2026-08-18;C0142;P024;S002;1;21368.87;0;21368.87
SO02562;2;O07742;20260818;2026-08-18;C0142;P018;S002;1;37202.19;0.08;34226.01
SO02562;3;O07742;20260818;2026-08-18;C0142;P042;S002;1;39861.84;0.05;37868.75
SO02563;1;O07743;20260724;2026-07-24;C0065;P008;S040;1;193216.74;0.08;177759.4
SO02563;2;O07743;20260724;2026-07-24;C0065;P042;S040;1;81511.01;0.05;77435.46
SO02563;3;O07743;20260724;2026-07-24;C0065;P004;S040;1;77902.94;0.03;75565.85
SO02564;1;O07744;20260817;2026-08-17;C0396;P027;S032;1;23121.13;0.08;21271.44
SO02565;1;O07750;20260731;2026-07-31;C0433;P028;S022;1;37884.55;0.03;40422.82
SO02565;2;O07750;20260731;2026-07-31;C0433;P033;S022;1;8726.47;0.08;8831.19
SO02565;3;O07750;20260731;2026-07-31;C0433;P023;S022;1;19120.06;0.05;19980.46
SO02566;1;O07755;20260802;2026-08-02;C0047;P008;S030;1;191171.05;0.03;185435.92
SO02567;1;O07760;20260805;2026-08-05;C0302;P012;S028;1;10807.92;0.12;9510.97
SO02568;1;O07761;20260802;2026-08-02;C0069;P019;S019;3;28446.3;0.03;82778.72
SO02568;2;O07761;20260802;2026-08-02;C0069;P046;S019;1;39473.3;0;39473.3
SO02569;1;O07774;20260730;2026-07-30;C0318;P017;S022;1;39815.58;0.05;41607.28
SO02570;1;O07776;20260822;2026-08-22;C0162;P017;S015;1;70197.86;0;70197.86
SO02570;2;O07776;20260822;2026-08-22;C0162;P043;S015;3;12665.05;0.03;36855.28
SO02571;1;O07778;20260731;2026-07-31;C0121;P013;S013;1;33658.95;0.08;30966.23
SO02572;1;O07781;20260817;2026-08-17;C0107;P027;S012;1;37153.39;0.03;36038.79
SO02573;1;O07782;20260820;2026-08-20;C0402;P011;S033;1;10479.66;0.05;9955.68
SO02574;1;O07786;20260808;2026-08-08;C0078;P025;S038;1;32658.56;0;32658.56
SO02575;1;O07789;20260809;2026-08-09;C0033;P011;S010;1;46239.7;0;46239.7
SO02576;1;O07791;20260814;2026-08-14;C0046;P011;S025;1;49914.31;0.05;47418.59
SO02577;1;O07797;20260720;2026-07-20;C0666;P016;S027;1;13692.47;0.03;13281.69
SO02577;2;O07797;20260720;2026-07-20;C0666;P029;S027;1;20667.08;0;20667.08
SO02578;1;O07801;20260811;2026-08-11;C0244;P046;S008;1;26822.44;0.03;26017.77
SO02579;1;O07803;20260824;2026-08-24;C0420;P026;S015;1;24729.99;0.05;23493.49
SO02580;1;O07811;20260812;2026-08-12;C0059;P014;S031;1;71546.52;0;71546.52
SO02581;1;O07813;20260814;2026-08-14;C0128;P035;S030;1;85227.84;0.08;78409.61
SO02582;1;O07814;20260815;2026-08-15;C0567;P043;S015;1;9358.8;0.12;8235.75
SO02583;1;O07815;20260819;2026-08-19;C0026;P044;S030;2;18042.43;0.05;34280.63
SO02584;1;O07816;20260801;2026-08-01;C0088;P005;S014;1;129127.0;0.12;124994.94
SO02584;2;O07816;20260801;2026-08-01;C0088;P049;S014;1;77186.32;0;84904.95
SO02584;3;O07816;20260801;2026-08-01;C0088;P049;S014;1;54591.55;0.08;55246.65
SO02585;1;O07818;20260819;2026-08-19;C0330;P037;S025;2;3235.75;0.12;5694.91
SO02585;2;O07818;20260819;2026-08-19;C0330;P045;S025;1;23641.02;0.08;21749.74
SO02585;3;O07818;20260819;2026-08-19;C0330;P046;S025;1;15974.32;0.08;14696.38
SO02586;1;O07819;20260727;2026-07-27;C0553;P012;S009;1;18034.29;0.03;17493.26
SO02586;2;O07819;20260727;2026-07-27;C0553;P044;S009;2;7659.93;0.03;14860.26
SO02587;1;O07821;20260809;2026-08-09;C0018;P018;S023;1;89040.26;0;89040.26
SO02588;1;O07825;20260811;2026-08-11;C0003;P014;S029;1;128286.67;0.03;124438.07
SO02589;1;O07827;20260801;2026-08-01;C0159;P013;S023;1;31569.71;0.08;29044.14
SO02590;1;O07833;20260725;2026-07-25;C0574;P039;S022;2;5454.51;0.03;11639.93
SO02591;1;O07836;20260805;2026-08-05;C0043;P026;S007;1;87102.29;0.03;92938.15
SO02592;1;O07838;20260807;2026-08-07;C0107;P039;S014;3;11095.24;0.12;32220.58
SO02593;1;O07839;20260730;2026-07-30;C0411;P012;S004;1;17307.96;0;17307.96
SO02593;2;O07839;20260730;2026-07-30;C0411;P037;S004;1;3047.6;0.05;2895.22
SO02593;3;O07839;20260730;2026-07-30;C0411;P047;S004;1;16374.39;0.05;15555.67
SO02594;1;O07840;20260810;2026-08-10;C0230;P007;S032;1;41634.97;0;41634.97
SO02594;2;O07840;20260810;2026-08-10;C0230;P045;S032;1;39203.92;0.08;36067.61
SO02595;1;O07841;20260822;2026-08-22;C0183;P005;S038;1;39476.07;0;39476.07
SO02595;2;O07841;20260822;2026-08-22;C0183;P047;S038;1;35578.96;0;35578.96
SO02595;3;O07841;20260822;2026-08-22;C0183;P049;S038;1;39969.67;0.12;35173.31
SO02596;1;O07844;20260811;2026-08-11;C0065;P015;S039;1;121512.85;0.03;117867.47
SO02596;2;O07844;20260811;2026-08-11;C0065;P044;S039;1;24642.54;0.05;23410.41
SO02597;1;O07848;20260802;2026-08-02;C0004;P005;S005;1;161953.79;0.05;153856.1
SO02597;2;O07848;20260802;2026-08-02;C0004;P038;S005;3;26899.13;0.05;76662.52
SO02597;3;O07848;20260802;2026-08-02;C0004;P045;S005;1;127873.88;0.05;121480.18
SO02598;1;O07853;20260811;2026-08-11;C0034;P036;S022;1;60609.14;0.08;61336.45
SO02599;1;O07855;20260811;2026-08-11;C0616;P009;S021;1;43968.28;0.08;40450.81
SO02600;1;O07856;20260728;2026-07-28;C0002;P018;S025;1;83342.14;0;83342.14
SO02600;2;O07856;20260728;2026-07-28;C0002;P007;S025;1;143380.45;0.08;131910.01
SO02601;1;O07857;20260810;2026-08-10;C0142;P014;S005;1;35728.18;0.08;32869.93
SO02601;2;O07857;20260810;2026-08-10;C0142;P017;S005;1;74586.62;0.03;72349.02
SO02601;3;O07857;20260810;2026-08-10;C0142;P048;S005;1;29800.45;0.03;28906.44
SO02602;1;O07863;20260814;2026-08-14;C0329;P017;S027;1;44418.31;0.12;39088.11
SO02603;1;O07865;20260825;2026-08-25;C0378;P033;S027;1;11986.64;0;11986.64
SO02603;2;O07865;20260825;2026-08-25;C0378;P024;S027;1;15324.12;0.05;14557.91
SO02604;1;O07874;20260803;2026-08-03;C0155;P025;S025;1;22973.18;0.03;22283.99
SO02604;2;O07874;20260803;2026-08-03;C0155;P033;S025;1;27226.3;0.05;25864.98
SO02605;1;O07876;20260814;2026-08-14;C0261;P011;S014;1;16996.99;0;18696.69
SO02605;2;O07876;20260814;2026-08-14;C0261;P030;S014;1;22375.37;0.05;23382.26
SO02606;1;O07879;20260727;2026-07-27;C0585;P031;S022;2;5076.1;0.08;10274.03
SO02606;2;O07879;20260727;2026-07-27;C0585;P025;S022;1;9873.69;0.12;9557.74
SO02606;3;O07879;20260727;2026-07-27;C0585;P048;S022;1;11453.89;0;12599.28
SO02607;1;O07885;20260809;2026-08-09;C0186;P017;S010;1;64729.9;0.03;62788.0
SO02608;1;O07886;20260808;2026-08-08;C0115;P037;S002;3;5759.55;0.03;16760.3
SO02608;2;O07886;20260808;2026-08-08;C0115;P041;S002;1;22759.49;0.08;20938.73
SO02609;1;O07888;20260831;2026-08-31;C0334;P049;S022;1;22811.87;0.08;23085.62
SO02609;2;O07888;20260831;2026-08-31;C0334;P042;S022;1;23086.96;0.12;22348.18
SO02610;1;O07891;20260802;2026-08-02;C0038;P029;S010;1;55423.78;0;55423.78
SO02611;1;O07892;20260808;2026-08-08;C0214;P013;S008;1;44044.38;0.12;38759.05
SO02611;2;O07892;20260808;2026-08-08;C0214;P048;S008;1;21090.95;0.03;20458.22
SO02612;1;O07893;20260802;2026-08-02;C0060;P020;S030;1;68893.55;0.03;66826.74
SO02613;1;O07898;20260729;2026-07-29;C0099;P045;S020;1;42943.84;0.03;41655.52
SO02614;1;O07901;20260813;2026-08-13;C0629;P013;S040;1;27212.48;0.08;25035.48
SO02615;1;O07902;20260720;2026-07-20;C0126;P025;S025;1;25465.99;0.05;24192.69
SO02616;1;O07907;20260823;2026-08-23;C0530;P045;S021;1;29664.0;0.05;28180.8
SO02617;1;O07910;20260818;2026-08-18;C0693;P002;S014;1;23649.79;0.03;25234.33
SO02618;1;O07913;20260820;2026-08-20;C0257;P034;S004;1;26167.73;0;26167.73
SO02618;2;O07913;20260820;2026-08-20;C0257;P019;S004;1;17287.36;0.03;16768.74
SO02618;3;O07913;20260820;2026-08-20;C0257;P004;S004;1;33987.98;0.03;32968.34
SO02619;1;O07916;20260817;2026-08-17;C0022;P001;S010;1;58185.07;0;58185.07
SO02620;1;O07918;20260822;2026-08-22;C0037;P014;S003;1;58873.48;0.05;61522.78
SO02620;2;O07918;20260822;2026-08-22;C0037;P023;S003;1;86349.19;0.05;90234.9
SO02620;3;O07918;20260822;2026-08-22;C0037;P049;S003;1;60273.54;0.03;64311.86
SO02621;1;O07921;20260818;2026-08-18;C0216;P002;S020;1;42593.95;0.05;40464.25
SO02622;1;O07927;20260807;2026-08-07;C0094;P037;S040;1;4901.99;0.03;4754.94
SO02622;2;O07927;20260807;2026-08-07;C0094;P043;S040;2;15138.19;0;30276.38
SO02622;3;O07927;20260807;2026-08-07;C0094;P037;S040;1;4120.22;0;4120.22
SO02623;1;O07929;20260811;2026-08-11;C0076;P049;S038;1;43484.58;0;43484.58
SO02624;1;O07933;20260810;2026-08-10;C0245;P035;S029;1;39048.35;0.05;37095.94
SO02624;2;O07933;20260810;2026-08-10;C0245;P042;S029;1;33429.08;0.08;30754.75
SO02624;3;O07933;20260810;2026-08-10;C0245;P006;S029;1;41104.7;0;41104.7
SO02625;1;O07942;20260806;2026-08-06;C0065;P015;S040;1;129631.51;0.08;119260.99
SO02626;1;O07946;20260815;2026-08-15;C0664;P003;S009;1;10577.77;0.08;9731.55
SO02627;1;O07955;20260811;2026-08-11;C0118;P019;S009;2;18644.81;0.05;35425.13
SO02628;1;O07959;20260802;2026-08-02;C0228;P001;S014;1;35999.73;0.03;38411.71
SO02628;2;O07959;20260802;2026-08-02;C0228;P010;S014;1;61468.22;0.12;59501.24
SO02629;1;O07961;20260815;2026-08-15;C0620;P003;S017;1;10500.47;0;10500.47
SO02629;2;O07961;20260815;2026-08-15;C0620;P047;S017;1;20256.33;0.08;18635.82
SO02630;1;O07969;20260819;2026-08-19;C0595;P016;S039;1;9257.46;0.12;8146.56
SO02631;1;O07970;20260820;2026-08-20;C0028;P007;S022;1;115057.3;0.03;122766.14
SO02632;1;O07971;20260728;2026-07-28;C0071;P022;S028;1;37220.03;0.05;35359.03
SO02633;1;O07977;20260813;2026-08-13;C0148;P018;S036;1;21972.65;0.08;20214.84
SO02634;1;O07980;20260813;2026-08-13;C0019;P018;S008;1;100267.8;0.03;97259.77
SO02634;2;O07980;20260813;2026-08-13;C0019;P048;S008;1;87753.46;0;87753.46
SO02635;1;O07982;20260814;2026-08-14;C0243;P044;S007;2;12286.54;0.05;25678.88
SO02635;2;O07982;20260814;2026-08-14;C0243;P047;S007;1;45444.55;0;49989.01
SO02635;3;O07982;20260814;2026-08-14;C0243;P028;S007;1;112345.34;0;123579.88
SO02636;1;O07984;20260801;2026-08-01;C0116;P029;S022;1;32981.95;0.05;34466.14
SO02637;1;O07985;20260804;2026-08-04;C0256;P023;S026;1;64127.58;0;64127.58
SO02638;1;O07995;20260818;2026-08-18;C0215;P013;S007;1;57806.89;0.03;61679.95
SO02639;1;O07998;20260817;2026-08-17;C0012;P020;S029;1;115749.11;0;115749.11
SO02640;1;O07999;20260719;2026-07-19;C0247;P011;S039;1;17232.51;0.03;16715.54
SO02640;2;O07999;20260719;2026-07-19;C0247;P048;S039;1;23419.03;0.05;22248.08
SO02641;1;O08004;20260730;2026-07-30;C0372;P049;S017;1;16477.69;0.08;15159.47
SO02642;1;O08007;20260823;2026-08-23;C0055;P048;S014;1;65466.12;0.03;69852.35
SO02643;1;O08011;20260826;2026-08-26;C0056;P021;S022;1;73489.38;0.05;76796.4
SO02644;1;O08013;20260824;2026-08-24;C0150;P022;S039;1;27070.64;0;27070.64
SO02645;1;O08018;20260810;2026-08-10;C0069;P009;S002;1;93663.74;0.08;86170.64
SO02646;1;O08022;20260809;2026-08-09;C0025;P016;S002;1;45262.52;0.05;42999.39
SO02647;1;O08024;20260728;2026-07-28;C0648;P012;S018;1;20033.36;0.03;19432.36
SO02648;1;O08031;20260817;2026-08-17;C0697;P049;S021;1;16270.45;0.05;15456.92
SO02649;1;O08033;20260817;2026-08-17;C0340;P033;S025;1;15062.84;0.03;14610.95
SO02649;2;O08033;20260817;2026-08-17;C0340;P043;S025;2;9046.61;0.03;17550.43
SO02650;1;O08035;20260807;2026-08-07;C0089;P017;S040;1;156923.04;0.03;152215.35
SO02651;1;O08036;20260807;2026-08-07;C0058;P046;S026;1;42054.94;0.05;39952.19
SO02652;1;O08045;20260726;2026-07-26;C0298;P004;S007;1;41469.04;0;45615.94
SO02653;1;O08051;20260730;2026-07-30;C0019;P030;S012;1;52077.14;0;52077.14
SO02653;2;O08051;20260730;2026-07-30;C0019;P020;S012;1;160593.46;0.03;155775.66
SO02654;1;O08057;20260815;2026-08-15;C0058;P003;S022;1;49639.07;0.05;51872.83
SO02654;2;O08057;20260815;2026-08-15;C0058;P024;S022;1;45637.88;0;50201.66
SO02655;1;O08058;20260726;2026-07-26;C0111;P003;S033;1;18661.72;0.08;17168.79
SO02656;1;O08065;20260807;2026-08-07;C0631;P028;S038;1;34229.96;0;34229.96
SO02656;2;O08065;20260807;2026-08-07;C0631;P020;S038;1;13240.09;0;13240.09
SO02657;1;O08069;20260815;2026-08-15;C0113;P014;S029;1;32344.44;0.08;29756.88
SO02658;1;O08071;20260721;2026-07-21;C0690;P030;S009;1;9178.84;0.03;8903.48
SO02659;1;O08075;20260730;2026-07-30;C0006;P040;S028;1;90502.14;0;90502.14
SO02659;2;O08075;20260730;2026-07-30;C0006;P025;S028;1;74785.22;0.05;71045.96
SO02659;3;O08075;20260730;2026-07-30;C0006;P041;S028;1;71638.66;0;71638.66
SO02660;1;O08077;20260808;2026-08-08;C0171;P042;S038;1;33206.12;0;33206.12
SO02660;2;O08077;20260808;2026-08-08;C0171;P041;S038;1;34455.05;0;34455.05
SO02661;1;O08078;20260825;2026-08-25;C0010;P047;S038;1;109262.64;0.03;105984.76
SO02662;1;O08081;20260810;2026-08-10;C0003;P047;S038;1;112972.95;0.08;103935.11
SO02663;1;O08085;20260821;2026-08-21;C0589;P027;S022;1;27508.65;0;30259.52
SO02664;1;O08089;20260803;2026-08-03;C0227;P017;S019;1;96516.03;0.08;88794.74
SO02664;2;O08089;20260803;2026-08-03;C0227;P046;S019;1;25431.82;0.08;23397.27
SO02665;1;O08092;20260729;2026-07-29;C0158;P034;S020;1;21395.63;0.05;20325.85
SO02665;2;O08092;20260729;2026-07-29;C0158;P043;S020;3;14741.78;0.08;40687.3
SO02665;3;O08092;20260729;2026-07-29;C0158;P009;S020;1;49123.12;0;49123.12
SO02666;1;O08097;20260823;2026-08-23;C0018;P045;S033;1;182983.14;0.05;173833.98
SO02667;1;O08099;20260803;2026-08-03;C0032;P027;S038;1;65793.43;0.03;63819.63
SO02668;1;O08103;20260815;2026-08-15;C0185;P043;S001;1;21091.72;0.03;20458.96
SO02668;2;O08103;20260815;2026-08-15;C0185;P041;S001;1;35063.76;0.03;34011.85
SO02669;1;O08109;20260723;2026-07-23;C0006;P048;S009;1;95113.38;0.05;90357.72
SO02669;2;O08109;20260723;2026-07-23;C0006;P042;S009;1;106050.6;0;106050.6
SO02669;3;O08109;20260723;2026-07-23;C0006;P005;S009;1;148111.11;0.12;130337.78
SO02670;1;O08114;20260820;2026-08-20;C0009;P027;S008;1;110643.06;0.12;97365.89
SO02671;1;O08115;20260728;2026-07-28;C0168;P004;S030;1;31615.93;0.05;30035.13
SO02672;1;O08120;20260815;2026-08-15;C0058;P034;S011;1;67991.61;0;67991.61
SO02673;1;O08124;20260802;2026-08-02;C0125;P019;S005;2;21701.73;0.05;41233.28
SO02674;1;O08127;20260814;2026-08-14;C0226;P006;S026;1;83492.39;0;83492.39
SO02674;2;O08127;20260814;2026-08-14;C0226;P044;S026;2;10041.44;0.05;19078.74
SO02675;1;O08129;20260804;2026-08-04;C0005;P028;S016;1;299021.8;0.05;284070.71
SO02675;2;O08129;20260804;2026-08-04;C0005;P047;S016;1;87383.25;0.12;76897.26
SO02675;3;O08129;20260804;2026-08-04;C0005;P040;S016;1;81156.04;0.03;78721.35
SO02676;1;O08130;20260731;2026-07-31;C0022;P013;S027;1;101044.12;0.05;95991.92
SO02676;2;O08130;20260731;2026-07-31;C0022;P048;S027;1;48449.8;0.12;42635.82
SO02677;1;O08131;20260722;2026-07-22;C0015;P032;S035;3;43459.55;0.05;123859.71
SO02678;1;O08135;20260811;2026-08-11;C0116;P013;S009;1;45562.84;0.03;44195.95
SO02679;1;O08137;20260807;2026-08-07;C0262;P016;S001;1;24767.64;0.03;24024.61
SO02679;2;O08137;20260807;2026-08-07;C0262;P046;S001;1;26558.09;0;26558.09
SO02679;3;O08137;20260807;2026-08-07;C0262;P004;S001;1;43378.73;0.05;41209.8
SO02680;1;O08144;20260728;2026-07-28;C0058;P012;S026;1;60547.39;0.05;57520.02
SO02680;2;O08144;20260728;2026-07-28;C0058;P050;S026;3;21364.02;0.03;62169.31
SO02681;1;O08145;20260819;2026-08-19;C0218;P020;S023;1;28156.53;0.03;27311.84
SO02682;1;O08147;20260811;2026-08-11;C0628;P031;S002;1;7141.23;0.08;6569.93
SO02683;1;O08148;20260727;2026-07-27;C0635;P019;S005;2;11145.74;0.05;21176.9
SO02684;1;O08152;20260725;2026-07-25;C0193;P039;S026;1;10619.36;0.05;10088.4
SO02685;1;O08154;20260804;2026-08-04;C0207;P022;S009;1;38634.79;0.05;36703.06
SO02686;1;O08155;20260808;2026-08-08;C0620;P020;S015;1;24718.79;0.05;23482.85
SO02686;2;O08155;20260808;2026-08-08;C0620;P041;S015;1;19634.75;0.12;17278.58
SO02687;1;O08157;20260819;2026-08-19;C0153;P019;S030;2;12602.48;0.08;23188.56
SO02688;1;O08161;20260824;2026-08-24;C0069;P010;S002;1;86249.73;0.12;75899.77
SO02689;1;O08164;20260818;2026-08-18;C0022;P015;S008;1;160451.89;0.05;152429.3
SO02689;2;O08164;20260818;2026-08-18;C0022;P024;S008;1;64065.29;0.05;60862.03
SO02690;1;O08166;20260728;2026-07-28;C0261;P049;S014;1;32470.06;0.08;32859.7
SO02691;1;O08168;20260810;2026-08-10;C0265;P028;S004;1;51126.88;0.12;44991.65
SO02692;1;O08169;20260805;2026-08-05;C0056;P002;S022;1;82178.54;0.03;87684.51
SO02692;2;O08169;20260805;2026-08-05;C0056;P004;S022;1;103422.95;0;113765.24
SO02693;1;O08171;20260729;2026-07-29;C0247;P050;S036;2;9448.28;0.12;16628.98
SO02693;2;O08171;20260729;2026-07-29;C0247;P004;S036;1;31148.21;0;31148.21
SO02694;1;O08173;20260726;2026-07-26;C0261;P020;S014;1;33312.34;0.05;34811.4
SO02695;1;O08175;20260803;2026-08-03;C0519;P016;S022;1;11513.1;0.05;12031.19
SO02695;2;O08175;20260803;2026-08-03;C0519;P049;S022;1;19801.6;0.12;19167.95
SO02696;1;O08176;20260819;2026-08-19;C0001;P013;S014;1;180453.84;0.05;188574.27
SO02697;1;O08177;20260720;2026-07-20;C0042;P038;S037;3;15793.34;0;47380.02
SO02698;1;O08179;20260831;2026-08-31;C0068;P048;S014;1;59217.12;0;65138.84
SO02698;2;O08179;20260831;2026-08-31;C0068;P003;S014;1;38671.61;0.12;37434.12
SO02699;1;O08182;20260831;2026-08-31;C0245;P024;S029;1;16387.54;0.05;15568.17
SO02700;1;O08183;20260831;2026-08-31;C0258;P009;S025;1;60005.74;0.05;57005.45
SO02700;2;O08183;20260831;2026-08-31;C0258;P044;S025;2;13496.38;0.08;24833.33
SO02701;1;O08189;20260831;2026-08-31;C0217;P003;S018;1;21207.31;0.03;20571.09
SO02702;1;O08190;20260831;2026-08-31;C0238;P043;S009;1;15266.32;0.03;14808.33
SO02702;2;O08190;20260831;2026-08-31;C0238;P036;S009;1;39314.81;0.03;38135.37
SO02703;1;O08191;20260822;2026-08-22;C0292;P038;S013;2;5980.86;0;11961.72
SO02703;2;O08191;20260822;2026-08-22;C0292;P050;S013;3;13393.94;0.03;38976.38
SO02704;1;O08196;20260831;2026-08-31;C0078;P040;S039;1;49092.05;0.03;47619.29
SO02705;1;O08202;20260831;2026-08-31;C0057;P044;S014;3;21478.26;0.05;67334.35
SO02706;1;O08206;20260831;2026-08-31;C0129;P007;S009;1;56510.72;0.05;53685.18
SO02707;1;O08207;20260831;2026-08-31;C0015;P001;S036;1;130601.32;0.12;114929.16
SO02707;2;O08207;20260831;2026-08-31;C0015;P044;S036;3;48738.31;0.03;141828.49
SO02708;1;O08215;20260828;2026-08-28;C0211;P013;S011;1;62336.35;0.03;60466.26
SO02709;1;O08217;20260831;2026-08-31;C0055;P015;S028;1;163894.15;0.03;158977.33
SO02709;2;O08217;20260831;2026-08-31;C0055;P047;S028;1;69080.78;0.08;63554.32
SO02710;1;O08222;20260820;2026-08-20;C0419;P040;S004;1;15595.24;0.05;14815.48
SO02710;2;O08222;20260820;2026-08-20;C0419;P005;S004;1;32613.98;0.05;30983.28
SO02711;1;O08224;20260831;2026-08-31;C0283;P038;S007;3;6350.37;0;20956.21
SO02711;2;O08224;20260831;2026-08-31;C0283;P045;S007;1;65582.05;0.05;68533.24
SO02712;1;O08229;20260831;2026-08-31;C0690;P028;S010;1;32287.76;0.08;29704.74
SO02713;1;O08231;20260831;2026-08-31;C0234;P042;S007;1;38680.85;0.08;39145.02
SO02713;2;O08231;20260831;2026-08-31;C0234;P037;S007;3;4783.83;0;15786.62
SO02714;1;O08234;20260822;2026-08-22;C0204;P044;S013;1;10240.56;0.05;9728.53
SO02715;1;O08236;20260831;2026-08-31;C0049;P018;S014;1;43098.89;0.05;45038.34
SO02716;1;O08251;20260831;2026-08-31;C0475;P045;S022;1;21970.0;0.03;23441.99
SO02717;1;O08260;20260831;2026-08-31;C0040;P022;S007;1;52821.6;0;58103.76
SO02718;1;O08264;20260831;2026-08-31;C0139;P007;S039;1;25529.93;0.05;24253.44
SO02718;2;O08264;20260831;2026-08-31;C0139;P046;S039;1;20367.97;0.05;19349.57
SO02719;1;O08279;20260831;2026-08-31;C0287;P033;S023;1;29091.36;0.03;28218.62
SO02719;2;O08279;20260831;2026-08-31;C0287;P049;S023;1;45774.55;0.08;42112.58
SO02720;1;O08280;20260831;2026-08-31;C0137;P043;S013;2;18814.93;0.08;34619.48
SO02721;1;O08283;20260831;2026-08-31;C0106;P013;S030;1;42802.45;0.05;40662.32
SO02721;2;O08283;20260831;2026-08-31;C0106;P050;S030;2;8961.4;0.05;17026.66
SO02722;1;O08295;20260831;2026-08-31;C0284;P049;S022;1;43680.3;0.05;45645.91
SO02723;1;O08296;20260831;2026-08-31;C0343;P032;S007;1;5051.37;0.03;5389.81
SO02724;1;O08298;20260831;2026-08-31;C0026;P026;S033;1;58426.05;0.12;51414.92
SO02724;2;O08298;20260831;2026-08-31;C0026;P040;S033;1;40834.09;0.08;37567.36
SO02725;1;O08303;20260831;2026-08-31;C0038;P015;S026;1;126183.36;0.05;119874.19
SO02726;1;O08306;20260831;2026-08-31;C0182;P009;S025;1;76554.4;0.03;74257.76
SO02726;2;O08306;20260831;2026-08-31;C0182;P032;S025;3;13745.5;0.08;37937.59
SO02727;1;O08307;20260831;2026-08-31;C0071;P001;S010;1;58876.25;0;58876.25
SO02728;1;O08310;20260817;2026-08-17;C0074;P020;S014;1;89015.47;0.05;93021.16
SO02729;1;O08314;20260831;2026-08-31;C0543;P014;S001;1;15536.66;0.08;14293.72
SO02729;2;O08314;20260831;2026-08-31;C0543;P047;S001;1;9332.09;0.08;8585.52
SO02729;3;O08314;20260831;2026-08-31;C0543;P014;S001;1;15196.81;0.08;13981.06
SO02730;1;O08316;20260824;2026-08-24;C0025;P007;S007;1;83304.18;0.08;84303.83
SO02730;2;O08316;20260824;2026-08-24;C0025;P045;S007;1;99238.62;0.03;105887.6
SO02730;3;O08316;20260824;2026-08-24;C0025;P049;S007;1;72262.27;0.08;73129.41
SO02731;1;O08321;20260831;2026-08-31;C0035;P006;S007;1;90302.86;0.05;94366.49
SO02732;1;O08324;20260824;2026-08-24;C0216;P020;S014;1;41902.56;0.03;44710.03
SO02733;1;O08325;20260824;2026-08-24;C0016;P040;S005;1;114671.72;0.03;111231.57
SO02733;2;O08325;20260824;2026-08-24;C0016;P043;S005;1;72146.73;0.08;66374.99
SO02734;1;O08327;20260831;2026-08-31;C0025;P020;S015;1;79232.49;0.08;72893.89
SO02734;2;O08327;20260831;2026-08-31;C0025;P049;S015;1;85185.01;0;85185.01
SO02735;1;O08329;20260821;2026-08-21;C0006;P028;S022;1;249978.15;0;274975.97
SO02736;1;O08337;20260831;2026-08-31;C0540;P002;S029;1;29723.94;0.05;28237.74
SO02736;2;O08337;20260831;2026-08-31;C0540;P049;S029;1;18175.63;0.08;16721.58
SO02736;3;O08337;20260831;2026-08-31;C0540;P045;S029;1;26790.1;0.12;23575.29
SO02737;1;O08340;20260831;2026-08-31;C0200;P014;S015;1;34919.97;0.05;33173.97
SO02738;1;O08343;20260831;2026-08-31;C0035;P047;S036;1;63854.79;0.03;61939.15
SO02739;1;O08354;20260831;2026-08-31;C0398;P033;S011;1;8418.85;0.08;7745.34
SO02739;2;O08354;20260831;2026-08-31;C0398;P047;S011;1;11655.16;0.03;11305.5
SO02740;1;O08356;20260831;2026-08-31;C0569;P001;S007;1;13870.07;0.12;13426.23
SO02741;1;O08359;20260831;2026-08-31;C0204;P036;S022;1;48399.75;0.08;48980.55
SO02742;1;O08361;20260831;2026-08-31;C0202;P044;S012;2;11955.23;0.03;23193.14
SO02743;1;O08362;20260831;2026-08-31;C0062;P020;S033;1;75386.77;0.08;69355.83
SO02744;1;O08363;20260831;2026-08-31;C0024;P018;S032;1;54028.01;0.03;52407.17
SO02745;1;O08366;20260831;2026-08-31;C0189;P014;S024;1;40914.38;0.03;39686.95
SO02746;1;O08371;20260831;2026-08-31;C0507;P040;S029;1;19746.43;0;19746.43
SO02746;2;O08371;20260831;2026-08-31;C0507;P050;S029;1;8650.42;0;8650.42
SO02747;1;O08382;20260824;2026-08-24;C0059;P016;S030;1;36900.93;0.03;35793.9
SO02747;2;O08382;20260824;2026-08-24;C0059;P006;S030;1;144261.4;0.08;132720.49
SO02748;1;O08383;20260831;2026-08-31;C0227;P013;S020;1;62313.49;0.08;57328.42
SO02748;2;O08383;20260831;2026-08-31;C0227;P037;S020;2;7181.92;0.03;13932.92
SO02749;1;O08384;20260831;2026-08-31;C0060;P008;S028;1;138385.52;0.05;131466.25
SO02750;1;O08389;20260831;2026-08-31;C0014;P042;S003;1;116981.07;0.03;124818.8
SO02751;1;O08390;20260831;2026-08-31;C0006;P043;S013;2;46926.74;0.08;86345.2
SO02751;2;O08390;20260831;2026-08-31;C0006;P004;S013;1;165267.27;0.03;160309.25
SO02751;3;O08390;20260831;2026-08-31;C0006;P015;S013;1;258125.77;0.03;250381.99
SO02752;1;O08393;20260827;2026-08-27;C0014;P015;S003;1;307618.51;0.08;311309.93
SO02753;1;O08396;20260831;2026-08-31;C0007;P015;S022;1;288051.38;0.12;278833.74
SO02754;1;O08403;20260828;2026-08-28;C0596;P006;S011;1;26879.75;0.05;25535.76
SO02755;1;O08405;20260831;2026-08-31;C0103;P016;S028;1;24189.02;0;24189.02
SO02755;2;O08405;20260831;2026-08-31;C0103;P048;S028;1;25575.43;0.08;23529.4
SO02755;3;O08405;20260831;2026-08-31;C0103;P041;S028;1;35175.2;0.08;32361.19
SO02756;1;O08410;20260831;2026-08-31;C0271;P013;S017;1;58065.06;0;58065.06
SO02757;1;O08411;20260831;2026-08-31;C0206;P016;S028;1;18320.01;0.08;16854.41
SO02758;1;O08412;20260826;2026-08-26;C0299;P027;S010;1;28675.94;0;28675.94
SO02759;1;O08415;20260831;2026-08-31;C0007;P023;S023;1;235009.57;0.08;216208.81
SO02760;1;O08419;20260831;2026-08-31;C0089;P019;S040;1;40492.38;0.05;38467.76
SO02761;1;O08421;20260826;2026-08-26;C0034;P010;S028;1;105497.03;0;105497.03
SO02762;1;O08426;20260823;2026-08-23;C0266;P007;S016;1;35826.89;0;35826.89
SO02763;1;O08429;20260831;2026-08-31;C0024;P042;S032;1;65302.85;0;65302.85
SO02764;1;O08431;20260831;2026-08-31;C0027;P011;S017;1;46978.82;0.08;43220.52
SO02764;2;O08431;20260831;2026-08-31;C0027;P047;S017;1;60008.75;0.08;55208.05
SO02764;3;O08431;20260831;2026-08-31;C0027;P031;S017;3;21944.0;0.03;63857.04
SO02765;1;O08438;20260831;2026-08-31;C0509;P003;S023;1;10703.62;0.12;9419.19
SO02766;1;O08440;20260831;2026-08-31;C0049;P011;S022;1;49357.33;0.05;51578.41
SO02767;1;O08441;20260828;2026-08-28;C0081;P012;S028;1;51702.26;0.08;47566.08
SO02768;1;O08449;20260831;2026-08-31;C0200;P008;S007;1;77426.1;0.08;78355.21
SO02769;1;O08450;20260831;2026-08-31;C0537;P040;S039;1;11521.06;0.05;10945.0
SO02769;2;O08450;20260831;2026-08-31;C0537;P042;S039;1;22010.53;0.05;20910.01
SO02769;3;O08450;20260831;2026-08-31;C0537;P035;S039;1;31999.52;0.08;29439.56
SO02770;1;O08454;20260830;2026-08-30;C0045;P040;S019;1;46878.67;0.05;44534.74
SO02770;2;O08454;20260830;2026-08-30;C0045;P020;S019;1;102568.18;0.05;97439.77
SO02770;3;O08454;20260830;2026-08-30;C0045;P045;S019;1;96521.54;0.05;91695.47
SO02771;1;O08460;20260831;2026-08-31;C0019;P014;S013;1;148527.07;0.05;141100.71
SO02772;1;O08461;20260822;2026-08-22;C0024;P030;S031;1;38505.79;0.08;35425.33
SO02773;1;O08463;20260825;2026-08-25;C0011;P005;S008;1;187704.56;0.05;178319.33
SO02774;1;O08479;20260831;2026-08-31;C0087;P009;S021;1;97380.1;0.03;94458.7
SO02774;2;O08479;20260831;2026-08-31;C0087;P050;S021;1;18762.84;0.03;18199.95
SO02775;1;O08481;20260831;2026-08-31;C0129;P001;S022;1;33816.19;0;37197.81
SO02775;2;O08481;20260831;2026-08-31;C0129;P013;S022;1;44744.02;0.03;47741.87
SO02776;1;O08487;20260831;2026-08-31;C0668;P018;S014;1;16421.64;0.08;16618.7
SO02776;2;O08487;20260831;2026-08-31;C0668;P046;S014;1;15299.82;0.05;15988.31
SO02777;1;O08493;20260831;2026-08-31;C0202;P008;S012;1;66668.89;0.08;61335.38
SO02778;1;O08498;20260823;2026-08-23;C0060;P044;S032;1;26643.71;0;26643.71
SO02779;1;O08502;20260831;2026-08-31;C0331;P026;S034;1;14857.81;0.08;13669.18
SO02779;2;O08502;20260831;2026-08-31;C0331;P050;S034;3;5667.12;0.08;15641.25
SO02780;1;O08510;20260831;2026-08-31;C0108;P038;S028;3;6177.03;0;18531.09
SO02781;1;O08513;20260831;2026-08-31;C0026;P038;S030;3;13397.17;0;40191.52
SO02782;1;O08515;20260831;2026-08-31;C0264;P050;S002;2;12972.97;0.08;23870.26
SO02783;1;O08519;20260824;2026-08-24;C0495;P018;S026;1;18238.71;0;18238.71
SO02783;2;O08519;20260824;2026-08-24;C0495;P046;S026;1;10915.34;0;10915.34
SO02784;1;O08524;20260831;2026-08-31;C0040;P043;S003;3;24777.23;0.05;77676.61
SO02785;1;O08526;20260831;2026-08-31;C0081;P017;S022;1;129835.61;0.03;138534.6
SO02785;2;O08526;20260831;2026-08-31;C0081;P010;S022;1;103466.51;0.12;100155.58
SO02785;3;O08526;20260831;2026-08-31;C0081;P049;S022;1;66803.91;0.05;69810.09
SO02786;1;O08528;20260825;2026-08-25;C0170;P038;S035;3;7568.92;0.08;20890.21
SO02787;1;O08530;20260831;2026-08-31;C0036;P002;S032;1;102554.77;0.08;94350.39
SO02787;2;O08530;20260831;2026-08-31;C0036;P045;S032;1;89146.36;0.08;82014.65
SO02787;3;O08530;20260831;2026-08-31;C0036;P044;S032;3;18928.62;0;56785.86
SO02788;1;O08535;20260828;2026-08-28;C0517;P013;S037;1;31959.84;0.05;30361.85
SO02788;2;O08535;20260828;2026-08-28;C0517;P034;S037;1;24586.99;0.08;22620.03
SO02788;3;O08535;20260828;2026-08-28;C0517;P043;S037;3;9215.63;0.08;25435.13
SO02789;1;O08536;20260831;2026-08-31;C0191;P047;S011;1;39207.54;0;39207.54
SO02789;2;O08536;20260831;2026-08-31;C0191;P041;S011;1;27218.77;0.03;26402.21
SO02790;1;O08544;20260831;2026-08-31;C0612;P035;S035;1;50684.67;0.12;44602.51
SO02790;2;O08544;20260831;2026-08-31;C0612;P049;S035;1;22344.91;0;22344.91
SO02791;1;O08561;20260822;2026-08-22;C0363;P037;S003;3;3935.99;0.08;11949.67
SO02792;1;O08563;20260831;2026-08-31;C0113;P027;S014;1;38864.57;0;42751.03
SO02793;1;O08565;20260831;2026-08-31;C0228;P030;S022;1;16384.76;0.05;17122.08
SO02793;2;O08565;20260831;2026-08-31;C0228;P048;S022;1;25932.63;0.08;26243.82
SO02794;1;O08566;20260831;2026-08-31;C0583;P019;S030;1;9908.72;0.03;9611.45
SO02795;1;O08572;20260831;2026-08-31;C0054;P016;S023;1;47564.16;0.08;43759.03
SO02796;1;O08573;20260831;2026-08-31;C0055;P036;S009;1;84569.46;0;84569.46
SO02797;1;O08575;20260831;2026-08-31;C0147;P028;S014;1;62269.82;0.03;66441.89
SO02797;2;O08575;20260831;2026-08-31;C0147;P046;S014;1;21253.38;0.05;22209.78
SO02797;3;O08575;20260831;2026-08-31;C0147;P024;S014;1;18724.1;0;20596.51
SO02798;1;O08576;20260831;2026-08-31;C0233;P011;S040;1;24249.37;0.03;23521.89
SO02799;1;O08583;20260831;2026-08-31;C0176;P015;S027;1;61089.17;0;61089.17
SO02799;2;O08583;20260831;2026-08-31;C0176;P014;S027;1;43527.22;0;43527.22
SO02800;1;O08588;20260831;2026-08-31;C0013;P009;S002;1;271412.45;0.08;249699.46
SO02800;2;O08588;20260831;2026-08-31;C0013;P022;S002;1;91889.27;0;91889.27
SO02801;1;O08590;20260831;2026-08-31;C0291;P045;S003;1;60827.43;0.03;64902.87
SO02802;1;O08592;20260830;2026-08-30;C0216;P015;S028;1;55422.72;0.05;52651.58
SO02802;2;O08592;20260830;2026-08-30;C0216;P044;S028;2;10701.33;0.08;19690.45
SO02803;1;O08600;20260831;2026-08-31;C0084;P045;S013;1;80201.19;0.05;76191.13
SO02803;2;O08600;20260831;2026-08-31;C0084;P030;S013;1;28927.23;0;28927.23
SO02804;1;O08601;20260831;2026-08-31;C0037;P020;S016;1;56433.97;0.08;51919.25
SO02805;1;O08603;20260831;2026-08-31;C0029;P039;S014;1;24550.01;0;27005.02
SO02806;1;O08607;20260829;2026-08-29;C0036;P017;S033;1;206024.27;0.05;195723.05
SO02807;1;O08612;20260831;2026-08-31;C0586;P028;S030;1;33531.38;0.05;31854.81
SO02808;1;O08614;20260831;2026-08-31;C0150;P031;S035;1;15557.56;0.03;15090.83
SO02809;1;O08616;20260829;2026-08-29;C0046;P008;S022;1;162004.35;0.05;169294.54
SO02809;2;O08616;20260829;2026-08-29;C0046;P030;S022;1;36065.99;0;39672.58
SO02810;1;O08621;20260831;2026-08-31;C0160;P009;S003;1;55067.54;0.05;57545.58
SO02810;2;O08621;20260831;2026-08-31;C0160;P047;S003;1;28423.2;0;31265.52
SO02811;1;O08624;20260828;2026-08-28;C0027;P008;S001;1;140614.51;0.08;129365.35
SO02811;2;O08624;20260828;2026-08-28;C0027;P049;S001;1;64324.55;0.03;62394.82
SO02811;3;O08624;20260828;2026-08-28;C0027;P044;S001;2;20057.31;0;40114.62
SO02812;1;O08625;20260831;2026-08-31;C0516;P030;S022;1;14022.6;0.03;14962.11
SO02813;1;O08628;20260831;2026-08-31;C0007;P043;S014;2;54560.46;0.03;116432.03
SO02814;1;O08632;20260831;2026-08-31;C0017;P026;S014;1;161005.99;0.05;168251.26
SO02815;1;O08639;20260831;2026-08-31;C0206;P011;S005;1;17792.02;0;17792.02
SO02816;1;O08643;20260831;2026-08-31;C0041;P030;S022;1;27445.58;0.08;27774.93
SO02817;1;O08644;20260830;2026-08-30;C0291;P010;S002;1;68040.15;0;68040.15
SO02817;2;O08644;20260830;2026-08-30;C0291;P027;S002;1;54537.95;0.05;51811.05
SO02817;3;O08644;20260830;2026-08-30;C0291;P022;S002;1;34005.87;0;34005.87
SO02818;1;O08645;20260831;2026-08-31;C0040;P001;S007;1;42424.93;0.03;45267.4
SO02818;2;O08645;20260831;2026-08-31;C0040;P020;S007;1;54720.9;0.12;52969.84
SO02818;3;O08645;20260831;2026-08-31;C0040;P020;S007;1;62487.64;0.05;65299.59
SO02819;1;O08650;20260831;2026-08-31;C0666;P007;S007;1;25142.57;0.12;24338.01
SO02819;2;O08650;20260831;2026-08-31;C0666;P049;S007;1;23607.31;0;25968.04
SO02820;1;O08651;20260831;2026-08-31;C0675;P018;S012;1;21684.99;0;21684.99
SO02820;2;O08651;20260831;2026-08-31;C0675;P008;S012;1;57955.05;0.05;55057.3
SO02820;3;O08651;20260831;2026-08-31;C0675;P009;S012;1;45888.21;0.08;42217.16
SO02821;1;O08654;20260831;2026-08-31;C0234;P026;S003;1;27761.09;0;30537.2
SO02822;1;O08655;20260831;2026-08-31;C0630;P018;S029;1;15084.57;0.05;14330.34
SO02822;2;O08655;20260831;2026-08-31;C0630;P044;S029;3;6489.88;0.08;17912.07
